# Blender 3.6.5
# www.blender.org
mtllib dangomap_expanded.mtl
o bsp_model_0
v -3007.044434 2155.593750 6153.341797
v -3007.044434 2455.593750 6153.341797
v -3707.044189 2455.593750 6153.341797
v -3707.044189 2155.593750 6153.341797
v -4207.044434 2455.593750 6153.341797
v -4207.044434 2155.593750 6153.341797
v -3407.044189 1455.593872 6153.341797
v -3007.044434 1455.593872 6153.341797
v -3407.044189 2155.593750 6153.341797
v -4207.044434 1755.593872 6153.341797
v -4607.044434 2455.593750 6153.341797
v -4607.044434 1755.593872 6153.341797
v -4607.044434 1455.593872 6153.341797
v -4207.044434 1455.593872 6153.341797
v -5207.044434 1255.593872 6153.341797
v -4607.044434 1255.593872 6153.341797
v -5207.044434 1455.593872 6153.341797
v -4407.044434 1255.593872 6153.341797
v -3707.044189 1255.593872 6153.341797
v -3707.044189 1455.593872 6153.341797
v -4407.044434 1455.593872 6153.341797
v -3007.044434 1255.593872 6153.341797
v -5307.044434 1255.593872 6153.341797
v -5207.044434 1405.593872 6153.341797
v -5307.044434 1405.593872 6153.341797
v -5407.044434 1255.593872 6153.341797
v -5307.044434 1355.593872 6153.341797
v -5407.044434 1355.593872 6153.341797
v -5507.044434 1255.593872 6153.341797
v -5407.044434 1305.593872 6153.341797
v -5507.044434 1305.593872 6153.341797
v -5007.044434 1255.593872 6153.341797
v -5007.044434 1155.593872 6153.341797
v -4607.044434 1155.593872 6153.341797
v -3207.044189 1255.593872 6153.341797
v -3907.044189 1255.593872 6153.341797
v -3907.044189 1155.593872 6153.341797
v -3207.044189 1155.593872 6153.341797
v -3007.044434 1155.593872 6153.341797
v -4707.044434 1155.593872 6153.341797
v -4807.044434 1155.593872 6153.341797
v -4807.044434 1105.593872 6153.341797
v -4707.044434 1105.593872 6153.341797
v -4907.044434 1155.593872 6153.341797
v -4907.044434 1055.593872 6153.341797
v -4807.044434 1055.593872 6153.341797
v -5007.044434 1005.593872 6153.341797
v -4907.044434 1005.593872 6153.341797
v -5007.044434 955.593872 6153.341797
v -5107.044434 1255.593872 6153.341797
v -5107.044434 955.593872 6153.341797
v -5207.044434 905.593872 6153.341797
v -5107.044434 905.593872 6153.341797
v -5307.044434 855.593872 6153.341797
v -5207.044434 855.593872 6153.341797
v -5307.044434 805.593872 6153.341797
v -5407.044434 805.593872 6153.341797
v -5507.044434 755.593872 6153.341797
v -5407.044434 755.593872 6153.341797
v -5607.044434 1255.593872 6153.341797
v -5607.044434 705.593872 6153.341797
v -5507.044434 705.593872 6153.341797
v -5607.044434 655.593872 6153.341797
v -5607.044434 1205.593872 6153.341797
v -5707.044434 1205.593872 6153.341797
v -5707.044434 655.593872 6153.341797
v -5707.044434 605.593872 6153.341797
v -5707.044434 1155.593872 6153.341797
v -5807.044434 1155.593872 6153.341797
v -5807.044434 605.593872 6153.341797
v -5807.044434 555.593872 6153.341797
v -5807.044434 1105.593872 6153.341797
v -5907.044434 1105.593872 6153.341797
v -5907.044434 555.593872 6153.341797
v -6107.044434 1005.593872 6153.341797
v -6107.044434 955.593872 6153.341797
v -6007.044434 955.593872 6153.341797
v -6007.044434 1005.593872 6153.341797
v -7107.044434 1255.593872 6153.341797
v -7807.044434 1255.593872 6153.341797
v -7807.044434 955.593872 6153.341797
v -7107.044434 955.593872 6153.341797
v -6407.044434 1255.593872 6153.341797
v -6407.044434 955.593872 6153.341797
v -6807.044434 955.593872 6153.341797
v -6807.044434 905.593872 6153.341797
v -6407.044434 905.593872 6153.341797
v -7207.044434 955.593872 6153.341797
v -7807.044434 905.593872 6153.341797
v -7207.044434 905.593872 6153.341797
v -6207.044434 905.593872 6153.341797
v -6307.044434 905.593872 6153.341797
v -6307.044434 855.593872 6153.341797
v -6207.044434 855.593872 6153.341797
v -7807.044434 855.593872 6153.341797
v -7107.044434 855.593872 6153.341797
v -7107.044434 905.593872 6153.341797
v -6407.044434 855.593872 6153.341797
v -6007.044434 505.593872 6153.341797
v -5907.044434 505.593872 6153.341797
v -5907.044434 1055.593872 6153.341797
v -6007.044434 1055.593872 6153.341797
v -6207.044434 455.593872 6153.341797
v -6007.044434 455.593872 6153.341797
v -6007.044434 555.593872 6153.341797
v -6207.044434 555.593872 6153.341797
v -6007.044434 605.593872 6153.341797
v -6207.044434 605.593872 6153.341797
v -6157.044434 705.593872 6153.341797
v -6207.044434 705.593872 6153.341797
v -6157.044434 605.593872 6153.341797
v -6057.044434 705.593872 6153.341797
v -6057.044434 605.593872 6153.341797
v -6007.044434 705.593872 6153.341797
v -6007.044434 755.593872 6153.341797
v -6207.044434 755.593872 6153.341797
v -6207.044434 955.593872 6153.341797
v -7007.044434 855.593872 6153.341797
v -7007.044434 455.593872 6153.341797
v -6307.044434 455.593872 6153.341797
v -7707.044434 855.593872 6153.341797
v -7707.044434 455.593872 6153.341797
v -8407.043945 855.593872 6153.341797
v -8407.043945 455.593872 6153.341797
v -9107.043945 855.593872 6153.341797
v -9107.043945 455.593872 6153.341797
v -9807.043945 855.593872 6153.341797
v -9807.043945 455.593872 6153.341797
v -9907.043945 855.593872 6153.341797
v -10607.043945 855.593872 6153.341797
v -10607.043945 955.593872 6153.341797
v -9907.043945 955.593872 6153.341797
v -9807.043945 955.593872 6153.341797
v -3207.044189 2555.593750 4553.341797
v -3907.044189 2555.593750 4553.341797
v -3907.044189 2455.593750 4553.341797
v -3207.044189 2455.593750 4553.341797
v -4607.044434 2555.593750 4553.341797
v -4607.044434 2455.593750 4553.341797
v -3007.044434 2555.593750 4553.341797
v -3007.044434 2455.593750 4553.341797
v -4607.044434 1855.593872 4553.341797
v -4807.044434 2555.593750 4553.341797
v -4807.044434 1855.593872 4553.341797
v -4807.044434 1555.593872 4553.341797
v -4607.044434 1555.593872 4553.341797
v -2807.044434 1855.593872 4553.341797
v -2807.044434 2555.593750 4553.341797
v -3007.044434 1855.593872 4553.341797
v -3007.044434 1555.593872 4553.341797
v -2807.044434 1555.593872 4553.341797
v -4607.044434 1505.593872 4553.341797
v -4207.044434 1555.593872 4553.341797
v -4207.044434 1505.593872 4553.341797
v -3507.044189 1555.593872 4553.341797
v -3507.044189 1505.593872 4553.341797
v -3407.044189 1555.593872 4553.341797
v -3407.044189 1505.593872 4553.341797
v -3007.044434 1505.593872 4553.341797
v -107.044411 1155.593872 -646.658325
v -7.044411 1155.593872 -646.658325
v -7.044411 1155.593872 -246.658325
v -107.044411 1155.593872 -246.658325
v 1892.955566 1155.593872 2053.341797
v 1992.955566 1155.593872 2053.341797
v 1992.955566 1155.593872 1853.341675
v 1892.955566 1155.593872 1853.341675
v 1692.955566 1155.593872 453.341675
v 1692.955566 1155.593872 1153.341675
v 1992.955566 1155.593872 1153.341675
v 1992.955566 1155.593872 453.341675
v 1692.955566 1155.593872 -246.658325
v 1992.955566 1155.593872 -246.658325
v 1692.955566 1155.593872 1853.341675
v 1692.955566 1155.593872 2053.341797
v 1692.955566 1155.593872 2153.341797
v 1992.955566 1155.593872 2153.341797
v 1592.955566 1155.593872 -1646.658325
v 1592.955566 1155.593872 -946.658325
v 1992.955566 1155.593872 -946.658325
v 1992.955566 1155.593872 -1646.658325
v 1592.955566 1155.593872 -646.658325
v 1992.955566 1155.593872 -646.658325
v 1492.955566 1155.593872 -1346.658325
v 1592.955566 1155.593872 -1346.658325
v 1592.955566 1155.593872 -1546.658325
v 1492.955566 1155.593872 -1546.658325
v 1292.955566 1155.593872 -1646.658325
v 1292.955566 1155.593872 -1546.658325
v 1292.955566 1155.593872 -1346.658325
v 1292.955566 1155.593872 -946.658325
v -107.044411 1155.593872 -1646.658325
v -807.044434 1155.593872 -1646.658325
v -807.044434 1155.593872 -946.658325
v -107.044411 1155.593872 -946.658325
v 592.955566 1155.593872 -1646.658325
v 592.955566 1155.593872 -946.658325
v -907.044434 1155.593872 -1646.658325
v -907.044434 1155.593872 -946.658325
v -1107.044434 1155.593872 -1646.658325
v -1107.044434 1155.593872 -1546.658325
v -907.044434 1155.593872 -1546.658325
v -1107.044434 1155.593872 -1346.658325
v -1107.044434 1155.593872 -946.658325
v -907.044434 1155.593872 -1346.658325
v -507.044403 1155.593872 -746.658325
v 192.955597 1155.593872 -746.658325
v 192.955597 1155.593872 -946.658325
v -507.044403 1155.593872 -946.658325
v 892.955566 1155.593872 -746.658325
v 892.955566 1155.593872 -946.658325
v 1592.955566 1155.593872 -746.658325
v -907.044434 1155.593872 -746.658325
v -507.044403 1155.593872 -646.658325
v 192.955597 1155.593872 -646.658325
v 892.955566 1155.593872 -646.658325
v -1107.044434 1155.593872 -746.658325
v -1107.044434 1155.593872 -646.658325
v -1207.044434 1155.593872 -1646.658325
v -1207.044434 1155.593872 -946.658325
v -1207.044434 1155.593872 -646.658325
v 492.955597 1155.593872 153.341675
v 1192.955566 1155.593872 153.341675
v 1192.955566 1155.593872 -246.658325
v 492.955597 1155.593872 -246.658325
v 392.955597 1155.593872 153.341675
v 392.955597 1155.593872 -246.658325
v 792.955566 1155.593872 153.341675
v 792.955566 1155.593872 553.341675
v 1192.955566 1155.593872 553.341675
v 1192.955566 1155.593872 1153.341675
v 1192.955566 1155.593872 1853.341675
v 1192.955566 1155.593872 453.341675
v 1192.955566 1155.593872 2153.341797
v 492.955597 1155.593872 1953.341675
v 492.955597 1155.593872 1253.341675
v 392.955597 1155.593872 1253.341675
v 392.955597 1155.593872 1953.341675
v 1192.955566 1155.593872 1953.341675
v 1192.955566 1155.593872 1253.341675
v 492.955597 1155.593872 553.341675
v 392.955597 1155.593872 553.341675
v 492.955597 1155.593872 2153.341797
v 392.955597 1155.593872 2153.341797
v -407.044403 1155.593872 453.341675
v -407.044403 1155.593872 1153.341675
v -307.044403 1155.593872 1153.341675
v -307.044403 1155.593872 453.341675
v 392.955597 1155.593872 1153.341675
v 392.955597 1155.593872 453.341675
v -307.044403 1155.593872 -246.658325
v -407.044403 1155.593872 -246.658325
v -307.044403 1155.593872 1753.341675
v 392.955597 1155.593872 1753.341675
v -407.044403 1155.593872 1753.341675
v -807.044434 1155.593872 453.341675
v -807.044434 1155.593872 1153.341675
v -807.044434 1155.593872 -246.658325
v -807.044434 1155.593872 1353.341675
v -407.044403 1155.593872 1353.341675
v -1207.044434 1155.593872 453.341675
v -1207.044434 1155.593872 1153.341675
v -1207.044434 1155.593872 -246.658325
v -1207.044434 1155.593872 1753.341675
v -807.044434 1155.593872 1753.341675
v -1007.044434 1155.593872 2153.341797
v -307.044403 1155.593872 2153.341797
v -1007.044434 1155.593872 1753.341675
v -1207.044434 1155.593872 2153.341797
v 1992.955566 1555.593872 1153.341675
v 1992.955566 1555.593872 1853.341675
v 1892.955566 1555.593872 1853.341675
v 1892.955566 1555.593872 1153.341675
v 1992.955566 1555.593872 453.341675
v 1892.955566 1555.593872 453.341675
v 1892.955566 1555.593872 -246.658325
v 1992.955566 1555.593872 -246.658325
v 1992.955566 1555.593872 2153.341797
v 1892.955566 1555.593872 2153.341797
v 1892.955566 1555.593872 -1646.658325
v 1992.955566 1555.593872 -1646.658325
v 1992.955566 1555.593872 -946.658325
v 1892.955566 1555.593872 -946.658325
v 1992.955566 1555.593872 -646.658325
v 1892.955566 1555.593872 -646.658325
v 1692.955566 1555.593872 -1546.658325
v 1692.955566 1555.593872 -1646.658325
v 1892.955566 1555.593872 -1546.658325
v 1692.955566 1555.593872 -946.658325
v 1692.955566 1555.593872 -1346.658325
v 1892.955566 1555.593872 -1346.658325
v 1692.955566 1555.593872 -146.658325
v 1692.955566 1555.593872 -246.658325
v 1892.955566 1555.593872 -146.658325
v 1692.955566 1555.593872 -646.658325
v 1692.955566 1555.593872 -746.658325
v 1892.955566 1555.593872 -746.658325
v 1892.955566 1555.593872 753.341675
v 1892.955566 1555.593872 1453.341675
v 1692.955566 1555.593872 1453.341675
v 1692.955566 1555.593872 753.341675
v 1692.955566 1555.593872 53.341675
v 1892.955566 1555.593872 53.341675
v 1692.955566 1555.593872 1853.341675
v 1692.955566 1555.593872 2153.341797
v 1692.955566 1555.593872 2053.341797
v 1892.955566 1555.593872 2053.341797
v 1692.955566 1555.593872 1153.341675
v 1592.955566 1555.593872 1853.341675
v 1592.955566 1555.593872 1153.341675
v 1692.955566 1555.593872 453.341675
v 1592.955566 1555.593872 453.341675
v 1592.955566 1555.593872 -246.658325
v 1592.955566 1555.593872 2153.341797
v 1192.955566 1555.593872 -946.658325
v 1192.955566 1555.593872 -1646.658325
v 1192.955566 1555.593872 -646.658325
v 1392.955566 1555.593872 353.341675
v 1592.955566 1555.593872 353.341675
v 1592.955566 1555.593872 553.341675
v 1592.955566 1555.593872 1353.341675
v 1392.955566 1555.593872 1353.341675
v 1192.955566 1555.593872 2053.341797
v 1192.955566 1555.593872 1353.341675
v 1592.955566 1555.593872 2053.341797
v 1192.955566 1555.593872 2153.341797
v 292.955597 1555.593872 -1646.658325
v 992.955566 1555.593872 -1646.658325
v 992.955566 1555.593872 -1546.658325
v 292.955597 1555.593872 -1546.658325
v -407.044403 1555.593872 -1646.658325
v -407.044403 1555.593872 -1546.658325
v -1107.044434 1555.593872 -1646.658325
v -1107.044434 1555.593872 -1546.658325
v 1192.955566 1555.593872 -1546.658325
v -207.044403 1555.593872 -1546.658325
v 492.955597 1555.593872 -1546.658325
v 492.955597 1555.593872 -1346.658325
v -207.044403 1555.593872 -1346.658325
v -907.044434 1555.593872 -1546.658325
v -907.044434 1555.593872 -1346.658325
v 1192.955566 1555.593872 -1346.658325
v 992.955566 1555.593872 -646.658325
v 292.955597 1555.593872 -646.658325
v 292.955597 1555.593872 -1346.658325
v 992.955566 1555.593872 -1346.658325
v -407.044403 1555.593872 -646.658325
v -407.044403 1555.593872 -1346.658325
v -1107.044434 1555.593872 -646.658325
v -1107.044434 1555.593872 -1346.658325
v 192.955597 1555.593872 -246.658325
v 892.955566 1555.593872 -246.658325
v 892.955566 1555.593872 353.341675
v 192.955597 1555.593872 353.341675
v -507.044403 1555.593872 -246.658325
v -507.044403 1555.593872 353.341675
v -1207.044434 1555.593872 353.341675
v -1207.044434 1555.593872 -246.658325
v -1207.044434 1555.593872 -1646.658325
v -1107.044434 1555.593872 -946.658325
v -1207.044434 1555.593872 -946.658325
v -1207.044434 1555.593872 -646.658325
v -807.044434 1555.593872 553.341675
v -1207.044434 1555.593872 553.341675
v -607.044434 1555.593872 353.341675
v 492.955597 1555.593872 753.341675
v 792.955566 1555.593872 753.341675
v 792.955566 1555.593872 953.341675
v 492.955597 1555.593872 953.341675
v -7.044411 1555.593872 753.341675
v 292.955597 1555.593872 753.341675
v 292.955597 1555.593872 953.341675
v -7.044411 1555.593872 953.341675
v -807.044434 1555.593872 953.341675
v -1207.044434 1555.593872 953.341675
v -207.044403 1555.593872 953.341675
v 492.955597 1555.593872 1153.341675
v -207.044403 1555.593872 1153.341675
v 992.955566 1555.593872 953.341675
v 992.955566 1555.593872 1153.341675
v 1192.955566 1555.593872 1153.341675
v 1192.955566 1555.593872 1853.341675
v 992.955566 1555.593872 1853.341675
v -407.044403 1555.593872 1853.341675
v -407.044403 1555.593872 1153.341675
v 292.955597 1555.593872 1153.341675
v 292.955597 1555.593872 1853.341675
v 992.955566 1555.593872 2153.341797
v 292.955597 1555.593872 2153.341797
v -407.044403 1555.593872 2153.341797
v -607.044434 1555.593872 1353.341675
v -807.044434 1555.593872 1353.341675
v -807.044434 1555.593872 1153.341675
v -407.044403 1555.593872 1353.341675
v -407.044403 1555.593872 2053.341797
v -807.044434 1555.593872 2053.341797
v -807.044434 1555.593872 2153.341797
v -1107.044434 1555.593872 953.341675
v -807.044434 1555.593872 1653.341675
v -1107.044434 1555.593872 1653.341675
v -807.044434 1555.593872 1853.341675
v -1107.044434 1555.593872 1853.341675
v -907.044434 1555.593872 2053.341797
v -907.044434 1555.593872 1853.341675
v -1107.044434 1555.593872 2153.341797
v -1107.044434 1555.593872 2053.341797
v -1207.044434 1555.593872 1653.341675
v -1207.044434 1555.593872 2153.341797
v -1407.044434 1555.593872 153.341675
v -2107.044434 1555.593872 153.341675
v -2107.044434 1555.593872 -246.658325
v -1407.044434 1555.593872 -246.658325
v -2807.044434 1555.593872 153.341675
v -2807.044434 1555.593872 -246.658325
v -1207.044434 1555.593872 153.341675
v -1407.044434 1555.593872 -646.658325
v -2107.044434 1555.593872 -646.658325
v -2107.044434 1555.593872 -1046.658325
v -1407.044434 1555.593872 -1046.658325
v -2807.044434 1555.593872 -646.658325
v -2807.044434 1555.593872 -1046.658325
v -1207.044434 1555.593872 -1046.658325
v -2807.044434 1555.593872 3253.341797
v -2807.044434 1555.593872 3953.341797
v -3407.044189 1555.593872 3953.341797
v -3407.044189 1555.593872 3253.341797
v -2807.044434 1555.593872 2553.341797
v -3407.044189 1555.593872 2553.341797
v -2807.044434 1555.593872 1853.341675
v -3407.044189 1555.593872 1853.341675
v -2807.044434 1555.593872 1153.341675
v -3407.044189 1555.593872 1153.341675
v -2807.044434 1555.593872 453.341675
v -3407.044189 1555.593872 453.341675
v -3407.044189 1555.593872 -246.658325
v -2007.044434 1555.593872 -646.658325
v -1307.044434 1555.593872 -646.658325
v -1307.044434 1555.593872 -246.658325
v -2007.044434 1555.593872 -246.658325
v -2707.044434 1555.593872 -646.658325
v -2707.044434 1555.593872 -246.658325
v -3407.044189 1555.593872 -646.658325
v -807.044434 1555.593872 -646.658325
v -807.044434 1555.593872 -246.658325
v -4207.044434 1555.593872 3253.341797
v -4207.044434 1555.593872 3953.341797
v -4807.044434 1555.593872 3953.341797
v -4807.044434 1555.593872 3253.341797
v -4207.044434 1555.593872 2553.341797
v -4807.044434 1555.593872 2553.341797
v -4207.044434 1555.593872 1853.341675
v -4807.044434 1555.593872 1853.341675
v -4207.044434 1555.593872 1153.341675
v -4807.044434 1555.593872 1153.341675
v -4207.044434 1555.593872 453.341675
v -4807.044434 1555.593872 453.341675
v -4207.044434 1555.593872 -246.658325
v -4807.044434 1555.593872 -246.658325
v -4207.044434 1555.593872 -946.658325
v -4807.044434 1555.593872 -946.658325
v -4207.044434 1555.593872 -1646.658325
v -4807.044434 1555.593872 -1646.658325
v -4207.044434 1555.593872 -2346.658203
v -4807.044434 1555.593872 -2346.658203
v -4807.044434 1555.593872 -3046.658203
v -4207.044434 1555.593872 -3046.658203
v -3407.044189 1555.593872 3153.341797
v -3407.044189 1555.593872 3853.341797
v -3507.044189 1555.593872 3853.341797
v -3507.044189 1555.593872 3153.341797
v -4207.044434 1555.593872 3853.341797
v -4207.044434 1555.593872 3153.341797
v -3407.044189 1555.593872 2453.341797
v -3507.044189 1555.593872 2453.341797
v -4207.044434 1555.593872 2453.341797
v -3407.044189 1555.593872 1753.341675
v -3507.044189 1555.593872 1753.341675
v -4207.044434 1555.593872 1753.341675
v -3407.044189 1555.593872 1053.341675
v -3507.044189 1555.593872 1053.341675
v -4207.044434 1555.593872 1053.341675
v -3407.044189 1555.593872 353.341675
v -3507.044189 1555.593872 353.341675
v -4207.044434 1555.593872 353.341675
v -3407.044189 1555.593872 -346.658325
v -3507.044189 1555.593872 -346.658325
v -4207.044434 1555.593872 -346.658325
v -3407.044189 1555.593872 -1046.658325
v -3507.044189 1555.593872 -1046.658325
v -4207.044434 1555.593872 -1046.658325
v -3407.044189 1555.593872 -1746.658325
v -3507.044189 1555.593872 -1746.658325
v -4207.044434 1555.593872 -1746.658325
v -3507.044189 1555.593872 -2446.658203
v -3407.044189 1555.593872 -2446.658203
v -4207.044434 1555.593872 -2446.658203
v -3507.044189 1555.593872 -3046.658203
v -3407.044189 1555.593872 -3046.658203
v -2807.044434 1555.593872 -1646.658325
v -2807.044434 1555.593872 -946.658325
v -3407.044189 1555.593872 -946.658325
v -3407.044189 1555.593872 -1646.658325
v -2807.044434 1555.593872 -2346.658203
v -3407.044189 1555.593872 -2346.658203
v -2807.044434 1555.593872 -3046.658203
v -4807.044434 1555.593872 -746.658325
v -4807.044434 1555.593872 -46.658325
v -5007.044434 1555.593872 -46.658325
v -5007.044434 1555.593872 -746.658325
v -5707.044434 1555.593872 -746.658325
v -5707.044434 1555.593872 -46.658325
v -6407.044434 1555.593872 -46.658325
v -6407.044434 1555.593872 -746.658325
v -5007.044434 1555.593872 -1446.658325
v -4807.044434 1555.593872 -1446.658325
v -6407.044434 1555.593872 -1446.658325
v -5707.044434 1555.593872 -1446.658325
v -5007.044434 1555.593872 553.341675
v -5707.044434 1555.593872 553.341675
v -6407.044434 1555.593872 553.341675
v -4807.044434 1555.593872 553.341675
v -4807.044434 2555.593750 3253.341797
v -4807.044434 2555.593750 3953.341797
v -4207.044434 2555.593750 3953.341797
v -4207.044434 2555.593750 3253.341797
v -4807.044434 2555.593750 2553.341797
v -4207.044434 2555.593750 2553.341797
v -4807.044434 2555.593750 1853.341675
v -4207.044434 2555.593750 1853.341675
v -4807.044434 2555.593750 1153.341675
v -4207.044434 2555.593750 1153.341675
v -4807.044434 2555.593750 453.341675
v -4207.044434 2555.593750 453.341675
v -4807.044434 2555.593750 -246.658325
v -4207.044434 2555.593750 -246.658325
v -4807.044434 2555.593750 -946.658325
v -4207.044434 2555.593750 -946.658325
v -4807.044434 2555.593750 -1646.658325
v -4207.044434 2555.593750 -1646.658325
v -4807.044434 2555.593750 -2346.658203
v -4207.044434 2555.593750 -2346.658203
v -4207.044434 2555.593750 -3046.658203
v -4807.044434 2555.593750 -3046.658203
v -4207.044434 2555.593750 4553.341797
v -3407.044189 2555.593750 3953.341797
v -4107.044434 2555.593750 3953.341797
v -4107.044434 2555.593750 4553.341797
v -3407.044189 2555.593750 4553.341797
v -4107.044434 2555.593750 3153.341797
v -4207.044434 2555.593750 3153.341797
v -4207.044434 2555.593750 3853.341797
v -4107.044434 2555.593750 3853.341797
v -3407.044189 2555.593750 3853.341797
v -3407.044189 2555.593750 3153.341797
v -4207.044434 2555.593750 2053.341797
v -4207.044434 2555.593750 2753.341797
v -4107.044434 2555.593750 2753.341797
v -4107.044434 2555.593750 2053.341797
v -3407.044189 2555.593750 2753.341797
v -3407.044189 2555.593750 2053.341797
v -4207.044434 2555.593750 1353.341675
v -4107.044434 2555.593750 1353.341675
v -3407.044189 2555.593750 1353.341675
v -4207.044434 2555.593750 653.341675
v -4107.044434 2555.593750 653.341675
v -3407.044189 2555.593750 653.341675
v -4107.044434 2555.593750 -46.658325
v -4207.044434 2555.593750 -46.658325
v -3407.044189 2555.593750 -46.658325
v -4107.044434 2555.593750 -846.658325
v -4207.044434 2555.593750 -846.658325
v -4207.044434 2555.593750 -146.658325
v -4107.044434 2555.593750 -146.658325
v -3407.044189 2555.593750 -146.658325
v -3407.044189 2555.593750 -846.658325
v -4107.044434 2555.593750 -946.658325
v -4107.044434 2555.593750 -1646.658325
v -3407.044189 2555.593750 -946.658325
v -3407.044189 2555.593750 -1646.658325
v -4107.044434 2555.593750 -2346.658203
v -3407.044189 2555.593750 -2346.658203
v -4107.044434 2555.593750 -3046.658203
v -3407.044189 2555.593750 -3046.658203
v -3407.044189 2555.593750 3253.341797
v -2807.044434 2555.593750 3953.341797
v -2807.044434 2555.593750 3253.341797
v -3407.044189 2555.593750 2553.341797
v -2807.044434 2555.593750 2553.341797
v -3407.044189 2555.593750 1853.341675
v -2807.044434 2555.593750 1853.341675
v -3407.044189 2555.593750 1153.341675
v -2807.044434 2555.593750 1153.341675
v -3407.044189 2555.593750 453.341675
v -2807.044434 2555.593750 453.341675
v -3407.044189 2555.593750 -246.658325
v -2807.044434 2555.593750 -246.658325
v -2807.044434 2555.593750 -946.658325
v -2807.044434 2555.593750 -1646.658325
v -2807.044434 2555.593750 -2346.658203
v -2807.044434 2555.593750 -3046.658203
v -6207.044434 2555.593750 -46.658325
v -6207.044434 2555.593750 -746.658325
v -6407.044434 2555.593750 -746.658325
v -6407.044434 2555.593750 -46.658325
v -4807.044434 2555.593750 -46.658325
v -4807.044434 2555.593750 -746.658325
v -5507.044434 2555.593750 -746.658325
v -5507.044434 2555.593750 -46.658325
v -6207.044434 2555.593750 -1446.658325
v -6407.044434 2555.593750 -1446.658325
v -4807.044434 2555.593750 -1446.658325
v -5507.044434 2555.593750 -1446.658325
v -6207.044434 2555.593750 553.341675
v -5507.044434 2555.593750 553.341675
v -4807.044434 2555.593750 553.341675
v -6407.044434 2555.593750 553.341675
v -2807.044434 2155.593750 -2346.658203
v -2807.044434 2155.593750 -1646.658325
v -2807.044434 1955.593872 -1646.658325
v -2807.044434 1955.593872 -2346.658203
v -2807.044434 1955.593872 -3046.658203
v -2807.044434 2155.593750 -3046.658203
v -2807.044434 2155.593750 -1046.658325
v -2807.044434 1955.593872 -1046.658325
v -2807.044434 2155.593750 3953.341797
v -2807.044434 2155.593750 3253.341797
v -2807.044434 2155.593750 2553.341797
v -2807.044434 2155.593750 1853.341675
v -2807.044434 2155.593750 1153.341675
v -2807.044434 2155.593750 453.341675
v -2807.044434 2155.593750 -246.658325
v -2807.044434 2155.593750 -946.658325
v -2807.044434 2155.593750 4553.341797
v -2807.044434 1955.593872 -2046.658325
v -2807.044434 1955.593872 -1346.658325
v -2807.044434 1755.593872 -1346.658325
v -2807.044434 1755.593872 -2046.658325
v -2807.044434 1955.593872 -2746.658203
v -2807.044434 1755.593872 -2746.658203
v -2807.044434 1755.593872 -3446.658203
v -2807.044434 1955.593872 -3446.658203
v -2807.044434 1755.593872 -1046.658325
v -2807.044434 1555.593872 4353.341797
v -2807.044434 1555.593872 3653.341797
v -2807.044434 2155.593750 3653.341797
v -2807.044434 2155.593750 4353.341797
v -2807.044434 1555.593872 2953.341797
v -2807.044434 2155.593750 2953.341797
v -2807.044434 1555.593872 2253.341797
v -2807.044434 2155.593750 2253.341797
v -2807.044434 1555.593872 1553.341675
v -2807.044434 2155.593750 1553.341675
v -2807.044434 1555.593872 853.341675
v -2807.044434 2155.593750 853.341675
v -2807.044434 2155.593750 153.341675
v -2807.044434 1755.593872 -2446.658203
v -2807.044434 1755.593872 -1746.658325
v -2807.044434 1555.593872 -1746.658325
v -2807.044434 1555.593872 -2446.658203
v -2807.044434 1755.593872 -3146.658203
v 1892.955566 2155.593750 -1346.658325
v 1992.955566 2155.593750 -1346.658325
v 1992.955566 2155.593750 -1546.658325
v 1892.955566 2155.593750 -1546.658325
v -407.044403 2155.593750 -1346.658325
v 292.955597 2155.593750 -1346.658325
v 292.955597 2155.593750 -1546.658325
v -407.044403 2155.593750 -1546.658325
v 992.955566 2155.593750 -1346.658325
v 992.955566 2155.593750 -1546.658325
v 1692.955566 2155.593750 -1346.658325
v 1692.955566 2155.593750 -1546.658325
v -907.044434 2155.593750 -1346.658325
v -907.044434 2155.593750 -1546.658325
v -807.044434 2155.593750 -1546.658325
v -107.044411 2155.593750 -1546.658325
v -107.044411 2155.593750 -1646.658325
v -807.044434 2155.593750 -1646.658325
v 592.955566 2155.593750 -1546.658325
v 592.955566 2155.593750 -1646.658325
v 1292.955566 2155.593750 -1546.658325
v 1292.955566 2155.593750 -1646.658325
v 1992.955566 2155.593750 -1646.658325
v -1107.044434 2155.593750 -1646.658325
v -1107.044434 2155.593750 -1546.658325
v -807.044434 2155.593750 -946.658325
v -107.044411 2155.593750 -946.658325
v -107.044411 2155.593750 -1346.658325
v -807.044434 2155.593750 -1346.658325
v 592.955566 2155.593750 -946.658325
v 592.955566 2155.593750 -1346.658325
v 1292.955566 2155.593750 -946.658325
v 1292.955566 2155.593750 -1346.658325
v 1992.955566 2155.593750 -946.658325
v -1107.044434 2155.593750 -1346.658325
v -1107.044434 2155.593750 -946.658325
v -1207.044434 2155.593750 -1646.658325
v -1207.044434 2155.593750 -946.658325
v 1892.955566 2155.593750 -746.658325
v 1992.955566 2155.593750 -746.658325
v 1892.955566 2155.593750 -946.658325
v 1892.955566 2155.593750 53.341675
v 1992.955566 2155.593750 53.341675
v 1992.955566 2155.593750 -146.658325
v 1892.955566 2155.593750 -146.658325
v 1692.955566 2155.593750 -746.658325
v 1692.955566 2155.593750 -146.658325
v -1107.044434 2155.593750 -246.658325
v -1207.044434 2155.593750 -246.658325
v 1692.955566 2155.593750 -246.658325
v 1692.955566 2155.593750 -946.658325
v 992.955566 2155.593750 -946.658325
v 992.955566 2155.593750 -246.658325
v 292.955597 2155.593750 -946.658325
v 292.955597 2155.593750 -246.658325
v -407.044403 2155.593750 -946.658325
v -407.044403 2155.593750 -246.658325
v -1107.044434 2155.593750 353.341675
v -407.044403 2155.593750 353.341675
v 292.955597 2155.593750 353.341675
v 992.955566 2155.593750 353.341675
v 1692.955566 2155.593750 353.341675
v -1207.044434 2155.593750 353.341675
v 1892.955566 2155.593750 2053.341797
v 1992.955566 2155.593750 2053.341797
v 1992.955566 2155.593750 1853.341675
v 1892.955566 2155.593750 1853.341675
v 1992.955566 2155.593750 1453.341675
v 1992.955566 2155.593750 753.341675
v 1692.955566 2155.593750 753.341675
v 1692.955566 2155.593750 1453.341675
v 1692.955566 2155.593750 53.341675
v 1692.955566 2155.593750 1853.341675
v 1692.955566 2155.593750 2053.341797
v 1692.955566 2155.593750 2153.341797
v 1992.955566 2155.593750 2153.341797
v -807.044434 2155.593750 1053.341675
v -807.044434 2155.593750 1753.341675
v -407.044403 2155.593750 1753.341675
v -407.044403 2155.593750 1053.341675
v 1692.955566 2155.593750 1753.341675
v 1692.955566 2155.593750 1053.341675
v 992.955566 2155.593750 1053.341675
v 992.955566 2155.593750 1753.341675
v 292.955597 2155.593750 1053.341675
v 292.955597 2155.593750 1753.341675
v -807.044434 2155.593750 353.341675
v -407.044403 2155.593750 2153.341797
v 292.955597 2155.593750 2153.341797
v 992.955566 2155.593750 2153.341797
v -807.044434 2155.593750 2153.341797
v -907.044434 2155.593750 2053.341797
v -807.044434 2155.593750 2053.341797
v -807.044434 2155.593750 1853.341675
v -907.044434 2155.593750 1853.341675
v -1107.044434 2155.593750 1053.341675
v -1107.044434 2155.593750 1753.341675
v -1107.044434 2155.593750 1853.341675
v -1107.044434 2155.593750 2053.341797
v -1107.044434 2155.593750 2153.341797
v -1207.044434 2155.593750 1053.341675
v -1207.044434 2155.593750 1753.341675
v -1207.044434 2155.593750 2153.341797
v -2607.044434 2155.593750 -1046.658325
v -2807.044434 2155.593750 -346.658325
v -2607.044434 2155.593750 -346.658325
v -1207.044434 2155.593750 -346.658325
v -1207.044434 2155.593750 -1046.658325
v -1907.044434 2155.593750 -1046.658325
v -1907.044434 2155.593750 -346.658325
v -2607.044434 2155.593750 153.341675
v -1907.044434 2155.593750 153.341675
v -1207.044434 2155.593750 153.341675
v 1142.955566 1755.593872 753.341675
v 1192.955566 1755.593872 753.341675
v 1192.955566 1755.593872 903.341675
v 1142.955566 1755.593872 903.341675
v 1042.955566 1755.593872 753.341675
v 1142.955566 1755.593872 803.341675
v 1042.955566 1755.593872 803.341675
v 992.955566 1755.593872 753.341675
v 1042.955566 1755.593872 903.341675
v 992.955566 1755.593872 903.341675
v -257.044403 1755.593872 753.341675
v -207.044403 1755.593872 753.341675
v -207.044403 1755.593872 903.341675
v -257.044403 1755.593872 903.341675
v -357.044403 1755.593872 753.341675
v -257.044403 1755.593872 803.341675
v -357.044403 1755.593872 803.341675
v -407.044403 1755.593872 903.341675
v -407.044403 1755.593872 753.341675
v -357.044403 1755.593872 903.341675
v -407.044403 1755.593872 953.341675
v -207.044403 1755.593872 953.341675
v 1192.955566 1755.593872 953.341675
v 992.955566 1755.593872 953.341675
v -1207.044434 1755.593872 -1646.658325
v -1207.044434 1755.593872 -1046.658325
v -1207.044434 2155.593750 1453.341675
v -1207.044434 2155.593750 753.341675
v -1207.044434 1755.593872 753.341675
v -1207.044434 1755.593872 1453.341675
v -1207.044434 1755.593872 2153.341797
v -1207.044434 1755.593872 153.341675
v 692.955566 2055.593750 353.341675
v -7.044411 2055.593750 353.341675
v -7.044411 1755.593872 353.341675
v 692.955566 1755.593872 353.341675
v 1392.955566 1755.593872 353.341675
v 1392.955566 2055.593750 353.341675
v -607.044434 2055.593750 353.341675
v -607.044434 1755.593872 353.341675
v 892.955566 2155.593750 -1646.658325
v 1592.955566 2155.593750 -1646.658325
v 1592.955566 1755.593872 -1646.658325
v 892.955566 1755.593872 -1646.658325
v 192.955597 2155.593750 -1646.658325
v 192.955597 1755.593872 -1646.658325
v -507.044403 2155.593750 -1646.658325
v -507.044403 1755.593872 -1646.658325
v 1992.955566 1755.593872 -1646.658325
v 1992.955566 1755.593872 -246.658325
v 1992.955566 1755.593872 -946.658325
v 1992.955566 2155.593750 -246.658325
v 1992.955566 2155.593750 353.341675
v 1992.955566 1755.593872 353.341675
v 1742.955566 1755.593872 -896.658325
v 1842.955566 1755.593872 -896.658325
v 1842.955566 1955.593872 -896.658325
v 1742.955566 1955.593872 -896.658325
v 1742.955566 1955.593872 -1496.658325
v 1742.955566 1955.593872 -1396.658325
v 1742.955566 1755.593872 -1396.658325
v 1742.955566 1755.593872 -1496.658325
v 1842.955566 1955.593872 -1396.658325
v 1842.955566 1755.593872 -1396.658325
v 1842.955566 1955.593872 -1496.658325
v 1842.955566 1755.593872 -1496.658325
v 1842.955566 2155.593750 -1546.658325
v 1892.955566 2155.593750 -1396.658325
v 1742.955566 2155.593750 -1546.658325
v 1742.955566 2155.593750 -1346.658325
v -1057.044434 1955.593872 -1396.658325
v -1057.044434 1755.593872 -1396.658325
v -1057.044434 1755.593872 -1496.658325
v -1057.044434 1955.593872 -1496.658325
v -957.044434 1955.593872 -1396.658325
v -957.044434 1755.593872 -1396.658325
v -957.044434 1955.593872 -1496.658325
v -957.044434 1755.593872 -1496.658325
v -957.044434 2155.593750 -1546.658325
v -907.044434 2155.593750 -1396.658325
v -1057.044434 2155.593750 -1546.658325
v -1057.044434 2155.593750 -1346.658325
v 1692.955566 2155.593750 -896.658325
v 1892.955566 2155.593750 -896.658325
v 1742.955566 1955.593872 -796.658325
v 1842.955566 1955.593872 -796.658325
v 1842.955566 1755.593872 -796.658325
v 1742.955566 1755.593872 -796.658325
v 1892.955566 2155.593750 -796.658325
v 1692.955566 2155.593750 -796.658325
v 1742.955566 1955.593872 -96.658325
v 1742.955566 1955.593872 3.341675
v 1742.955566 1755.593872 3.341675
v 1742.955566 1755.593872 -96.658325
v 1842.955566 1955.593872 3.341675
v 1842.955566 1755.593872 3.341675
v 1842.955566 1955.593872 -96.658325
v 1842.955566 1755.593872 -96.658325
v 1842.955566 2155.593750 -146.658325
v 1892.955566 2155.593750 3.341675
v 1742.955566 2155.593750 -146.658325
v 1742.955566 2155.593750 53.341675
v 1192.955566 1955.593872 753.341675
v 1192.955566 2055.593750 753.341675
v 1192.955566 2055.593750 1353.341675
v 1192.955566 1955.593872 1353.341675
v 1192.955566 1955.593872 953.341675
v 1192.955566 1955.593872 1153.341675
v 1192.955566 1755.593872 1353.341675
v 1192.955566 1755.593872 1153.341675
v 1992.955566 1755.593872 1753.341675
v 1992.955566 1755.593872 1053.341675
v 1992.955566 2155.593750 1053.341675
v 1992.955566 2155.593750 1753.341675
v 1992.955566 1755.593872 2153.341797
v 1292.955566 1755.593872 2153.341797
v 1292.955566 2155.593750 2153.341797
v 1192.955566 2155.593750 2153.341797
v 1192.955566 1755.593872 2153.341797
v 1592.955566 1755.593872 553.341675
v 1592.955566 1755.593872 1153.341675
v 1592.955566 2055.593750 1153.341675
v 1592.955566 2055.593750 553.341675
v 1742.955566 1955.593872 1903.341675
v 1742.955566 1955.593872 2003.341675
v 1742.955566 1755.593872 2003.341675
v 1742.955566 1755.593872 1903.341675
v 1842.955566 1955.593872 2003.341675
v 1842.955566 1755.593872 2003.341675
v 1842.955566 1955.593872 1903.341675
v 1842.955566 1755.593872 1903.341675
v 1842.955566 2155.593750 1853.341675
v 1892.955566 2155.593750 2003.341675
v 1742.955566 2155.593750 1853.341675
v 1742.955566 2155.593750 2053.341797
v 1392.955566 2055.593750 1353.341675
v 1392.955566 1755.593872 1353.341675
v 1192.955566 2055.593750 1053.341675
v 1192.955566 2055.593750 353.341675
v 1592.955566 2055.593750 1053.341675
v -407.044403 2055.593750 753.341675
v -407.044403 1955.593872 753.341675
v -407.044403 1955.593872 1353.341675
v -407.044403 2055.593750 1353.341675
v -407.044403 1955.593872 953.341675
v -407.044403 1755.593872 1153.341675
v -407.044403 1755.593872 1353.341675
v -407.044403 1955.593872 1153.341675
v 992.955566 1955.593872 753.341675
v 292.955597 1955.593872 753.341675
v 292.955597 2055.593750 753.341675
v 992.955566 2055.593750 753.341675
v 492.955597 1955.593872 753.341675
v 792.955566 1955.593872 753.341675
v 792.955566 1755.593872 753.341675
v 492.955597 1755.593872 753.341675
v -7.044411 1955.593872 753.341675
v 292.955597 1755.593872 753.341675
v -7.044411 1755.593872 753.341675
v -207.044403 1955.593872 753.341675
v 292.955597 2055.593750 353.341675
v 992.955566 2055.593750 353.341675
v -407.044403 2055.593750 353.341675
v -307.044403 1955.593872 953.341675
v -307.044403 1955.593872 1153.341675
v 1092.955566 1955.593872 953.341675
v 1092.955566 1955.593872 1153.341675
v -7.044411 1955.593872 853.341675
v -207.044403 1955.593872 853.341675
v 492.955597 1955.593872 853.341675
v 292.955597 1955.593872 853.341675
v 992.955566 1955.593872 853.341675
v 792.955566 1955.593872 853.341675
v -207.044403 1955.593872 2153.341797
v 492.955597 1955.593872 2153.341797
v 492.955597 2155.593750 2153.341797
v -207.044403 2155.593750 2153.341797
v 1192.955566 1955.593872 2153.341797
v -407.044403 1955.593872 2153.341797
v -307.044403 1755.593872 953.341675
v 1092.955566 1755.593872 953.341675
v -257.044403 1855.593872 903.341675
v -357.044403 1855.593872 903.341675
v 1142.955566 1855.593872 903.341675
v 1042.955566 1855.593872 903.341675
v -7.044411 1755.593872 853.341675
v 492.955597 1755.593872 853.341675
v 992.955566 1755.593872 853.341675
v 1042.955566 1855.593872 803.341675
v 1142.955566 1855.593872 803.341675
v 792.955566 1755.593872 853.341675
v 292.955597 1755.593872 853.341675
v -207.044403 1755.593872 853.341675
v -357.044403 1855.593872 803.341675
v -257.044403 1855.593872 803.341675
v -307.044403 1755.593872 1153.341675
v 1092.955566 1755.593872 1153.341675
v -207.044403 1755.593872 2153.341797
v 492.955597 1755.593872 2153.341797
v -407.044403 1755.593872 2153.341797
v -1107.044434 1755.593872 2153.341797
v -807.044434 2055.593750 553.341675
v -807.044434 2055.593750 1153.341675
v -807.044434 1755.593872 1153.341675
v -807.044434 1755.593872 553.341675
v -607.044434 2055.593750 1353.341675
v -607.044434 1755.593872 1353.341675
v -807.044434 2055.593750 1053.341675
v -407.044403 2055.593750 1053.341675
v -1057.044434 1955.593872 1903.341675
v -1057.044434 1955.593872 2003.341675
v -1057.044434 1755.593872 2003.341675
v -1057.044434 1755.593872 1903.341675
v -957.044434 1955.593872 2003.341675
v -957.044434 1755.593872 2003.341675
v -957.044434 1955.593872 1903.341675
v -957.044434 1755.593872 1903.341675
v -957.044434 2155.593750 1853.341675
v -907.044434 2155.593750 2003.341675
v -1057.044434 2155.593750 1853.341675
v -1057.044434 2155.593750 2053.341797
v -2607.044434 1755.593872 153.341675
v -1907.044434 1755.593872 153.341675
v -2807.044434 1755.593872 153.341675
v -1407.044434 1755.593872 -1046.658325
v -2107.044434 1755.593872 -1046.658325
v -2107.044434 2155.593750 -1046.658325
v -1407.044434 2155.593750 -1046.658325
v -1207.044434 1555.593872 753.341675
v -1207.044434 1555.593872 1453.341675
v 1192.955566 1755.593872 -1646.658325
v 1892.955566 1755.593872 -1646.658325
v 1992.955566 1755.593872 1153.341675
v 1992.955566 1755.593872 1853.341675
v 1992.955566 1755.593872 453.341675
v 1842.955566 1755.593872 2153.341797
v 1742.955566 1755.593872 2153.341797
v 1192.955566 1755.593872 353.341675
v 1192.955566 1555.593872 353.341675
v 492.955597 1755.593872 353.341675
v -207.044403 1755.593872 353.341675
v -207.044403 1555.593872 353.341675
v 492.955597 1555.593872 353.341675
v 892.955566 1555.593872 -1646.658325
v 192.955597 1555.593872 -1646.658325
v -507.044403 1555.593872 -1646.658325
v -807.044434 1755.593872 753.341675
v -807.044434 1555.593872 753.341675
v -807.044434 1755.593872 953.341675
v -207.044403 1555.593872 2153.341797
v 492.955597 1555.593872 2153.341797
v -2607.044434 1555.593872 153.341675
v -1907.044434 1555.593872 153.341675
v -6807.044434 1955.593872 -1346.658325
v -6807.044434 1955.593872 -1446.658325
v -6807.044434 1755.593872 -1446.658325
v -6807.044434 1755.593872 -1346.658325
v -6807.044434 1955.593872 -946.658325
v -6807.044434 1955.593872 -1146.658325
v -6807.044434 1755.593872 -1146.658325
v -6807.044434 1755.593872 -946.658325
v -6807.044434 1955.593872 -546.658325
v -6807.044434 1955.593872 -746.658325
v -6807.044434 1755.593872 -746.658325
v -6807.044434 1755.593872 -546.658325
v -6807.044434 1955.593872 -146.658325
v -6807.044434 1955.593872 -346.658325
v -6807.044434 1755.593872 -346.658325
v -6807.044434 1755.593872 -146.658325
v -6807.044434 1955.593872 253.341675
v -6807.044434 1955.593872 53.341675
v -6807.044434 1755.593872 53.341675
v -6807.044434 1755.593872 253.341675
v -6807.044434 1955.593872 553.341675
v -6807.044434 1955.593872 453.341675
v -6807.044434 1755.593872 453.341675
v -6807.044434 1755.593872 553.341675
v -2907.044434 1955.593872 -3446.658203
v -2907.044434 1755.593872 -3446.658203
v -3307.044189 1955.593872 -3446.658203
v -3107.044434 1955.593872 -3446.658203
v -3107.044434 1755.593872 -3446.658203
v -3307.044189 1755.593872 -3446.658203
v -3707.044189 1955.593872 -3446.658203
v -3507.044189 1955.593872 -3446.658203
v -3507.044189 1755.593872 -3446.658203
v -3707.044189 1755.593872 -3446.658203
v -4107.044434 1955.593872 -3446.658203
v -3907.044189 1955.593872 -3446.658203
v -3907.044189 1755.593872 -3446.658203
v -4107.044434 1755.593872 -3446.658203
v -4507.044434 1955.593872 -3446.658203
v -4307.044434 1955.593872 -3446.658203
v -4307.044434 1755.593872 -3446.658203
v -4507.044434 1755.593872 -3446.658203
v -4807.044434 1955.593872 -3446.658203
v -4707.044434 1955.593872 -3446.658203
v -4707.044434 1755.593872 -3446.658203
v -4807.044434 1755.593872 -3446.658203
v -2907.044434 1955.593872 -3246.658203
v -2807.044434 1955.593872 -3246.658203
v -3307.044189 1955.593872 -3246.658203
v -3107.044434 1955.593872 -3246.658203
v -3707.044189 1955.593872 -3246.658203
v -3507.044189 1955.593872 -3246.658203
v -4107.044434 1955.593872 -3246.658203
v -3907.044189 1955.593872 -3246.658203
v -4507.044434 1955.593872 -3246.658203
v -4307.044434 1955.593872 -3246.658203
v -4807.044434 1955.593872 -3246.658203
v -4707.044434 1955.593872 -3246.658203
v -4207.044434 1955.593872 -3046.658203
v -3507.044189 1955.593872 -3046.658203
v -4207.044434 1955.593872 -3246.658203
v -4807.044434 1955.593872 -3046.658203
v -6407.044434 1955.593872 -46.658325
v -6407.044434 1955.593872 -746.658325
v -6607.044434 1955.593872 -746.658325
v -6607.044434 1955.593872 -46.658325
v -6407.044434 1955.593872 -1446.658325
v -6607.044434 1955.593872 -1446.658325
v -6607.044434 1955.593872 553.341675
v -6407.044434 1955.593872 553.341675
v -6607.044434 1955.593872 -1346.658325
v -6607.044434 1955.593872 -946.658325
v -6607.044434 1955.593872 -1146.658325
v -6607.044434 1955.593872 -546.658325
v -6607.044434 1955.593872 -146.658325
v -6607.044434 1955.593872 -346.658325
v -6607.044434 1955.593872 253.341675
v -6607.044434 1955.593872 53.341675
v -6607.044434 1955.593872 453.341675
v -4807.044434 1955.593872 1053.341675
v -4807.044434 1955.593872 1753.341675
v -4807.044434 2555.593750 1753.341675
v -4807.044434 2555.593750 1053.341675
v -4807.044434 1955.593872 2453.341797
v -4807.044434 2555.593750 2453.341797
v -4807.044434 1955.593872 3153.341797
v -4807.044434 2555.593750 3153.341797
v -4807.044434 1955.593872 3853.341797
v -4807.044434 2555.593750 3853.341797
v -4807.044434 1955.593872 4553.341797
v -4807.044434 1955.593872 553.341675
v -4807.044434 1955.593872 -2846.658203
v -4807.044434 1955.593872 -2146.658203
v -4807.044434 2555.593750 -2146.658203
v -4807.044434 2555.593750 -2846.658203
v -4807.044434 1955.593872 -1446.658325
v -3407.044189 1955.593872 -3046.658203
v -4107.044434 1955.593872 -3046.658203
v -6207.044434 1955.593872 553.341675
v -5507.044434 1955.593872 553.341675
v -5707.044434 2555.593750 -1446.658325
v -5007.044434 2555.593750 -1446.658325
v -5007.044434 1955.593872 -1446.658325
v -5707.044434 1955.593872 -1446.658325
v -2807.044434 1755.593872 -3246.658203
v -2907.044434 1755.593872 -3246.658203
v -3107.044434 1755.593872 -3246.658203
v -3307.044189 1755.593872 -3246.658203
v -3507.044189 1755.593872 -3246.658203
v -3707.044189 1755.593872 -3246.658203
v -3907.044189 1755.593872 -3246.658203
v -4107.044434 1755.593872 -3246.658203
v -4307.044434 1755.593872 -3246.658203
v -4507.044434 1755.593872 -3246.658203
v -4707.044434 1755.593872 -3246.658203
v -4807.044434 1755.593872 -3246.658203
v -3407.044189 1755.593872 -3246.658203
v -3407.044189 1755.593872 -3146.658203
v -4107.044434 1755.593872 -3146.658203
v -4807.044434 1755.593872 -3146.658203
v -6607.044434 1755.593872 -46.658325
v -6607.044434 1755.593872 -746.658325
v -6507.044434 1755.593872 -746.658325
v -6507.044434 1755.593872 -46.658325
v -6607.044434 1755.593872 -1446.658325
v -6507.044434 1755.593872 -1446.658325
v -6507.044434 1755.593872 553.341675
v -6607.044434 1755.593872 553.341675
v -6607.044434 1755.593872 -1346.658325
v -6607.044434 1755.593872 -1146.658325
v -6607.044434 1755.593872 -946.658325
v -6607.044434 1755.593872 -546.658325
v -6607.044434 1755.593872 -346.658325
v -6607.044434 1755.593872 -146.658325
v -6607.044434 1755.593872 53.341675
v -6607.044434 1755.593872 253.341675
v -6607.044434 1755.593872 453.341675
v -4807.044434 1755.593872 1053.341675
v -4807.044434 1755.593872 1753.341675
v -4807.044434 1755.593872 2453.341797
v -4807.044434 1755.593872 3153.341797
v -4807.044434 1755.593872 3853.341797
v -4807.044434 1755.593872 4553.341797
v -4807.044434 1755.593872 553.341675
v -4807.044434 1755.593872 -2846.658203
v -4807.044434 1755.593872 -2146.658203
v -4807.044434 1755.593872 -1446.658325
v -5207.044434 1755.593872 -1446.658325
v -5907.044434 1755.593872 -1446.658325
v -5907.044434 1955.593872 -1446.658325
v -5207.044434 1955.593872 -1446.658325
v -6207.044434 1755.593872 553.341675
v -5507.044434 1755.593872 553.341675
v -4807.044434 1555.593872 1053.341675
v -4807.044434 1555.593872 1753.341675
v -4807.044434 1555.593872 2453.341797
v -4807.044434 1555.593872 3153.341797
v -4807.044434 1555.593872 3853.341797
v -4807.044434 1555.593872 -2846.658203
v -4807.044434 1555.593872 -2146.658203
v -4107.044434 1555.593872 -3046.658203
v -6207.044434 1555.593872 553.341675
v -5507.044434 1555.593872 553.341675
v -5807.044434 1755.593872 -1446.658325
v -5107.044434 1755.593872 -1446.658325
v -5107.044434 1555.593872 -1446.658325
v -5807.044434 1555.593872 -1446.658325
v 592.955566 1555.593872 -246.658325
v -107.044411 1555.593872 -246.658325
v -107.044411 1355.593872 -246.658325
v 592.955566 1355.593872 -246.658325
v 1292.955566 1555.593872 -246.658325
v 1292.955566 1355.593872 -246.658325
v 1992.955566 1355.593872 -246.658325
v -507.044403 1355.593872 -246.658325
v -607.044434 1555.593872 -246.658325
v -607.044434 1405.593872 -246.658325
v -507.044403 1405.593872 -246.658325
v -707.044434 1555.593872 -246.658325
v -707.044434 1455.593872 -246.658325
v -607.044434 1455.593872 -246.658325
v -807.044434 1505.593872 -246.658325
v -707.044434 1505.593872 -246.658325
v 592.955566 1155.593872 -246.658325
v 1292.955566 1155.593872 -246.658325
v -107.044411 1205.593872 -246.658325
v -207.044403 1355.593872 -246.658325
v -207.044403 1205.593872 -246.658325
v -207.044403 1255.593872 -246.658325
v -307.044403 1355.593872 -246.658325
v -307.044403 1255.593872 -246.658325
v -407.044403 1355.593872 -246.658325
v -407.044403 1305.593872 -246.658325
v -307.044403 1305.593872 -246.658325
v 1592.955566 1355.593872 -646.658325
v 892.955566 1355.593872 -646.658325
v 892.955566 1555.593872 -646.658325
v 1592.955566 1555.593872 -646.658325
v 192.955597 1355.593872 -646.658325
v 192.955597 1555.593872 -646.658325
v -507.044403 1355.593872 -646.658325
v -507.044403 1555.593872 -646.658325
v 1992.955566 1355.593872 -646.658325
v -507.044403 1405.593872 -646.658325
v -607.044434 1405.593872 -646.658325
v -607.044434 1555.593872 -646.658325
v -607.044434 1455.593872 -646.658325
v -707.044434 1455.593872 -646.658325
v -707.044434 1555.593872 -646.658325
v -707.044434 1505.593872 -646.658325
v -807.044434 1505.593872 -646.658325
v 592.955566 1355.593872 -646.658325
v 1292.955566 1355.593872 -646.658325
v 1292.955566 1155.593872 -646.658325
v 592.955566 1155.593872 -646.658325
v -107.044411 1355.593872 -646.658325
v -207.044403 1205.593872 -646.658325
v -207.044403 1355.593872 -646.658325
v -107.044411 1205.593872 -646.658325
v -307.044403 1255.593872 -646.658325
v -307.044403 1355.593872 -646.658325
v -207.044403 1255.593872 -646.658325
v -307.044403 1305.593872 -646.658325
v -407.044403 1305.593872 -646.658325
v -407.044403 1355.593872 -646.658325
v 1592.955566 -244.406128 -1646.658325
v 1992.955566 -244.406128 -1646.658325
v 1992.955566 -244.406128 -946.658325
v 1592.955566 -244.406128 -946.658325
v 1992.955566 -244.406128 -596.658325
v 1592.955566 -244.406128 -596.658325
v 1192.955566 -244.406128 -1346.658325
v 492.955597 -244.406128 -1346.658325
v 492.955597 -244.406128 -1646.658325
v 1192.955566 -244.406128 -1646.658325
v -207.044403 -244.406128 -1346.658325
v -207.044403 -244.406128 -1646.658325
v -907.044434 -244.406128 -1346.658325
v -907.044434 -244.406128 -1646.658325
v 1592.955566 -244.406128 -1346.658325
v 892.955566 -244.406128 -646.658325
v 192.955597 -244.406128 -646.658325
v 192.955597 -244.406128 -946.658325
v 892.955566 -244.406128 -946.658325
v 1592.955566 -244.406128 -646.658325
v 192.955597 -244.406128 -1346.658325
v 892.955566 -244.406128 -1346.658325
v -1107.044434 -244.406128 -1546.658325
v -1107.044434 -244.406128 -1646.658325
v -907.044434 -244.406128 -1546.658325
v -1207.044434 -244.406128 -646.658325
v -1207.044434 -244.406128 -1346.658325
v -507.044403 -244.406128 -1346.658325
v -507.044403 -244.406128 -646.658325
v -207.044403 -244.406128 -646.658325
v -1207.044434 -244.406128 -1646.658325
v -1107.044434 -244.406128 -1346.658325
v 1192.955566 -244.406128 -346.658325
v 1092.955566 -244.406128 -346.658325
v 1092.955566 -244.406128 -646.658325
v 1192.955566 -244.406128 -646.658325
v 892.955566 -244.406128 -546.658325
v 1092.955566 -244.406128 -546.658325
v -207.044403 -244.406128 -346.658325
v -907.044434 -244.406128 -346.658325
v -907.044434 -244.406128 -646.658325
v 892.955566 -244.406128 -346.658325
v 192.955597 -244.406128 -346.658325
v 192.955597 -244.406128 -246.658325
v -207.044403 -244.406128 -246.658325
v -1107.044434 -244.406128 -546.658325
v -1107.044434 -244.406128 -646.658325
v -907.044434 -244.406128 -546.658325
v -1107.044434 -244.406128 -246.658325
v -1107.044434 -244.406128 -346.658325
v -407.044403 -244.406128 -346.658325
v -407.044403 -244.406128 -246.658325
v -1207.044434 -244.406128 -246.658325
v 392.955597 -244.406128 1253.341675
v 392.955597 -244.406128 553.341675
v 792.955566 -244.406128 553.341675
v 792.955566 -244.406128 1253.341675
v 392.955597 -244.406128 1353.341675
v 792.955566 -244.406128 1353.341675
v 792.955566 -244.406128 1553.341675
v 792.955566 -244.406128 853.341675
v 1192.955566 -244.406128 853.341675
v 1192.955566 -244.406128 1553.341675
v 792.955566 -244.406128 153.341675
v 1192.955566 -244.406128 153.341675
v 1192.955566 -244.406128 2153.341797
v 792.955566 -244.406128 2153.341797
v -407.044403 -244.406128 1553.341675
v -407.044403 -244.406128 853.341675
v -207.044403 -244.406128 853.341675
v -207.044403 -244.406128 1553.341675
v -407.044403 -244.406128 153.341675
v -207.044403 -244.406128 153.341675
v -207.044403 -244.406128 1753.341675
v -407.044403 -244.406128 1753.341675
v 192.955597 -244.406128 853.341675
v 192.955597 -244.406128 1553.341675
v 192.955597 -244.406128 153.341675
v 192.955597 -244.406128 1753.341675
v 192.955597 -244.406128 1353.341675
v 792.955566 -244.406128 1753.341675
v 392.955597 -244.406128 153.341675
v 392.955597 -244.406128 853.341675
v 892.955566 -244.406128 153.341675
v -807.044434 -244.406128 853.341675
v -807.044434 -244.406128 153.341675
v -407.044403 -244.406128 1353.341675
v -807.044434 -244.406128 1353.341675
v -807.044434 -244.406128 -246.658325
v -107.044411 -244.406128 -246.658325
v -107.044411 -244.406128 153.341675
v -1207.044434 -244.406128 1853.341675
v -1207.044434 -244.406128 1153.341675
v -807.044434 -244.406128 1153.341675
v -807.044434 -244.406128 1853.341675
v -1207.044434 -244.406128 453.341675
v -807.044434 -244.406128 453.341675
v -807.044434 -244.406128 2153.341797
v -1207.044434 -244.406128 2153.341797
v 592.955566 -244.406128 2153.341797
v -107.044411 -244.406128 2153.341797
v -107.044411 -244.406128 1753.341675
v 592.955566 -244.406128 1753.341675
v -807.044434 -244.406128 1753.341675
v 1592.955566 555.593872 -596.658325
v 1592.955566 555.593872 -646.658325
v 1592.955566 -144.406128 -646.658325
v 1592.955566 -144.406128 -596.658325
v 1592.955566 555.593872 -946.658325
v 1592.955566 555.593872 -1646.658325
v 1592.955566 355.593872 -1646.658325
v 1592.955566 355.593872 -946.658325
v 1592.955566 355.593872 -646.658325
v 1592.955566 555.593872 -546.658325
v 1592.955566 -194.406128 -596.658325
v 1592.955566 -194.406128 -546.658325
v 1592.955566 555.593872 -496.658325
v 1592.955566 -144.406128 -546.658325
v 1592.955566 -144.406128 -496.658325
v 1592.955566 555.593872 -446.658325
v 1592.955566 -94.406128 -496.658325
v 1592.955566 -94.406128 -446.658325
v 1592.955566 555.593872 -396.658325
v 1592.955566 -44.406128 -446.658325
v 1592.955566 -44.406128 -396.658325
v 1592.955566 555.593872 -346.658325
v 1592.955566 5.593872 -396.658325
v 1592.955566 5.593872 -346.658325
v 1592.955566 555.593872 -296.658325
v 1592.955566 55.593872 -346.658325
v 1592.955566 55.593872 -296.658325
v 1592.955566 555.593872 -246.658325
v 1592.955566 105.593872 -296.658325
v 1592.955566 105.593872 -246.658325
v 1592.955566 555.593872 -196.658325
v 1592.955566 155.593872 -246.658325
v 1592.955566 155.593872 -196.658325
v 1592.955566 555.593872 -146.658325
v 1592.955566 205.593872 -196.658325
v 1592.955566 205.593872 -146.658325
v 1592.955566 555.593872 -96.658325
v 1592.955566 255.593872 -146.658325
v 1592.955566 255.593872 -96.658325
v 1592.955566 555.593872 -46.658325
v 1592.955566 305.593872 -96.658325
v 1592.955566 305.593872 -46.658325
v 1592.955566 555.593872 3.341675
v 1592.955566 355.593872 -46.658325
v 1592.955566 355.593872 3.341675
v 1592.955566 555.593872 53.341675
v 1592.955566 405.593872 3.341675
v 1592.955566 405.593872 53.341675
v 1592.955566 555.593872 103.341675
v 1592.955566 455.593872 53.341675
v 1592.955566 455.593872 103.341675
v 1592.955566 505.593872 153.341675
v 1592.955566 555.593872 153.341675
v 1592.955566 505.593872 103.341675
v 1992.955566 555.593872 1853.341675
v 1992.955566 555.593872 1153.341675
v 1992.955566 555.593872 453.341675
v 1992.955566 555.593872 -246.658325
v 1992.955566 555.593872 -946.658325
v 1992.955566 555.593872 -1646.658325
v 1992.955566 555.593872 2153.341797
v 1992.955566 555.593872 -596.658325
v 1992.955566 -144.406128 -596.658325
v 1992.955566 -144.406128 -946.658325
v 1992.955566 -144.406128 -1646.658325
v 1992.955566 -194.406128 -596.658325
v 1992.955566 555.593872 -546.658325
v 1992.955566 -194.406128 -546.658325
v 1992.955566 -144.406128 -496.658325
v 1992.955566 -144.406128 -546.658325
v 1992.955566 555.593872 -496.658325
v 1992.955566 -94.406128 -496.658325
v 1992.955566 555.593872 -446.658325
v 1992.955566 -94.406128 -446.658325
v 1992.955566 -44.406128 -396.658325
v 1992.955566 -44.406128 -446.658325
v 1992.955566 555.593872 -396.658325
v 1992.955566 5.593872 -346.658325
v 1992.955566 5.593872 -396.658325
v 1992.955566 555.593872 -346.658325
v 1992.955566 55.593872 -296.658325
v 1992.955566 55.593872 -346.658325
v 1992.955566 555.593872 -296.658325
v 1992.955566 105.593872 -296.658325
v 1992.955566 105.593872 -246.658325
v 1992.955566 155.593872 -196.658325
v 1992.955566 155.593872 -246.658325
v 1992.955566 555.593872 -196.658325
v 1992.955566 205.593872 -146.658325
v 1992.955566 205.593872 -196.658325
v 1992.955566 555.593872 -146.658325
v 1992.955566 255.593872 -96.658325
v 1992.955566 255.593872 -146.658325
v 1992.955566 555.593872 -96.658325
v 1992.955566 305.593872 -46.658325
v 1992.955566 305.593872 -96.658325
v 1992.955566 555.593872 -46.658325
v 1992.955566 355.593872 3.341675
v 1992.955566 355.593872 -46.658325
v 1992.955566 555.593872 3.341675
v 1992.955566 405.593872 53.341675
v 1992.955566 405.593872 3.341675
v 1992.955566 555.593872 53.341675
v 1992.955566 455.593872 103.341675
v 1992.955566 455.593872 53.341675
v 1992.955566 555.593872 103.341675
v 1992.955566 505.593872 103.341675
v 1992.955566 555.593872 153.341675
v 1992.955566 505.593872 153.341675
v 1892.955566 555.593872 1553.341675
v 1892.955566 555.593872 853.341675
v 1992.955566 555.593872 853.341675
v 1992.955566 555.593872 1553.341675
v 1892.955566 555.593872 153.341675
v 1992.955566 555.593872 2053.341797
v 1892.955566 555.593872 2053.341797
v 1692.955566 555.593872 1553.341675
v 1692.955566 555.593872 853.341675
v 1692.955566 555.593872 153.341675
v 1692.955566 555.593872 1853.341675
v 1892.955566 555.593872 1853.341675
v 1692.955566 555.593872 2153.341797
v 1692.955566 555.593872 2053.341797
v 1592.955566 555.593872 1553.341675
v 1592.955566 555.593872 853.341675
v 1592.955566 555.593872 2153.341797
v 1592.955566 1155.593872 2153.341797
v 1742.955566 755.593872 1903.341675
v 1742.955566 955.593872 1903.341675
v 1742.955566 955.593872 2003.341675
v 1742.955566 755.593872 2003.341675
v 1842.955566 955.593872 2003.341675
v 1842.955566 755.593872 2003.341675
v 1842.955566 955.593872 1903.341675
v 1842.955566 755.593872 1903.341675
v 1892.955566 555.593872 2003.341675
v 1842.955566 1155.593872 1853.341675
v 1892.955566 1155.593872 2003.341675
v 1842.955566 555.593872 1853.341675
v 1742.955566 555.593872 1853.341675
v 1742.955566 1155.593872 1853.341675
v 1742.955566 555.593872 2053.341797
v 1742.955566 1155.593872 2053.341797
v 1592.955566 -144.406128 -1646.658325
v 792.955566 655.593872 -646.658325
v 792.955566 555.593872 -646.658325
v 992.955566 555.593872 -646.658325
v 992.955566 655.593872 -646.658325
v 792.955566 705.593872 -646.658325
v 892.955566 655.593872 -646.658325
v 892.955566 705.593872 -646.658325
v 992.955566 605.593872 -646.658325
v 1092.955566 555.593872 -646.658325
v 1092.955566 605.593872 -646.658325
v 392.955597 855.593872 -646.658325
v 392.955597 755.593872 -646.658325
v 592.955566 755.593872 -646.658325
v 592.955566 855.593872 -646.658325
v 392.955597 905.593872 -646.658325
v 492.955597 855.593872 -646.658325
v 492.955597 905.593872 -646.658325
v 592.955566 805.593872 -646.658325
v 692.955566 755.593872 -646.658325
v 692.955566 805.593872 -646.658325
v -7.044411 1055.593872 -646.658325
v -7.044411 955.593872 -646.658325
v 192.955597 955.593872 -646.658325
v 192.955597 1055.593872 -646.658325
v -7.044411 1105.593872 -646.658325
v 92.955589 1055.593872 -646.658325
v 92.955589 1105.593872 -646.658325
v 192.955597 1005.593872 -646.658325
v 292.955597 955.593872 -646.658325
v 292.955597 1005.593872 -646.658325
v -607.044434 555.593872 -646.658325
v 92.955589 555.593872 -646.658325
v 92.955589 755.593872 -646.658325
v -607.044434 755.593872 -646.658325
v 792.955566 755.593872 -646.658325
v -1207.044434 755.593872 -646.658325
v -1207.044434 555.593872 -646.658325
v -1007.044434 755.593872 -646.658325
v -307.044403 755.593872 -646.658325
v -307.044403 955.593872 -646.658325
v -1007.044434 955.593872 -646.658325
v 392.955597 955.593872 -646.658325
v -1207.044434 955.593872 -646.658325
v -707.044434 955.593872 -646.658325
v -707.044434 1155.593872 -646.658325
v 1192.955566 355.593872 -646.658325
v 1592.955566 555.593872 -1346.658325
v 1492.955566 555.593872 -1346.658325
v 1492.955566 555.593872 -1646.658325
v 1292.955566 555.593872 -1546.658325
v 1292.955566 555.593872 -1646.658325
v 1492.955566 555.593872 -1546.658325
v 1292.955566 555.593872 -946.658325
v 1292.955566 555.593872 -1346.658325
v 492.955597 555.593872 -1646.658325
v 1192.955566 555.593872 -1646.658325
v 1192.955566 555.593872 -946.658325
v 492.955597 555.593872 -946.658325
v -207.044403 555.593872 -1646.658325
v -207.044403 555.593872 -946.658325
v -907.044434 555.593872 -1646.658325
v -907.044434 555.593872 -946.658325
v -1107.044434 555.593872 -1546.658325
v -1107.044434 555.593872 -1646.658325
v -907.044434 555.593872 -1546.658325
v -1107.044434 555.593872 -1346.658325
v -1207.044434 555.593872 -1346.658325
v -1207.044434 555.593872 -1646.658325
v -1207.044434 555.593872 -946.658325
v -907.044434 555.593872 -1346.658325
v 1192.955566 555.593872 -646.658325
v 492.955597 555.593872 -646.658325
v -207.044403 555.593872 -646.658325
v -907.044434 555.593872 -646.658325
v -1107.044434 555.593872 -646.658325
v -1107.044434 555.593872 -746.658325
v -907.044434 555.593872 -746.658325
v -1107.044434 555.593872 -946.658325
v 192.955597 1155.593872 -1646.658325
v 892.955566 1155.593872 -1646.658325
v 892.955566 555.593872 -1646.658325
v 192.955597 555.593872 -1646.658325
v -507.044403 1155.593872 -1646.658325
v -507.044403 555.593872 -1646.658325
v -1207.044434 1155.593872 -1346.658325
v -1057.044434 955.593872 -896.658325
v -1057.044434 755.593872 -896.658325
v -957.044434 755.593872 -896.658325
v -957.044434 955.593872 -896.658325
v -957.044434 955.593872 -1496.658325
v -957.044434 755.593872 -1496.658325
v -957.044434 755.593872 -1396.658325
v -957.044434 955.593872 -1396.658325
v 1342.955566 755.593872 -1496.658325
v 1342.955566 955.593872 -1496.658325
v 1342.955566 955.593872 -1396.658325
v 1342.955566 755.593872 -1396.658325
v 1442.955566 955.593872 -1396.658325
v 1442.955566 755.593872 -1396.658325
v 1442.955566 955.593872 -1496.658325
v 1442.955566 755.593872 -1496.658325
v 1492.955566 555.593872 -1396.658325
v 1442.955566 1155.593872 -1546.658325
v 1492.955566 1155.593872 -1396.658325
v 1442.955566 555.593872 -1546.658325
v 1342.955566 555.593872 -1546.658325
v 1342.955566 1155.593872 -1546.658325
v 1342.955566 555.593872 -1346.658325
v 1342.955566 1155.593872 -1346.658325
v -957.044434 1155.593872 -1346.658325
v -957.044434 1155.593872 -1546.658325
v -957.044434 555.593872 -1346.658325
v -957.044434 555.593872 -1546.658325
v -1057.044434 755.593872 -1396.658325
v -1057.044434 955.593872 -1396.658325
v -1057.044434 755.593872 -1496.658325
v -1057.044434 955.593872 -1496.658325
v -1057.044434 555.593872 -1546.658325
v -1057.044434 1155.593872 -1546.658325
v -1107.044434 555.593872 -1396.658325
v -1107.044434 1155.593872 -1396.658325
v -1107.044434 1155.593872 -896.658325
v -907.044434 1155.593872 -896.658325
v -1107.044434 555.593872 -896.658325
v -907.044434 555.593872 -896.658325
v -1057.044434 955.593872 -796.658325
v -1057.044434 755.593872 -796.658325
v -957.044434 755.593872 -796.658325
v -957.044434 955.593872 -796.658325
v -957.044434 1155.593872 -746.658325
v -957.044434 555.593872 -746.658325
v -1057.044434 555.593872 -746.658325
v -1057.044434 1155.593872 -746.658325
v 192.955597 355.593872 -1646.658325
v 892.955566 355.593872 -1646.658325
v 892.955566 -244.406128 -1646.658325
v 192.955597 -244.406128 -1646.658325
v -507.044403 355.593872 -1646.658325
v -507.044403 -244.406128 -1646.658325
v -1207.044434 355.593872 -1646.658325
v -507.044403 355.593872 -1346.658325
v 192.955597 355.593872 -1346.658325
v 192.955597 355.593872 -1546.658325
v -507.044403 355.593872 -1546.658325
v 892.955566 355.593872 -1346.658325
v 892.955566 355.593872 -1546.658325
v 1592.955566 355.593872 -1346.658325
v 1592.955566 355.593872 -1546.658325
v -907.044434 355.593872 -1346.658325
v -907.044434 355.593872 -1546.658325
v -1107.044434 355.593872 -1646.658325
v -1107.044434 355.593872 -1546.658325
v -507.044403 355.593872 -646.658325
v 192.955597 355.593872 -646.658325
v 892.955566 355.593872 -646.658325
v -1107.044434 355.593872 -1346.658325
v -1107.044434 355.593872 -646.658325
v -1207.044434 355.593872 -946.658325
v -1107.044434 355.593872 -946.658325
v -1207.044434 355.593872 -646.658325
v -1207.044434 355.593872 -1346.658325
v -1057.044434 -44.406128 -1396.658325
v -1057.044434 -44.406128 -1496.658325
v -1057.044434 155.593872 -1496.658325
v -1057.044434 155.593872 -1396.658325
v -957.044434 155.593872 -1396.658325
v -957.044434 -44.406128 -1396.658325
v -957.044434 155.593872 -1496.658325
v -957.044434 -44.406128 -1496.658325
v -907.044434 -244.406128 -1396.658325
v -957.044434 355.593872 -1546.658325
v -907.044434 355.593872 -1396.658325
v -957.044434 -244.406128 -1546.658325
v -1057.044434 -244.406128 -1546.658325
v -1057.044434 355.593872 -1546.658325
v -1057.044434 -244.406128 -1346.658325
v -1057.044434 355.593872 -1346.658325
v 992.955566 655.593872 -246.658325
v 992.955566 555.593872 -246.658325
v 792.955566 555.593872 -246.658325
v 792.955566 655.593872 -246.658325
v 892.955566 705.593872 -246.658325
v 892.955566 655.593872 -246.658325
v 792.955566 705.593872 -246.658325
v 1092.955566 605.593872 -246.658325
v 1092.955566 555.593872 -246.658325
v 992.955566 605.593872 -246.658325
v 592.955566 855.593872 -246.658325
v 592.955566 755.593872 -246.658325
v 392.955597 755.593872 -246.658325
v 392.955597 855.593872 -246.658325
v 492.955597 905.593872 -246.658325
v 492.955597 855.593872 -246.658325
v 392.955597 905.593872 -246.658325
v 692.955566 805.593872 -246.658325
v 692.955566 755.593872 -246.658325
v 592.955566 805.593872 -246.658325
v 192.955597 1055.593872 -246.658325
v 192.955597 955.593872 -246.658325
v -7.044411 955.593872 -246.658325
v -7.044411 1055.593872 -246.658325
v 92.955589 1105.593872 -246.658325
v 92.955589 1055.593872 -246.658325
v -7.044411 1105.593872 -246.658325
v 292.955597 1005.593872 -246.658325
v 292.955597 955.593872 -246.658325
v 192.955597 1005.593872 -246.658325
v 192.955597 555.593872 -246.658325
v 892.955566 555.593872 -246.658325
v 892.955566 355.593872 -246.658325
v 192.955597 355.593872 -246.658325
v -507.044403 555.593872 -246.658325
v -507.044403 355.593872 -246.658325
v -1207.044434 355.593872 -246.658325
v -1207.044434 555.593872 -246.658325
v 1192.955566 555.593872 -246.658325
v 1192.955566 355.593872 -246.658325
v -507.044403 755.593872 -246.658325
v 192.955597 755.593872 -246.658325
v -1207.044434 755.593872 -246.658325
v 792.955566 755.593872 -246.658325
v -507.044403 955.593872 -246.658325
v -1207.044434 955.593872 -246.658325
v 392.955597 955.593872 -246.658325
v -507.044403 1155.593872 -246.658325
v 1092.955566 355.593872 -346.658325
v 1192.955566 355.593872 -346.658325
v 1192.955566 355.593872 -546.658325
v 1092.955566 355.593872 -546.658325
v -507.044403 355.593872 -346.658325
v 192.955597 355.593872 -346.658325
v 192.955597 355.593872 -546.658325
v -507.044403 355.593872 -546.658325
v 892.955566 355.593872 -346.658325
v 892.955566 355.593872 -546.658325
v -907.044434 355.593872 -346.658325
v -907.044434 355.593872 -546.658325
v -207.044403 355.593872 -546.658325
v -207.044403 355.593872 -646.658325
v -907.044434 355.593872 -646.658325
v 492.955597 355.593872 -546.658325
v 492.955597 355.593872 -646.658325
v -1107.044434 355.593872 -546.658325
v -907.044434 355.593872 -246.658325
v -207.044403 355.593872 -246.658325
v -207.044403 355.593872 -346.658325
v 492.955597 355.593872 -246.658325
v 492.955597 355.593872 -346.658325
v -1107.044434 355.593872 -346.658325
v -1107.044434 355.593872 -246.658325
v 1192.955566 -244.406128 -246.658325
v 942.955566 155.593872 -496.658325
v 942.955566 155.593872 -396.658325
v 942.955566 -44.406128 -396.658325
v 942.955566 -44.406128 -496.658325
v 1042.955566 155.593872 -396.658325
v 1042.955566 -44.406128 -396.658325
v 1042.955566 155.593872 -496.658325
v 1042.955566 -44.406128 -496.658325
v 1092.955566 -244.406128 -396.658325
v 1042.955566 355.593872 -546.658325
v 1092.955566 355.593872 -396.658325
v 1042.955566 -244.406128 -546.658325
v 942.955566 -244.406128 -546.658325
v 942.955566 355.593872 -546.658325
v 942.955566 -244.406128 -346.658325
v 942.955566 355.593872 -346.658325
v -1057.044434 -44.406128 -496.658325
v -1057.044434 155.593872 -496.658325
v -1057.044434 155.593872 -396.658325
v -1057.044434 -44.406128 -396.658325
v -957.044434 155.593872 -396.658325
v -957.044434 -44.406128 -396.658325
v -957.044434 155.593872 -496.658325
v -957.044434 -44.406128 -496.658325
v -907.044434 -244.406128 -396.658325
v -957.044434 355.593872 -546.658325
v -907.044434 355.593872 -396.658325
v -957.044434 -244.406128 -546.658325
v -1057.044434 -244.406128 -546.658325
v -1057.044434 355.593872 -546.658325
v -1057.044434 -244.406128 -346.658325
v -1057.044434 355.593872 -346.658325
v 392.955597 455.593872 553.341675
v 392.955597 455.593872 453.341675
v 392.955597 -244.406128 453.341675
v 392.955597 -44.406128 253.341675
v 392.955597 -44.406128 453.341675
v 392.955597 -244.406128 253.341675
v 392.955597 155.593872 253.341675
v 392.955597 155.593872 453.341675
v 392.955597 455.593872 253.341675
v 392.955597 1155.593872 253.341675
v 392.955597 455.593872 153.341675
v 492.955597 455.593872 553.341675
v 492.955597 -244.406128 553.341675
v 492.955597 -44.406128 553.341675
v 692.955566 -44.406128 553.341675
v 692.955566 -244.406128 553.341675
v 492.955597 155.593872 553.341675
v 692.955566 155.593872 553.341675
v 692.955566 1155.593872 553.341675
v 692.955566 455.593872 553.341675
v 792.955566 455.593872 553.341675
v 1192.955566 555.593872 553.341675
v 1192.955566 -144.406128 553.341675
v 1192.955566 -144.406128 453.341675
v 1192.955566 555.593872 453.341675
v 1192.955566 -144.406128 -246.658325
v 1192.955566 -244.406128 453.341675
v 1192.955566 -244.406128 553.341675
v 1592.955566 555.593872 453.341675
v 1592.955566 555.593872 553.341675
v 792.955566 455.593872 153.341675
v 392.955597 555.593872 2153.341797
v 392.955597 -144.406128 2153.341797
v 492.955597 -144.406128 2153.341797
v 492.955597 555.593872 2153.341797
v 1192.955566 -144.406128 2153.341797
v 1192.955566 555.593872 2153.341797
v 492.955597 -244.406128 2153.341797
v 392.955597 -244.406128 2153.341797
v 892.955566 555.593872 2153.341797
v 892.955566 1155.593872 2153.341797
v 1192.955566 -144.406128 1953.341675
v 1192.955566 555.593872 1953.341675
v 1192.955566 555.593872 1253.341675
v 1192.955566 -144.406128 1253.341675
v 1192.955566 -244.406128 1953.341675
v 1192.955566 -244.406128 1253.341675
v 1592.955566 555.593872 1253.341675
v 1592.955566 555.593872 1953.341675
v -1207.044434 1155.593872 53.341675
v -1207.044434 455.593872 -246.658325
v -1207.044434 455.593872 53.341675
v -1207.044434 455.593872 2153.341797
v -1207.044434 1155.593872 1453.341675
v -1207.044434 455.593872 1453.341675
v -1207.044434 1155.593872 753.341675
v -1207.044434 455.593872 753.341675
v -1207.044434 -244.406128 53.341675
v -1207.044434 -244.406128 753.341675
v -1207.044434 -244.406128 1453.341675
v -807.044434 -44.406128 1753.341675
v -407.044403 -44.406128 1753.341675
v -807.044434 155.593872 1753.341675
v -407.044403 155.593872 1753.341675
v -807.044434 455.593872 1753.341675
v -407.044403 455.593872 1753.341675
v -807.044434 -44.406128 1353.341675
v -807.044434 155.593872 1353.341675
v -807.044434 455.593872 1353.341675
v -407.044403 -44.406128 1353.341675
v -407.044403 155.593872 1353.341675
v -407.044403 455.593872 1353.341675
v -1007.044434 455.593872 2153.341797
v -307.044403 455.593872 2153.341797
v 392.955597 455.593872 2153.341797
v -1007.044434 -244.406128 2153.341797
v -307.044403 -244.406128 2153.341797
v -3407.044189 1605.593872 5753.341797
v -3407.044189 1655.593872 5753.341797
v -4107.044434 1655.593872 5753.341797
v -4107.044434 1605.593872 5753.341797
v -4207.044434 1655.593872 5753.341797
v -4207.044434 1605.593872 5753.341797
v -6807.044434 905.593872 5753.341797
v -6807.044434 955.593872 5753.341797
v -7507.044434 955.593872 5753.341797
v -7507.044434 905.593872 5753.341797
v -7807.044434 955.593872 5753.341797
v -7807.044434 905.593872 5753.341797
v -4607.044434 1455.593872 5753.341797
v -4607.044434 1255.593872 5753.341797
v -5207.044434 1255.593872 5753.341797
v -5207.044434 1455.593872 5753.341797
v -4207.044434 1455.593872 5753.341797
v -3507.044189 1455.593872 5753.341797
v -3507.044189 1255.593872 5753.341797
v -4207.044434 1255.593872 5753.341797
v -3407.044189 1455.593872 5753.341797
v -3407.044189 1255.593872 5753.341797
v -3707.044189 1205.593872 5753.341797
v -4407.044434 1205.593872 5753.341797
v -4407.044434 1255.593872 5753.341797
v -3707.044189 1255.593872 5753.341797
v -3007.044434 1255.593872 5753.341797
v -3007.044434 1205.593872 5753.341797
v -5007.044434 1205.593872 5753.341797
v -5007.044434 1255.593872 5753.341797
v -3407.044189 1155.593872 5753.341797
v -4107.044434 1155.593872 5753.341797
v -4107.044434 1205.593872 5753.341797
v -3407.044189 1205.593872 5753.341797
v -4207.044434 1155.593872 5753.341797
v -4207.044434 1205.593872 5753.341797
v -5007.044434 1155.593872 5753.341797
v -4607.044434 1205.593872 5753.341797
v -4607.044434 1155.593872 5753.341797
v -4807.044434 1105.593872 5753.341797
v -4807.044434 1155.593872 5753.341797
v -4707.044434 1155.593872 5753.341797
v -4707.044434 1105.593872 5753.341797
v -4907.044434 1055.593872 5753.341797
v -4907.044434 1155.593872 5753.341797
v -4807.044434 1055.593872 5753.341797
v -5007.044434 1005.593872 5753.341797
v -4907.044434 1005.593872 5753.341797
v -5107.044434 955.593872 5753.341797
v -5107.044434 1255.593872 5753.341797
v -5007.044434 955.593872 5753.341797
v -5107.044434 905.593872 5753.341797
v -5207.044434 905.593872 5753.341797
v -5307.044434 1405.593872 5753.341797
v -5207.044434 1405.593872 5753.341797
v -5207.044434 855.593872 5753.341797
v -5307.044434 855.593872 5753.341797
v -5407.044434 1355.593872 5753.341797
v -5307.044434 1355.593872 5753.341797
v -5307.044434 805.593872 5753.341797
v -5407.044434 805.593872 5753.341797
v -5507.044434 1305.593872 5753.341797
v -5407.044434 1305.593872 5753.341797
v -5407.044434 755.593872 5753.341797
v -5507.044434 755.593872 5753.341797
v -5607.044434 1255.593872 5753.341797
v -5507.044434 1255.593872 5753.341797
v -5507.044434 705.593872 5753.341797
v -5607.044434 705.593872 5753.341797
v -5707.044434 1205.593872 5753.341797
v -5607.044434 1205.593872 5753.341797
v -5607.044434 655.593872 5753.341797
v -5707.044434 655.593872 5753.341797
v -5807.044434 1155.593872 5753.341797
v -5707.044434 1155.593872 5753.341797
v -5707.044434 605.593872 5753.341797
v -5807.044434 605.593872 5753.341797
v -5907.044434 1105.593872 5753.341797
v -5807.044434 1105.593872 5753.341797
v -5807.044434 555.593872 5753.341797
v -5907.044434 555.593872 5753.341797
v -5907.044434 505.593872 5753.341797
v -6007.044434 505.593872 5753.341797
v -6007.044434 1055.593872 5753.341797
v -5907.044434 1055.593872 5753.341797
v -6307.044434 455.593872 5753.341797
v -6407.044434 455.593872 5753.341797
v -6407.044434 855.593872 5753.341797
v -6307.044434 855.593872 5753.341797
v -6207.044434 455.593872 5753.341797
v -6307.044434 905.593872 5753.341797
v -6207.044434 905.593872 5753.341797
v -6157.044434 705.593872 5753.341797
v -6157.044434 605.593872 5753.341797
v -6207.044434 605.593872 5753.341797
v -6207.044434 705.593872 5753.341797
v -6107.044434 755.593872 5753.341797
v -6207.044434 755.593872 5753.341797
v -6207.044434 955.593872 5753.341797
v -6107.044434 955.593872 5753.341797
v -6007.044434 555.593872 5753.341797
v -6007.044434 455.593872 5753.341797
v -6207.044434 555.593872 5753.341797
v -6007.044434 605.593872 5753.341797
v -6057.044434 705.593872 5753.341797
v -6057.044434 605.593872 5753.341797
v -6007.044434 705.593872 5753.341797
v -6007.044434 755.593872 5753.341797
v -6107.044434 1005.593872 5753.341797
v -6007.044434 1005.593872 5753.341797
v -8507.043945 455.593872 5753.341797
v -9207.043945 455.593872 5753.341797
v -9207.043945 555.593872 5753.341797
v -8507.043945 555.593872 5753.341797
v -9907.043945 455.593872 5753.341797
v -9907.043945 555.593872 5753.341797
v -10607.043945 455.593872 5753.341797
v -10607.043945 555.593872 5753.341797
v -7807.044434 555.593872 5753.341797
v -7807.044434 455.593872 5753.341797
v -8307.043945 555.593872 5753.341797
v -9007.043945 555.593872 5753.341797
v -9007.043945 605.593872 5753.341797
v -8307.043945 605.593872 5753.341797
v -9707.043945 555.593872 5753.341797
v -9707.043945 605.593872 5753.341797
v -10407.043945 555.593872 5753.341797
v -10407.043945 605.593872 5753.341797
v -8007.044434 605.593872 5753.341797
v -8007.044434 555.593872 5753.341797
v -10107.043945 605.593872 5753.341797
v -10257.043945 605.593872 5753.341797
v -10257.043945 705.593872 5753.341797
v -10107.043945 705.593872 5753.341797
v -9657.043945 605.593872 5753.341797
v -9807.043945 605.593872 5753.341797
v -9807.043945 705.593872 5753.341797
v -9657.043945 705.593872 5753.341797
v -9207.043945 605.593872 5753.341797
v -9357.043945 605.593872 5753.341797
v -9357.043945 705.593872 5753.341797
v -9207.043945 705.593872 5753.341797
v -8757.043945 605.593872 5753.341797
v -8907.043945 605.593872 5753.341797
v -8907.043945 705.593872 5753.341797
v -8757.043945 705.593872 5753.341797
v -8457.043945 605.593872 5753.341797
v -8457.043945 705.593872 5753.341797
v -8307.043945 705.593872 5753.341797
v -10407.043945 755.593872 5753.341797
v -10257.043945 755.593872 5753.341797
v -10107.043945 755.593872 5753.341797
v -9807.043945 755.593872 5753.341797
v -9657.043945 755.593872 5753.341797
v -9357.043945 755.593872 5753.341797
v -9207.043945 755.593872 5753.341797
v -8907.043945 755.593872 5753.341797
v -8757.043945 755.593872 5753.341797
v -8457.043945 755.593872 5753.341797
v -8307.043945 755.593872 5753.341797
v -8007.044434 755.593872 5753.341797
v -10607.043945 855.593872 5753.341797
v -10407.043945 855.593872 5753.341797
v -9007.043945 755.593872 5753.341797
v -9007.043945 855.593872 5753.341797
v -8307.043945 855.593872 5753.341797
v -9707.043945 755.593872 5753.341797
v -9707.043945 855.593872 5753.341797
v -8007.044434 855.593872 5753.341797
v -7807.044434 855.593872 5753.341797
v -3407.044189 1255.593872 5553.341797
v -3007.044434 1255.593872 5553.341797
v -4607.044434 1255.593872 5553.341797
v -4207.044434 1255.593872 5553.341797
v -6407.044434 1255.593872 5053.341797
v -6407.044434 1255.593872 4953.341797
v -7107.044434 1255.593872 4953.341797
v -7107.044434 1255.593872 5053.341797
v -7807.044434 1255.593872 4953.341797
v -7807.044434 1255.593872 5053.341797
v -6657.044434 1255.593872 5453.341797
v -6407.044434 1255.593872 5453.341797
v -6657.044434 1255.593872 5053.341797
v -7157.044434 1255.593872 5453.341797
v -7057.044434 1255.593872 5453.341797
v -7057.044434 1255.593872 5053.341797
v -7157.044434 1255.593872 5053.341797
v -7557.044434 1255.593872 5453.341797
v -7557.044434 1255.593872 5053.341797
v -7807.044434 1255.593872 5453.341797
v -6407.044434 1255.593872 5553.341797
v -7107.044434 1255.593872 5453.341797
v -7107.044434 1255.593872 5553.341797
v -7807.044434 1255.593872 5553.341797
v -6657.044434 1255.593872 5553.341797
v -6657.044434 1255.593872 5753.341797
v -6407.044434 1255.593872 5753.341797
v -7057.044434 1255.593872 5553.341797
v -7157.044434 1255.593872 5553.341797
v -7157.044434 1255.593872 5753.341797
v -7057.044434 1255.593872 5753.341797
v -7557.044434 1255.593872 5553.341797
v -7807.044434 1255.593872 5753.341797
v -7557.044434 1255.593872 5753.341797
v -4407.044434 2455.593750 5253.341797
v -4407.044434 2455.593750 4553.341797
v -4607.044434 2455.593750 5253.341797
v -3007.044434 2455.593750 5253.341797
v -3707.044189 2455.593750 4553.341797
v -3707.044189 2455.593750 5253.341797
v -4407.044434 2455.593750 5753.341797
v -3707.044189 2455.593750 5753.341797
v -3007.044434 2455.593750 5753.341797
v -4607.044434 2455.593750 5753.341797
v -4607.044434 1755.593872 4753.341797
v -4607.044434 2455.593750 4753.341797
v -4607.044434 1755.593872 4553.341797
v -4607.044434 1505.593872 4753.341797
v -4607.044434 1755.593872 4953.341797
v -4607.044434 2455.593750 4953.341797
v -4607.044434 1455.593872 4953.341797
v -4607.044434 1455.593872 4753.341797
v -4607.044434 1755.593872 5153.341797
v -4607.044434 2455.593750 5153.341797
v -4607.044434 1405.593872 5153.341797
v -4607.044434 1405.593872 4953.341797
v -4607.044434 1755.593872 5353.341797
v -4607.044434 2455.593750 5353.341797
v -4607.044434 1355.593872 5353.341797
v -4607.044434 1355.593872 5153.341797
v -4607.044434 1755.593872 5553.341797
v -4607.044434 2455.593750 5553.341797
v -4607.044434 1305.593872 5553.341797
v -4607.044434 1305.593872 5353.341797
v -4607.044434 1755.593872 5753.341797
v -3007.044434 1755.593872 4553.341797
v -3007.044434 2455.593750 4753.341797
v -3007.044434 1755.593872 4753.341797
v -3007.044434 1505.593872 4753.341797
v -3007.044434 2455.593750 4953.341797
v -3007.044434 1755.593872 4953.341797
v -3007.044434 1455.593872 4753.341797
v -3007.044434 1455.593872 4953.341797
v -3007.044434 2455.593750 5153.341797
v -3007.044434 1755.593872 5153.341797
v -3007.044434 1405.593872 4953.341797
v -3007.044434 1405.593872 5153.341797
v -3007.044434 2455.593750 5353.341797
v -3007.044434 1755.593872 5353.341797
v -3007.044434 1355.593872 5153.341797
v -3007.044434 1355.593872 5353.341797
v -3007.044434 2455.593750 5553.341797
v -3007.044434 1755.593872 5553.341797
v -3007.044434 1305.593872 5553.341797
v -3007.044434 1305.593872 5353.341797
v -3007.044434 1755.593872 5753.341797
v -3407.044189 1405.593872 5353.341797
v -3407.044189 1455.593872 5353.341797
v -4107.044434 1455.593872 5353.341797
v -4107.044434 1405.593872 5353.341797
v -4207.044434 1455.593872 5353.341797
v -4207.044434 1405.593872 5353.341797
v -3407.044189 1355.593872 5353.341797
v -3407.044189 1305.593872 5353.341797
v -4207.044434 1355.593872 5353.341797
v -4207.044434 1305.593872 5353.341797
v -3407.044189 1405.593872 5153.341797
v -3407.044189 1355.593872 5153.341797
v -4207.044434 1405.593872 5153.341797
v -4207.044434 1355.593872 5153.341797
v -3207.044189 1455.593872 4753.341797
v -3907.044189 1455.593872 4753.341797
v -3907.044189 1505.593872 4753.341797
v -3207.044189 1505.593872 4753.341797
v -3907.044189 1505.593872 4553.341797
v -3207.044189 1505.593872 4553.341797
v -3207.044189 1405.593872 4953.341797
v -3907.044189 1405.593872 4953.341797
v -3907.044189 1455.593872 4953.341797
v -3207.044189 1455.593872 4953.341797
v -3207.044189 1405.593872 5153.341797
v -3907.044189 1405.593872 5153.341797
v -3507.044189 1405.593872 5153.341797
v -3507.044189 1405.593872 5353.341797
v -3407.044189 1505.593872 5553.341797
v -3407.044189 1555.593872 5553.341797
v -4107.044434 1555.593872 5553.341797
v -4107.044434 1505.593872 5553.341797
v -4207.044434 1555.593872 5553.341797
v -4207.044434 1505.593872 5553.341797
v -3407.044189 1305.593872 5553.341797
v -4207.044434 1305.593872 5553.341797
v -3407.044189 1455.593872 5453.341797
v -3407.044189 1505.593872 5453.341797
v -4107.044434 1505.593872 5453.341797
v -4107.044434 1455.593872 5453.341797
v -4207.044434 1505.593872 5453.341797
v -4207.044434 1455.593872 5453.341797
v -4207.044434 1305.593872 5453.341797
v -3407.044189 1305.593872 5453.341797
v -3507.044189 1455.593872 5353.341797
v -3507.044189 1455.593872 5453.341797
v -3507.044189 1505.593872 5453.341797
v -3507.044189 1505.593872 5553.341797
v -3407.044189 1555.593872 5653.341797
v -3407.044189 1605.593872 5653.341797
v -4107.044434 1605.593872 5653.341797
v -4107.044434 1555.593872 5653.341797
v -4207.044434 1605.593872 5653.341797
v -4207.044434 1555.593872 5653.341797
v -4207.044434 1255.593872 5653.341797
v -3407.044189 1255.593872 5653.341797
v -3507.044189 1555.593872 5553.341797
v -3507.044189 1555.593872 5653.341797
v -3507.044189 1605.593872 5653.341797
v -3507.044189 1605.593872 5753.341797
v -7607.044434 905.593872 5053.341797
v -7357.044434 905.593872 5053.341797
v -7357.044434 905.593872 5103.341797
v -7607.044434 905.593872 5103.341797
v -7257.044434 905.593872 5053.341797
v -7257.044434 905.593872 5153.341797
v -7357.044434 905.593872 5153.341797
v -6807.044434 905.593872 5203.341797
v -6957.044434 905.593872 5203.341797
v -6957.044434 905.593872 5103.341797
v -6807.044434 905.593872 5103.341797
v -6857.044434 905.593872 5203.341797
v -6857.044434 905.593872 5303.341797
v -7207.044434 905.593872 5303.341797
v -7207.044434 905.593872 5203.341797
v -6957.044434 905.593872 5353.341797
v -6857.044434 905.593872 5353.341797
v -6857.044434 905.593872 5453.341797
v -6957.044434 905.593872 5453.341797
v -6957.044434 905.593872 5753.341797
v -7007.044434 905.593872 5753.341797
v -7007.044434 905.593872 5653.341797
v -6957.044434 905.593872 5653.341797
v -7057.044434 905.593872 5753.341797
v -7057.044434 905.593872 5503.341797
v -7007.044434 905.593872 5503.341797
v -6407.044434 905.593872 5103.341797
v -6407.044434 905.593872 4953.341797
v -6807.044434 905.593872 4953.341797
v -6557.044434 905.593872 5103.341797
v -6557.044434 905.593872 5203.341797
v -6407.044434 905.593872 5203.341797
v -6857.044434 905.593872 5603.341797
v -6807.044434 905.593872 5603.341797
v -6807.044434 905.593872 5503.341797
v -6857.044434 905.593872 5503.341797
v -6407.044434 905.593872 5503.341797
v -6407.044434 905.593872 5453.341797
v -6807.044434 905.593872 5353.341797
v -6807.044434 905.593872 5303.341797
v -6407.044434 905.593872 5353.341797
v -6407.044434 905.593872 5653.341797
v -6407.044434 905.593872 5603.341797
v -6957.044434 905.593872 5603.341797
v -7607.044434 905.593872 5003.341797
v -7607.044434 905.593872 4953.341797
v -7807.044434 905.593872 4953.341797
v -7807.044434 905.593872 5003.341797
v -7257.044434 905.593872 5203.341797
v -7207.044434 905.593872 5153.341797
v -7257.044434 905.593872 5003.341797
v -6807.044434 905.593872 5053.341797
v -6807.044434 905.593872 5003.341797
v -7757.044434 905.593872 5103.341797
v -7757.044434 905.593872 5153.341797
v -7607.044434 905.593872 5153.341797
v -7807.044434 905.593872 5153.341797
v -7807.044434 905.593872 5203.341797
v -7357.044434 905.593872 5203.341797
v -7757.044434 905.593872 5003.341797
v -6957.044434 905.593872 5503.341797
v -7007.044434 905.593872 5453.341797
v -7357.044434 905.593872 5303.341797
v -7357.044434 905.593872 5353.341797
v -7207.044434 905.593872 5353.341797
v -6957.044434 905.593872 5303.341797
v -7407.044434 905.593872 5353.341797
v -7407.044434 905.593872 5203.341797
v -6407.044434 955.593872 5653.341797
v -6407.044434 955.593872 4953.341797
v -6407.044434 1255.593872 5653.341797
v -6407.044434 955.593872 5753.341797
v -6407.044434 955.593872 5353.341797
v -6407.044434 955.593872 5453.341797
v -6407.044434 955.593872 5503.341797
v -6407.044434 955.593872 5603.341797
v -6407.044434 905.593872 5753.341797
v -7007.044434 955.593872 5653.341797
v -7007.044434 955.593872 5603.341797
v -6807.044434 955.593872 5603.341797
v -7007.044434 955.593872 5503.341797
v -6807.044434 955.593872 5503.341797
v -7007.044434 955.593872 5453.341797
v -7207.044434 955.593872 5353.341797
v -7407.044434 955.593872 5353.341797
v -7407.044434 955.593872 5203.341797
v -7207.044434 955.593872 5203.341797
v -6807.044434 955.593872 5353.341797
v -7207.044434 955.593872 5303.341797
v -6807.044434 955.593872 5303.341797
v -7807.044434 955.593872 5203.341797
v -7807.044434 955.593872 5153.341797
v -7207.044434 955.593872 5153.341797
v -7807.044434 955.593872 4953.341797
v -7607.044434 955.593872 4953.341797
v -7607.044434 955.593872 5153.341797
v -6907.044434 955.593872 5053.341797
v -7607.044434 955.593872 5053.341797
v -7607.044434 955.593872 5003.341797
v -6907.044434 955.593872 5003.341797
v -6807.044434 955.593872 5003.341797
v -6807.044434 955.593872 5053.341797
v -6807.044434 955.593872 4953.341797
v -7807.044434 955.593872 5053.341797
v -7557.044434 1205.593872 5753.341797
v -7157.044434 1205.593872 5753.341797
v -7157.044434 1205.593872 5553.341797
v -7557.044434 1205.593872 5553.341797
v -7057.044434 1205.593872 5753.341797
v -6657.044434 1205.593872 5753.341797
v -6657.044434 1205.593872 5553.341797
v -7057.044434 1205.593872 5553.341797
v -7557.044434 1205.593872 5453.341797
v -7157.044434 1205.593872 5453.341797
v -7157.044434 1205.593872 5053.341797
v -7557.044434 1205.593872 5053.341797
v -7057.044434 1205.593872 5453.341797
v -6657.044434 1205.593872 5453.341797
v -6657.044434 1205.593872 5053.341797
v -7057.044434 1205.593872 5053.341797
v -7107.044434 1205.593872 4953.341797
v -7807.044434 1205.593872 4953.341797
v -6407.044434 1205.593872 4953.341797
v -7107.044434 955.593872 4953.341797
v -6907.044434 955.593872 4953.341797
v -6907.044434 905.593872 4953.341797
v -6907.044434 905.593872 5053.341797
v -7507.044434 905.593872 5003.341797
v -7507.044434 955.593872 5003.341797
v -7007.044434 905.593872 5603.341797
v -6957.044434 855.593872 5753.341797
v -6957.044434 855.593872 5603.341797
v -6957.044434 855.593872 5203.341797
v -6957.044434 855.593872 5103.341797
v -6957.044434 855.593872 5503.341797
v -6957.044434 855.593872 5303.341797
v -6857.044434 855.593872 5203.341797
v -6857.044434 855.593872 5603.341797
v -6557.044434 855.593872 5203.341797
v -6557.044434 855.593872 5103.341797
v -6407.044434 855.593872 4953.341797
v -6957.044434 855.593872 4953.341797
v -6957.044434 905.593872 4953.341797
v -6407.044434 855.593872 5103.341797
v -6407.044434 855.593872 5203.341797
v -6407.044434 855.593872 5603.341797
v -6957.044434 455.593872 4953.341797
v -6407.044434 455.593872 4953.341797
v -6957.044434 455.593872 5653.341797
v -6407.044434 455.593872 5653.341797
v -6957.044434 455.593872 5753.341797
v -6407.044434 855.593872 5653.341797
v -7807.044434 455.593872 5053.341797
v -7807.044434 905.593872 5053.341797
v -7807.044434 455.593872 4953.341797
v -7057.044434 855.593872 5753.341797
v -7057.044434 855.593872 5503.341797
v -7357.044434 855.593872 5303.341797
v -7357.044434 855.593872 5203.341797
v -7757.044434 855.593872 5103.341797
v -7357.044434 855.593872 5103.341797
v -7357.044434 855.593872 5003.341797
v -7757.044434 855.593872 5003.341797
v -7257.044434 855.593872 5203.341797
v -7257.044434 855.593872 5003.341797
v -7107.044434 855.593872 4953.341797
v -7807.044434 855.593872 4953.341797
v -7107.044434 905.593872 4953.341797
v -7107.044434 455.593872 4953.341797
v -7107.044434 455.593872 5653.341797
v -7807.044434 455.593872 5653.341797
v -7107.044434 455.593872 5753.341797
v -6657.044434 1255.593872 5953.341797
v -6407.044434 1255.593872 5953.341797
v -7157.044434 1255.593872 5953.341797
v -7057.044434 1255.593872 5953.341797
v -7557.044434 1255.593872 5953.341797
v -7807.044434 1255.593872 5953.341797
v -7107.044434 1255.593872 5953.341797
v -4407.044434 2455.593750 6153.341797
v -4007.044189 1455.593872 5753.341797
v -4007.044189 1455.593872 6153.341797
v -3607.044189 1455.593872 6053.341797
v -4007.044189 1455.593872 6053.341797
v -3607.044189 1455.593872 6153.341797
v -3607.044189 1455.593872 5853.341797
v -4007.044189 1455.593872 5853.341797
v -3607.044189 1455.593872 5753.341797
v -3507.044189 1655.593872 6153.341797
v -4207.044434 1655.593872 6153.341797
v -3507.044189 1655.593872 5753.341797
v -3407.044189 1655.593872 6153.341797
v -3007.044434 1755.593872 6153.341797
v -3007.044434 1655.593872 6153.341797
v -3007.044434 1655.593872 5753.341797
v -4607.044434 1655.593872 5753.341797
v -4607.044434 1655.593872 6153.341797
v -3007.044434 1455.593872 5753.341797
v -3007.044434 1205.593872 5953.341797
v -3007.044434 1255.593872 5953.341797
v -3007.044434 1155.593872 5953.341797
v -3407.044189 1155.593872 5953.341797
v -4107.044434 1155.593872 5953.341797
v -4207.044434 1155.593872 5953.341797
v -4407.044434 1155.593872 5953.341797
v -3707.044189 1155.593872 5953.341797
v -3707.044189 1155.593872 6153.341797
v -4407.044434 1155.593872 6153.341797
v -4607.044434 1155.593872 5953.341797
v -4607.044434 1205.593872 5953.341797
v -4207.044434 1205.593872 5953.341797
v -3407.044189 1205.593872 5953.341797
v -7107.044434 455.593872 6153.341797
v -7807.044434 455.593872 6153.341797
v -6407.044434 455.593872 6153.341797
v -9207.043945 455.593872 6153.341797
v -9907.043945 455.593872 6153.341797
v -8507.043945 455.593872 6153.341797
v -10607.043945 455.593872 6153.341797
v -7807.044434 955.593872 5903.341797
v -7807.044434 955.593872 5803.341797
v -7807.044434 905.593872 5803.341797
v -7807.044434 905.593872 5903.341797
v -7807.044434 955.593872 6053.341797
v -7807.044434 955.593872 5953.341797
v -7807.044434 905.593872 5953.341797
v -7807.044434 905.593872 6053.341797
v -7807.044434 955.593872 6103.341797
v -7807.044434 905.593872 6103.341797
v -6957.044434 905.593872 5803.341797
v -6957.044434 905.593872 6153.341797
v -6807.044434 905.593872 5803.341797
v -6957.044434 905.593872 6003.341797
v -7057.044434 905.593872 6003.341797
v -7057.044434 905.593872 6153.341797
v -7207.044434 905.593872 6103.341797
v -7207.044434 905.593872 6053.341797
v -7207.044434 905.593872 5953.341797
v -7207.044434 905.593872 5903.341797
v -7057.044434 905.593872 5803.341797
v -7207.044434 905.593872 5803.341797
v -7207.044434 955.593872 5903.341797
v -7207.044434 955.593872 5953.341797
v -7107.044434 955.593872 5803.341797
v -7107.044434 955.593872 5753.341797
v -6807.044434 955.593872 5803.341797
v -7207.044434 955.593872 6053.341797
v -7207.044434 955.593872 6103.341797
v -7207.044434 955.593872 5803.341797
v -7157.044434 1205.593872 5953.341797
v -7557.044434 1205.593872 5953.341797
v -6657.044434 1205.593872 5953.341797
v -7057.044434 1205.593872 5953.341797
v -7057.044434 855.593872 6003.341797
v -6957.044434 855.593872 6003.341797
v -8507.043945 855.593872 5753.341797
v -9207.043945 855.593872 5753.341797
v -9207.043945 855.593872 6153.341797
v -8507.043945 855.593872 6153.341797
v -9907.043945 855.593872 5753.341797
v -1294.544434 2455.593750 11153.341797
v -1294.544434 2455.593750 11853.341797
v -907.044434 2455.593750 11853.341797
v -907.044434 2455.593750 11153.341797
v -207.044403 2455.593750 11853.341797
v -207.044403 2455.593750 11153.341797
v -1294.544434 2455.593750 10453.341797
v -907.044434 2455.593750 10453.341797
v -207.044403 2455.593750 10453.341797
v -907.044434 2455.593750 9753.341797
v -1294.544434 2455.593750 9753.341797
v -207.044403 2455.593750 9753.341797
v -907.044434 2455.593750 12153.341797
v -207.044403 2455.593750 12153.341797
v -1294.544434 2455.593750 12153.341797
v -1319.544434 2455.593750 10190.841797
v -1294.544434 2455.593750 10190.841797
v -1319.544434 2455.593750 9753.341797
v -1319.544434 2455.593750 10215.841797
v -1319.544434 2455.593750 10790.841797
v -1294.544434 2455.593750 10790.841797
v -1294.544434 2455.593750 10215.841797
v -1294.544434 2455.593750 10815.841797
v -1319.544434 2455.593750 10815.841797
v -1319.544434 2455.593750 11390.841797
v -1294.544434 2455.593750 11390.841797
v -1319.544434 2455.593750 11415.841797
v -1319.544434 2455.593750 12153.341797
v -1294.544434 2455.593750 11415.841797
v -907.044434 2455.593750 12553.341797
v -207.044403 2455.593750 12553.341797
v -1007.044434 2455.593750 12553.341797
v -1007.044434 2455.593750 12153.341797
v -1594.544434 2455.593750 11153.341797
v -1594.544434 2455.593750 11853.341797
v -1319.544434 2455.593750 11853.341797
v -1319.544434 2455.593750 11153.341797
v -1594.544434 2455.593750 10453.341797
v -1319.544434 2455.593750 10453.341797
v -1594.544434 2455.593750 9753.341797
v -1594.544434 2455.593750 12153.341797
v -1594.544434 2455.593750 10190.841797
v -1619.544434 2455.593750 9753.341797
v -1619.544434 2455.593750 10190.841797
v -1594.544434 2455.593750 10790.841797
v -1594.544434 2455.593750 10215.841797
v -1619.544434 2455.593750 10215.841797
v -1619.544434 2455.593750 10790.841797
v -1594.544434 2455.593750 10815.841797
v -1619.544434 2455.593750 10815.841797
v -1619.544434 2455.593750 11390.841797
v -1594.544434 2455.593750 11390.841797
v -1594.544434 2455.593750 11415.841797
v -1619.544434 2455.593750 11415.841797
v -1619.544434 2455.593750 12153.341797
v -10007.043945 2455.593750 7753.341797
v -10707.043945 2455.593750 7753.341797
v -10707.043945 2455.593750 8153.341797
v -10007.043945 2455.593750 8153.341797
v -9307.043945 2455.593750 7753.341797
v -9307.043945 2455.593750 8153.341797
v -8607.043945 2455.593750 7753.341797
v -8607.043945 2455.593750 8153.341797
v -7907.044434 2455.593750 7753.341797
v -7907.044434 2455.593750 8153.341797
v -7207.044434 2455.593750 7753.341797
v -7207.044434 2455.593750 8153.341797
v -6507.044434 2455.593750 7753.341797
v -6507.044434 2455.593750 8153.341797
v -5807.044434 2455.593750 7753.341797
v -5807.044434 2455.593750 8153.341797
v -5107.044434 2455.593750 7753.341797
v -5107.044434 2455.593750 8153.341797
v -4407.044434 2455.593750 7753.341797
v -4407.044434 2455.593750 8153.341797
v -3707.044189 2455.593750 7753.341797
v -3707.044189 2455.593750 8153.341797
v -3007.044434 2455.593750 8153.341797
v -3007.044434 2455.593750 7753.341797
v -11007.043945 2455.593750 7753.341797
v -11007.043945 2455.593750 8153.341797
v -3407.044189 2455.593750 8153.341797
v -3407.044189 2455.593750 8853.341797
v -3007.044434 2455.593750 8853.341797
v -3407.044189 2455.593750 9353.341797
v -3007.044434 2455.593750 9353.341797
v -3407.044189 2455.593750 11153.341797
v -3407.044189 2455.593750 11853.341797
v -3019.544434 2455.593750 11853.341797
v -3019.544434 2455.593750 11153.341797
v -1619.544434 2455.593750 11853.341797
v -1619.544434 2455.593750 11153.341797
v -2319.544434 2455.593750 11153.341797
v -2319.544434 2455.593750 11853.341797
v -3407.044189 2455.593750 10453.341797
v -3019.544434 2455.593750 10453.341797
v -1619.544434 2455.593750 10453.341797
v -2319.544434 2455.593750 10453.341797
v -3407.044189 2455.593750 9753.341797
v -3019.544434 2455.593750 9753.341797
v -2319.544434 2455.593750 9753.341797
v -3019.544434 2455.593750 12153.341797
v -2319.544434 2455.593750 12153.341797
v -3407.044189 2455.593750 12153.341797
v -4607.044434 2455.593750 14153.341797
v -4607.044434 2455.593750 14853.341797
v -4207.044434 2455.593750 14853.341797
v -4207.044434 2455.593750 14153.341797
v -1407.044434 2455.593750 14853.341797
v -1407.044434 2455.593750 14153.341797
v -2107.044434 2455.593750 14153.341797
v -2107.044434 2455.593750 14853.341797
v -2807.044434 2455.593750 14153.341797
v -2807.044434 2455.593750 14853.341797
v -3507.044189 2455.593750 14153.341797
v -3507.044189 2455.593750 14853.341797
v -4207.044434 2455.593750 15353.341797
v -3507.044189 2455.593750 15353.341797
v -2807.044434 2455.593750 15353.341797
v -2107.044434 2455.593750 15353.341797
v -1407.044434 2455.593750 15353.341797
v -4607.044434 2455.593750 15353.341797
v -4607.044434 2455.593750 13253.341797
v -4607.044434 2455.593750 13953.341797
v -4407.044434 2455.593750 13953.341797
v -4407.044434 2455.593750 13253.341797
v -207.044403 2455.593750 13953.341797
v -207.044403 2455.593750 13253.341797
v -907.044434 2455.593750 13253.341797
v -907.044434 2455.593750 13953.341797
v -1607.044434 2455.593750 13253.341797
v -1607.044434 2455.593750 13953.341797
v -2307.044434 2455.593750 13253.341797
v -2307.044434 2455.593750 13953.341797
v -3007.044434 2455.593750 13253.341797
v -3007.044434 2455.593750 13953.341797
v -3707.044189 2455.593750 13253.341797
v -3707.044189 2455.593750 13953.341797
v -4607.044434 2455.593750 12553.341797
v -4407.044434 2455.593750 12553.341797
v -1607.044434 2455.593750 12553.341797
v -2307.044434 2455.593750 12553.341797
v -3007.044434 2455.593750 12553.341797
v -3707.044189 2455.593750 12553.341797
v -4407.044434 2455.593750 14153.341797
v -3707.044189 2455.593750 14153.341797
v -3007.044434 2455.593750 14153.341797
v -2307.044434 2455.593750 14153.341797
v -1607.044434 2455.593750 14153.341797
v -907.044434 2455.593750 14153.341797
v -207.044403 2455.593750 14153.341797
v -4607.044434 2455.593750 11653.341797
v -4607.044434 2455.593750 12353.341797
v -4107.044434 2455.593750 12353.341797
v -4107.044434 2455.593750 11653.341797
v -3407.044189 2455.593750 12353.341797
v -3407.044189 2455.593750 11653.341797
v -4607.044434 2455.593750 10953.341797
v -4107.044434 2455.593750 10953.341797
v -3407.044189 2455.593750 10953.341797
v -4607.044434 2455.593750 10253.341797
v -4107.044434 2455.593750 10253.341797
v -3407.044189 2455.593750 10253.341797
v -4607.044434 2455.593750 9553.341797
v -4107.044434 2455.593750 9553.341797
v -3407.044189 2455.593750 9553.341797
v -4607.044434 2455.593750 8853.341797
v -4107.044434 2455.593750 8853.341797
v -4607.044434 2455.593750 8153.341797
v -4107.044434 2455.593750 8153.341797
v -4107.044434 2455.593750 12553.341797
v -3407.044189 2455.593750 12553.341797
v -3407.044189 2455.593750 15753.341797
v -3407.044189 2455.593750 15353.341797
v -4107.044434 2455.593750 15353.341797
v -4107.044434 2455.593750 15753.341797
v -4607.044434 2455.593750 15753.341797
v -11007.043945 2455.593750 8853.341797
v -10907.043945 2455.593750 8853.341797
v -10907.043945 2455.593750 8153.341797
v -5307.044434 2455.593750 8153.341797
v -5307.044434 2455.593750 8853.341797
v -6007.044434 2455.593750 8153.341797
v -6007.044434 2455.593750 8853.341797
v -6707.044434 2455.593750 8153.341797
v -6707.044434 2455.593750 8853.341797
v -7407.044434 2455.593750 8153.341797
v -7407.044434 2455.593750 8853.341797
v -8107.044434 2455.593750 8153.341797
v -8107.044434 2455.593750 8853.341797
v -8807.043945 2455.593750 8153.341797
v -8807.043945 2455.593750 8853.341797
v -9507.043945 2455.593750 8153.341797
v -9507.043945 2455.593750 8853.341797
v -10207.043945 2455.593750 8153.341797
v -10207.043945 2455.593750 8853.341797
v -10907.043945 2455.593750 9353.341797
v -10207.043945 2455.593750 9353.341797
v -9507.043945 2455.593750 9353.341797
v -8807.043945 2455.593750 9353.341797
v -8107.044434 2455.593750 9353.341797
v -7407.044434 2455.593750 9353.341797
v -6707.044434 2455.593750 9353.341797
v -6007.044434 2455.593750 9353.341797
v -5307.044434 2455.593750 9353.341797
v -4607.044434 2455.593750 9353.341797
v -11007.043945 2455.593750 9353.341797
v -207.044403 3655.593750 9553.341797
v -207.044403 3655.593750 9353.341797
v -907.044434 3655.593750 9353.341797
v -907.044434 3655.593750 9553.341797
v -1407.044434 3655.593750 9353.341797
v -1407.044434 3655.593750 9553.341797
v -5407.044434 3655.593750 14953.341797
v -5407.044434 3655.593750 15653.341797
v -5307.044434 3655.593750 15653.341797
v -5307.044434 3655.593750 14953.341797
v -4607.044434 3655.593750 15653.341797
v -4607.044434 3655.593750 14953.341797
v -5407.044434 3655.593750 14253.341797
v -5307.044434 3655.593750 14253.341797
v -4607.044434 3655.593750 14253.341797
v -5407.044434 3655.593750 13553.341797
v -5307.044434 3655.593750 13553.341797
v -4607.044434 3655.593750 13553.341797
v -5407.044434 3655.593750 12853.341797
v -5307.044434 3655.593750 12853.341797
v -4607.044434 3655.593750 12853.341797
v -5407.044434 3655.593750 12153.341797
v -5307.044434 3655.593750 12153.341797
v -4607.044434 3655.593750 12153.341797
v -5407.044434 3655.593750 11453.341797
v -5307.044434 3655.593750 11453.341797
v -4607.044434 3655.593750 11453.341797
v -5407.044434 3655.593750 10753.341797
v -5307.044434 3655.593750 10753.341797
v -4607.044434 3655.593750 10753.341797
v -5407.044434 3655.593750 10053.341797
v -5307.044434 3655.593750 10053.341797
v -4607.044434 3655.593750 10053.341797
v -5307.044434 3655.593750 9353.341797
v -5407.044434 3655.593750 9353.341797
v -4607.044434 3655.593750 9353.341797
v -5307.044434 3655.593750 15753.341797
v -4607.044434 3655.593750 15753.341797
v -5407.044434 3655.593750 15753.341797
v -5807.044434 3655.593750 14253.341797
v -5807.044434 3655.593750 14953.341797
v -5807.044434 3655.593750 13553.341797
v -5807.044434 3655.593750 12853.341797
v -5807.044434 3655.593750 12153.341797
v -5807.044434 3655.593750 11453.341797
v -5807.044434 3655.593750 10753.341797
v -5807.044434 3655.593750 10053.341797
v -5807.044434 3655.593750 9353.341797
v -5807.044434 3655.593750 15353.341797
v -5407.044434 3655.593750 15353.341797
v -10607.043945 3655.593750 14953.341797
v -10607.043945 3655.593750 15653.341797
v -10007.043945 3655.593750 15653.341797
v -10007.043945 3655.593750 14953.341797
v -6507.044434 3655.593750 14953.341797
v -6507.044434 3655.593750 15653.341797
v -5807.044434 3655.593750 15653.341797
v -7207.044434 3655.593750 14953.341797
v -7207.044434 3655.593750 15653.341797
v -7907.044434 3655.593750 14953.341797
v -7907.044434 3655.593750 15653.341797
v -8607.043945 3655.593750 14953.341797
v -8607.043945 3655.593750 15653.341797
v -9307.043945 3655.593750 14953.341797
v -9307.043945 3655.593750 15653.341797
v -10607.043945 3655.593750 14253.341797
v -10007.043945 3655.593750 14253.341797
v -6507.044434 3655.593750 14253.341797
v -7207.044434 3655.593750 14253.341797
v -7907.044434 3655.593750 14253.341797
v -8607.043945 3655.593750 14253.341797
v -9307.043945 3655.593750 14253.341797
v -10607.043945 3655.593750 13553.341797
v -10007.043945 3655.593750 13553.341797
v -6507.044434 3655.593750 13553.341797
v -7207.044434 3655.593750 13553.341797
v -7907.044434 3655.593750 13553.341797
v -8607.043945 3655.593750 13553.341797
v -9307.043945 3655.593750 13553.341797
v -10607.043945 3655.593750 12853.341797
v -10007.043945 3655.593750 12853.341797
v -6507.044434 3655.593750 12853.341797
v -7207.044434 3655.593750 12853.341797
v -7907.044434 3655.593750 12853.341797
v -8607.043945 3655.593750 12853.341797
v -9307.043945 3655.593750 12853.341797
v -10607.043945 3655.593750 12153.341797
v -10007.043945 3655.593750 12153.341797
v -6507.044434 3655.593750 12153.341797
v -7207.044434 3655.593750 12153.341797
v -7907.044434 3655.593750 12153.341797
v -8607.043945 3655.593750 12153.341797
v -9307.043945 3655.593750 12153.341797
v -10607.043945 3655.593750 11453.341797
v -10007.043945 3655.593750 11453.341797
v -6507.044434 3655.593750 11453.341797
v -7207.044434 3655.593750 11453.341797
v -7907.044434 3655.593750 11453.341797
v -8607.043945 3655.593750 11453.341797
v -9307.043945 3655.593750 11453.341797
v -10607.043945 3655.593750 10753.341797
v -10007.043945 3655.593750 10753.341797
v -6507.044434 3655.593750 10753.341797
v -7207.044434 3655.593750 10753.341797
v -7907.044434 3655.593750 10753.341797
v -8607.043945 3655.593750 10753.341797
v -9307.043945 3655.593750 10753.341797
v -10607.043945 3655.593750 10053.341797
v -10007.043945 3655.593750 10053.341797
v -6507.044434 3655.593750 10053.341797
v -7207.044434 3655.593750 10053.341797
v -7907.044434 3655.593750 10053.341797
v -8607.043945 3655.593750 10053.341797
v -9307.043945 3655.593750 10053.341797
v -10007.043945 3655.593750 9353.341797
v -10607.043945 3655.593750 9353.341797
v -6507.044434 3655.593750 9353.341797
v -7207.044434 3655.593750 9353.341797
v -7907.044434 3655.593750 9353.341797
v -8607.043945 3655.593750 9353.341797
v -9307.043945 3655.593750 9353.341797
v -10007.043945 3655.593750 15753.341797
v -9307.043945 3655.593750 15753.341797
v -8607.043945 3655.593750 15753.341797
v -7907.044434 3655.593750 15753.341797
v -7207.044434 3655.593750 15753.341797
v -6507.044434 3655.593750 15753.341797
v -5807.044434 3655.593750 15753.341797
v -10607.043945 3655.593750 15753.341797
v -11007.043945 3655.593750 10053.341797
v -11007.043945 3655.593750 10753.341797
v -11007.043945 3655.593750 9353.341797
v -11007.043945 3655.593750 11353.341797
v -10607.043945 3655.593750 11353.341797
v -10607.043945 3655.593750 15253.341797
v -10607.043945 3655.593750 14553.341797
v -11007.043945 3655.593750 14553.341797
v -11007.043945 3655.593750 15253.341797
v -10607.043945 3655.593750 13853.341797
v -11007.043945 3655.593750 13853.341797
v -10607.043945 3655.593750 13153.341797
v -11007.043945 3655.593750 13153.341797
v -10607.043945 3655.593750 12453.341797
v -11007.043945 3655.593750 12453.341797
v -10607.043945 3655.593750 11753.341797
v -11007.043945 3655.593750 11753.341797
v -11007.043945 3655.593750 15753.341797
v -907.044434 2955.593750 9353.341797
v -1407.044434 2955.593750 9353.341797
v -207.044403 2955.593750 9353.341797
v -207.044403 2455.593750 9353.341797
v -907.044434 2455.593750 9353.341797
v -1407.044434 2455.593750 9353.341797
v -4807.044434 2655.593750 9353.341797
v -5207.044434 2655.593750 9353.341797
v -5207.044434 3055.593750 9353.341797
v -4807.044434 3055.593750 9353.341797
v -5207.044434 3655.593750 9353.341797
v -4807.044434 3655.593750 9353.341797
v -4607.044434 2955.593750 9353.341797
v -4807.044434 2955.593750 9353.341797
v -4607.044434 2655.593750 9353.341797
v -5607.044434 2955.593750 9353.341797
v -5607.044434 3655.593750 9353.341797
v -5207.044434 2955.593750 9353.341797
v -5607.044434 2655.593750 9353.341797
v -9607.043945 2655.593750 9353.341797
v -10007.043945 2655.593750 9353.341797
v -10007.043945 3055.593750 9353.341797
v -9607.043945 3055.593750 9353.341797
v -9207.043945 3055.593750 9353.341797
v -9207.043945 2655.593750 9353.341797
v -8807.043945 2655.593750 9353.341797
v -8807.043945 3055.593750 9353.341797
v -8007.044434 2655.593750 9353.341797
v -8407.043945 2655.593750 9353.341797
v -8407.043945 3055.593750 9353.341797
v -8007.044434 3055.593750 9353.341797
v -7607.044434 3055.593750 9353.341797
v -7607.044434 2655.593750 9353.341797
v -7207.044434 2655.593750 9353.341797
v -7207.044434 3055.593750 9353.341797
v -6407.044434 2655.593750 9353.341797
v -6807.044434 2655.593750 9353.341797
v -6807.044434 3055.593750 9353.341797
v -6407.044434 3055.593750 9353.341797
v -6007.044434 3055.593750 9353.341797
v -6007.044434 2655.593750 9353.341797
v -5607.044434 3055.593750 9353.341797
v -10407.043945 3655.593750 9353.341797
v -10007.043945 2955.593750 9353.341797
v -10407.043945 2955.593750 9353.341797
v -10407.043945 2655.593750 9353.341797
v -9307.043945 3055.593750 9353.341797
v -8807.043945 3655.593750 9353.341797
v -8407.043945 3655.593750 9353.341797
v -8407.043945 2955.593750 9353.341797
v -8807.043945 2955.593750 9353.341797
v -7707.044434 3055.593750 9353.341797
v -7707.044434 3655.593750 9353.341797
v -6807.044434 3655.593750 9353.341797
v -6807.044434 2955.593750 9353.341797
v -7207.044434 2955.593750 9353.341797
v -6107.044434 3055.593750 9353.341797
v -6107.044434 3655.593750 9353.341797
v -4707.044434 2455.593750 9353.341797
v -5407.044434 2455.593750 9353.341797
v -5407.044434 2655.593750 9353.341797
v -4707.044434 2655.593750 9353.341797
v -6107.044434 2455.593750 9353.341797
v -6107.044434 2655.593750 9353.341797
v -6807.044434 2455.593750 9353.341797
v -7507.044434 2455.593750 9353.341797
v -7507.044434 2655.593750 9353.341797
v -8207.043945 2455.593750 9353.341797
v -8207.043945 2655.593750 9353.341797
v -8907.043945 2455.593750 9353.341797
v -8907.043945 2655.593750 9353.341797
v -9607.043945 2455.593750 9353.341797
v -10307.043945 2455.593750 9353.341797
v -10307.043945 2655.593750 9353.341797
v -11007.043945 2655.593750 9353.341797
v -10807.043945 2655.593750 9353.341797
v -10807.043945 3055.593750 9353.341797
v -10407.043945 3055.593750 9353.341797
v -10807.043945 3655.593750 9353.341797
v -10807.043945 2955.593750 9353.341797
v -11007.043945 2955.593750 9353.341797
v -4607.044434 3655.593750 15553.341797
v -4607.044434 2955.593750 15753.341797
v -4607.044434 2955.593750 15553.341797
v -4607.044434 2455.593750 15553.341797
v -4607.044434 2655.593750 15153.341797
v -4607.044434 2655.593750 15553.341797
v -4607.044434 2455.593750 15153.341797
v -4607.044434 3055.593750 15153.341797
v -4607.044434 3055.593750 15553.341797
v -4607.044434 3655.593750 15153.341797
v -4607.044434 3655.593750 14753.341797
v -4607.044434 2955.593750 15153.341797
v -4607.044434 2955.593750 14753.341797
v -4607.044434 2455.593750 14753.341797
v -4607.044434 2655.593750 14353.341797
v -4607.044434 2655.593750 14753.341797
v -4607.044434 2455.593750 14353.341797
v -4607.044434 3055.593750 14353.341797
v -4607.044434 3055.593750 14753.341797
v -4607.044434 3655.593750 14353.341797
v -4607.044434 3655.593750 14153.341797
v -4607.044434 2955.593750 14353.341797
v -4607.044434 2955.593750 14153.341797
v -4607.044434 2655.593750 9953.341797
v -4607.044434 2655.593750 10653.341797
v -4607.044434 2455.593750 10653.341797
v -4607.044434 2455.593750 9953.341797
v -4607.044434 2655.593750 11353.341797
v -4607.044434 2455.593750 11353.341797
v -4607.044434 2655.593750 12053.341797
v -4607.044434 2455.593750 12053.341797
v -4607.044434 2655.593750 12753.341797
v -4607.044434 2455.593750 12753.341797
v -4607.044434 2655.593750 13453.341797
v -4607.044434 2455.593750 13453.341797
v -4607.044434 2655.593750 14153.341797
v -4607.044434 3055.593750 13553.341797
v -4607.044434 3055.593750 13953.341797
v -4607.044434 2655.593750 13953.341797
v -4607.044434 2655.593750 13553.341797
v -4607.044434 3055.593750 12753.341797
v -4607.044434 3055.593750 13153.341797
v -4607.044434 2655.593750 13153.341797
v -4607.044434 2655.593750 12353.341797
v -4607.044434 3055.593750 12353.341797
v -4607.044434 3055.593750 11953.341797
v -4607.044434 2655.593750 11953.341797
v -4607.044434 3055.593750 11153.341797
v -4607.044434 3055.593750 11553.341797
v -4607.044434 2655.593750 11553.341797
v -4607.044434 2655.593750 11153.341797
v -4607.044434 2655.593750 10753.341797
v -4607.044434 3055.593750 10753.341797
v -4607.044434 3055.593750 10353.341797
v -4607.044434 2655.593750 10353.341797
v -4607.044434 3055.593750 9553.341797
v -4607.044434 3055.593750 9953.341797
v -4607.044434 2655.593750 9553.341797
v -4607.044434 3655.593750 13953.341797
v -4607.044434 2955.593750 13953.341797
v -4607.044434 3655.593750 13153.341797
v -4607.044434 2955.593750 13553.341797
v -4607.044434 2955.593750 13153.341797
v -4607.044434 3655.593750 12453.341797
v -4607.044434 3055.593750 12453.341797
v -4607.044434 3655.593750 11953.341797
v -4607.044434 3655.593750 11553.341797
v -4607.044434 2955.593750 11953.341797
v -4607.044434 2955.593750 11553.341797
v -4607.044434 3655.593750 10853.341797
v -4607.044434 3055.593750 10853.341797
v -4607.044434 3655.593750 10353.341797
v -4607.044434 3655.593750 9953.341797
v -4607.044434 2955.593750 10353.341797
v -4607.044434 2955.593750 9953.341797
v -4607.044434 3655.593750 9553.341797
v -4607.044434 2955.593750 9553.341797
v -1407.044434 2955.593750 9553.341797
v -1407.044434 2455.593750 9553.341797
v -207.044403 2955.593750 9553.341797
v -707.044434 3655.593750 9553.341797
v -707.044434 2955.593750 9553.341797
v -707.044434 2455.593750 9553.341797
v -207.044403 2455.593750 9553.341797
v -11007.043945 2955.593750 11353.341797
v -11007.043945 2955.593750 10753.341797
v -11007.043945 2955.593750 10053.341797
v -11007.043945 2455.593750 10053.341797
v -11007.043945 2455.593750 10753.341797
v -11007.043945 2455.593750 11353.341797
v -11007.043945 2955.593750 15753.341797
v -11007.043945 2955.593750 15253.341797
v -11007.043945 2955.593750 12453.341797
v -11007.043945 2955.593750 11753.341797
v -11007.043945 2955.593750 13153.341797
v -11007.043945 2955.593750 13853.341797
v -11007.043945 2955.593750 14553.341797
v -11007.043945 2455.593750 14553.341797
v -11007.043945 2455.593750 15253.341797
v -11007.043945 2455.593750 13853.341797
v -11007.043945 2455.593750 13153.341797
v -11007.043945 2455.593750 12453.341797
v -11007.043945 2455.593750 11753.341797
v -11007.043945 2455.593750 15753.341797
v -4707.044434 3655.593750 15753.341797
v -4707.044434 2955.593750 15753.341797
v -5407.044434 2955.593750 15753.341797
v -5407.044434 2455.593750 15753.341797
v -4707.044434 2455.593750 15753.341797
v -5807.044434 2955.593750 15753.341797
v -6107.044434 3655.593750 15753.341797
v -6107.044434 2955.593750 15753.341797
v -10307.043945 2955.593750 15753.341797
v -10307.043945 3655.593750 15753.341797
v -9607.043945 2955.593750 15753.341797
v -9607.043945 3655.593750 15753.341797
v -8907.043945 2955.593750 15753.341797
v -8907.043945 3655.593750 15753.341797
v -8207.043945 2955.593750 15753.341797
v -8207.043945 3655.593750 15753.341797
v -7507.044434 2955.593750 15753.341797
v -7507.044434 3655.593750 15753.341797
v -6807.044434 2955.593750 15753.341797
v -6807.044434 3655.593750 15753.341797
v -6807.044434 2455.593750 15753.341797
v -6107.044434 2455.593750 15753.341797
v -7507.044434 2455.593750 15753.341797
v -8207.043945 2455.593750 15753.341797
v -8907.043945 2455.593750 15753.341797
v -9607.043945 2455.593750 15753.341797
v -10307.043945 2455.593750 15753.341797
v -5807.044434 2455.593750 15753.341797
v -5807.044434 2955.593750 15353.341797
v -5807.044434 2455.593750 15353.341797
v -5407.044434 2955.593750 15353.341797
v -5407.044434 2455.593750 15353.341797
v -10607.043945 2955.593750 11753.341797
v -10607.043945 2955.593750 11353.341797
v -10607.043945 2455.593750 11353.341797
v -10607.043945 2455.593750 11753.341797
v -4507.044434 1855.593872 7753.341797
v -4307.044434 1855.593872 7753.341797
v -4307.044434 1655.593872 7753.341797
v -4507.044434 1655.593872 7753.341797
v -4507.044434 2055.593750 7753.341797
v -4307.044434 2055.593750 7753.341797
v -3307.044189 1855.593872 7753.341797
v -3107.044434 1855.593872 7753.341797
v -3107.044434 1655.593872 7753.341797
v -3307.044189 1655.593872 7753.341797
v -3307.044189 2055.593750 7753.341797
v -3107.044434 2055.593750 7753.341797
v -4607.044434 2455.593750 7753.341797
v -4507.044434 2455.593750 7753.341797
v -4507.044434 1755.593872 7753.341797
v -4607.044434 1755.593872 7753.341797
v -4607.044434 1655.593872 7753.341797
v -4307.044434 2455.593750 7753.341797
v -4207.044434 2455.593750 7753.341797
v -4207.044434 1755.593872 7753.341797
v -4307.044434 1755.593872 7753.341797
v -4207.044434 1655.593872 7753.341797
v -3507.044189 2455.593750 7753.341797
v -3507.044189 2155.593750 7753.341797
v -4207.044434 2155.593750 7753.341797
v -3407.044189 2455.593750 7753.341797
v -3407.044189 2155.593750 7753.341797
v -3307.044189 2455.593750 7753.341797
v -3307.044189 1755.593872 7753.341797
v -3407.044189 1755.593872 7753.341797
v -3407.044189 1655.593872 7753.341797
v -3107.044434 2455.593750 7753.341797
v -3007.044434 1755.593872 7753.341797
v -3107.044434 1755.593872 7753.341797
v -3007.044434 1655.593872 7753.341797
v -3907.044189 1555.593872 7753.341797
v -3207.044189 1555.593872 7753.341797
v -3207.044189 1255.593872 7753.341797
v -3907.044189 1255.593872 7753.341797
v -4607.044434 1555.593872 7753.341797
v -4607.044434 1255.593872 7753.341797
v -3007.044434 1555.593872 7753.341797
v -3007.044434 1255.593872 7753.341797
v -10907.043945 2455.593750 7753.341797
v -10907.043945 1755.593872 7753.341797
v -11007.043945 1755.593872 7753.341797
v -5307.044434 2455.593750 7753.341797
v -5307.044434 1755.593872 7753.341797
v -6007.044434 2455.593750 7753.341797
v -6007.044434 1755.593872 7753.341797
v -6707.044434 2455.593750 7753.341797
v -6707.044434 1755.593872 7753.341797
v -7407.044434 2455.593750 7753.341797
v -7407.044434 1755.593872 7753.341797
v -8107.044434 2455.593750 7753.341797
v -8107.044434 1755.593872 7753.341797
v -8807.043945 2455.593750 7753.341797
v -8807.043945 1755.593872 7753.341797
v -9507.043945 2455.593750 7753.341797
v -9507.043945 1755.593872 7753.341797
v -10207.043945 2455.593750 7753.341797
v -10207.043945 1755.593872 7753.341797
v -10207.043945 1655.593872 7753.341797
v -10907.043945 1655.593872 7753.341797
v -9507.043945 1655.593872 7753.341797
v -8807.043945 1655.593872 7753.341797
v -8107.044434 1655.593872 7753.341797
v -7407.044434 1655.593872 7753.341797
v -6707.044434 1655.593872 7753.341797
v -6007.044434 1655.593872 7753.341797
v -5307.044434 1655.593872 7753.341797
v -11007.043945 1655.593872 7753.341797
v -4707.044434 1630.593872 7753.341797
v -4607.044434 1630.593872 7753.341797
v -4707.044434 1255.593872 7753.341797
v -4807.044434 1605.593872 7753.341797
v -4807.044434 1655.593872 7753.341797
v -4707.044434 1655.593872 7753.341797
v -4707.044434 1605.593872 7753.341797
v -4807.044434 1580.593872 7753.341797
v -4707.044434 1580.593872 7753.341797
v -4807.044434 1255.593872 7753.341797
v -4907.044434 1555.593872 7753.341797
v -4907.044434 1655.593872 7753.341797
v -4807.044434 1555.593872 7753.341797
v -4907.044434 1530.593872 7753.341797
v -4807.044434 1530.593872 7753.341797
v -4907.044434 1255.593872 7753.341797
v -5007.044434 1505.593872 7753.341797
v -5007.044434 1655.593872 7753.341797
v -4907.044434 1505.593872 7753.341797
v -5007.044434 1480.593872 7753.341797
v -4907.044434 1480.593872 7753.341797
v -5007.044434 1255.593872 7753.341797
v -5107.044434 1455.593872 7753.341797
v -5107.044434 1655.593872 7753.341797
v -5007.044434 1455.593872 7753.341797
v -5107.044434 1430.593872 7753.341797
v -5007.044434 1430.593872 7753.341797
v -5107.044434 1255.593872 7753.341797
v -5207.044434 1405.593872 7753.341797
v -5207.044434 1655.593872 7753.341797
v -5107.044434 1405.593872 7753.341797
v -5207.044434 1380.593872 7753.341797
v -5107.044434 1380.593872 7753.341797
v -5207.044434 1255.593872 7753.341797
v -5307.044434 1355.593872 7753.341797
v -5207.044434 1355.593872 7753.341797
v -5307.044434 1330.593872 7753.341797
v -5207.044434 1330.593872 7753.341797
v -5307.044434 1255.593872 7753.341797
v -5407.044434 1305.593872 7753.341797
v -5407.044434 1655.593872 7753.341797
v -5307.044434 1305.593872 7753.341797
v -5407.044434 1280.593872 7753.341797
v -5307.044434 1280.593872 7753.341797
v -5407.044434 1255.593872 7753.341797
v -9307.043945 1255.593872 7753.341797
v -10007.043945 1255.593872 7753.341797
v -10007.043945 1655.593872 7753.341797
v -9307.043945 1655.593872 7753.341797
v -8607.043945 1255.593872 7753.341797
v -8607.043945 1655.593872 7753.341797
v -7907.044434 1255.593872 7753.341797
v -7907.044434 1655.593872 7753.341797
v -7207.044434 1655.593872 7753.341797
v -7207.044434 1255.593872 7753.341797
v -10607.043945 1255.593872 7753.341797
v -10607.043945 1655.593872 7753.341797
v -6107.044434 1255.593872 7753.341797
v -6107.044434 1655.593872 7753.341797
v -6807.044434 1255.593872 7753.341797
v -6807.044434 1655.593872 7753.341797
v -5107.044434 -3644.406250 7753.341797
v -5107.044434 -4344.406250 7753.341797
v -5407.044434 -4344.406250 7753.341797
v -5407.044434 -3644.406250 7753.341797
v -3007.044434 -3644.406250 7753.341797
v -3007.044434 -4344.406250 7753.341797
v -3707.044189 -4344.406250 7753.341797
v -3707.044189 -3644.406250 7753.341797
v -4407.044434 -4344.406250 7753.341797
v -4407.044434 -3644.406250 7753.341797
v -5107.044434 -2944.406250 7753.341797
v -5407.044434 -2944.406250 7753.341797
v -3007.044434 -2944.406250 7753.341797
v -3707.044189 -2944.406250 7753.341797
v -4407.044434 -2944.406250 7753.341797
v -5107.044434 -2244.406250 7753.341797
v -5407.044434 -2244.406250 7753.341797
v -3007.044434 -2244.406250 7753.341797
v -3707.044189 -2244.406250 7753.341797
v -4407.044434 -2244.406250 7753.341797
v -5107.044434 -1544.406128 7753.341797
v -5407.044434 -1544.406128 7753.341797
v -3007.044434 -1544.406128 7753.341797
v -3707.044189 -1544.406128 7753.341797
v -4407.044434 -1544.406128 7753.341797
v -5107.044434 -844.406128 7753.341797
v -5407.044434 -844.406128 7753.341797
v -3007.044434 -844.406128 7753.341797
v -3707.044189 -844.406128 7753.341797
v -4407.044434 -844.406128 7753.341797
v -5107.044434 -144.406128 7753.341797
v -5407.044434 -144.406128 7753.341797
v -3007.044434 -144.406128 7753.341797
v -3707.044189 -144.406128 7753.341797
v -4407.044434 -144.406128 7753.341797
v -5107.044434 555.593872 7753.341797
v -5407.044434 555.593872 7753.341797
v -3007.044434 555.593872 7753.341797
v -3707.044189 555.593872 7753.341797
v -4407.044434 555.593872 7753.341797
v -3707.044189 1255.593872 7753.341797
v -4407.044434 1255.593872 7753.341797
v -4407.044434 -4744.406250 7753.341797
v -5107.044434 -4744.406250 7753.341797
v -3707.044189 -4744.406250 7753.341797
v -3007.044434 -4744.406250 7753.341797
v -5407.044434 -4744.406250 7753.341797
v -5407.044434 -3669.406250 7753.341797
v -5407.044434 -4369.406250 7753.341797
v -5507.044434 -4369.406250 7753.341797
v -5507.044434 -3669.406250 7753.341797
v -5407.044434 -2969.406250 7753.341797
v -5507.044434 -2969.406250 7753.341797
v -5407.044434 -2269.406250 7753.341797
v -5507.044434 -2269.406250 7753.341797
v -5407.044434 -1569.406128 7753.341797
v -5507.044434 -1569.406128 7753.341797
v -5407.044434 -869.406128 7753.341797
v -5507.044434 -869.406128 7753.341797
v -5407.044434 -169.406128 7753.341797
v -5507.044434 -169.406128 7753.341797
v -5407.044434 530.593872 7753.341797
v -5507.044434 530.593872 7753.341797
v -5507.044434 1230.593872 7753.341797
v -5407.044434 1230.593872 7753.341797
v -5507.044434 -4744.406250 7753.341797
v -7607.044434 -3744.406250 7753.341797
v -7607.044434 -4444.406250 7753.341797
v -7807.044434 -4444.406250 7753.341797
v -7807.044434 -3744.406250 7753.341797
v -5507.044434 -3744.406250 7753.341797
v -5507.044434 -4444.406250 7753.341797
v -6207.044434 -4444.406250 7753.341797
v -6207.044434 -3744.406250 7753.341797
v -6907.044434 -4444.406250 7753.341797
v -6907.044434 -3744.406250 7753.341797
v -7607.044434 -3044.406250 7753.341797
v -7807.044434 -3044.406250 7753.341797
v -5507.044434 -3044.406250 7753.341797
v -6207.044434 -3044.406250 7753.341797
v -6907.044434 -3044.406250 7753.341797
v -7607.044434 -2344.406250 7753.341797
v -7807.044434 -2344.406250 7753.341797
v -5507.044434 -2344.406250 7753.341797
v -6207.044434 -2344.406250 7753.341797
v -6907.044434 -2344.406250 7753.341797
v -7607.044434 -1644.406128 7753.341797
v -7807.044434 -1644.406128 7753.341797
v -5507.044434 -1644.406128 7753.341797
v -6207.044434 -1644.406128 7753.341797
v -6907.044434 -1644.406128 7753.341797
v -7607.044434 -944.406128 7753.341797
v -7807.044434 -944.406128 7753.341797
v -5507.044434 -944.406128 7753.341797
v -6207.044434 -944.406128 7753.341797
v -6907.044434 -944.406128 7753.341797
v -7607.044434 -244.406128 7753.341797
v -7807.044434 -244.406128 7753.341797
v -5507.044434 -244.406128 7753.341797
v -6207.044434 -244.406128 7753.341797
v -6907.044434 -244.406128 7753.341797
v -7607.044434 455.593872 7753.341797
v -7807.044434 455.593872 7753.341797
v -5507.044434 455.593872 7753.341797
v -6207.044434 455.593872 7753.341797
v -6907.044434 455.593872 7753.341797
v -7807.044434 1155.593872 7753.341797
v -7607.044434 1155.593872 7753.341797
v -6207.044434 1155.593872 7753.341797
v -5507.044434 1155.593872 7753.341797
v -6907.044434 1155.593872 7753.341797
v -6907.044434 -4744.406250 7753.341797
v -7607.044434 -4744.406250 7753.341797
v -6207.044434 -4744.406250 7753.341797
v -7807.044434 -4744.406250 7753.341797
v -7807.044434 -3669.406250 7753.341797
v -7807.044434 -4369.406250 7753.341797
v -7907.044434 -4369.406250 7753.341797
v -7907.044434 -3669.406250 7753.341797
v -7807.044434 -2969.406250 7753.341797
v -7907.044434 -2969.406250 7753.341797
v -7807.044434 -2269.406250 7753.341797
v -7907.044434 -2269.406250 7753.341797
v -7807.044434 -1569.406128 7753.341797
v -7907.044434 -1569.406128 7753.341797
v -7807.044434 -869.406128 7753.341797
v -7907.044434 -869.406128 7753.341797
v -7807.044434 -169.406128 7753.341797
v -7907.044434 -169.406128 7753.341797
v -7807.044434 530.593872 7753.341797
v -7907.044434 530.593872 7753.341797
v -7907.044434 1230.593872 7753.341797
v -7807.044434 1230.593872 7753.341797
v -7907.044434 -4744.406250 7753.341797
v -8007.044434 1205.593872 7753.341797
v -8007.044434 1255.593872 7753.341797
v -7907.044434 1205.593872 7753.341797
v -7907.044434 -3719.406250 7753.341797
v -7907.044434 -4419.406250 7753.341797
v -8007.044434 -4419.406250 7753.341797
v -8007.044434 -3719.406250 7753.341797
v -7907.044434 -3019.406250 7753.341797
v -8007.044434 -3019.406250 7753.341797
v -7907.044434 -2319.406250 7753.341797
v -8007.044434 -2319.406250 7753.341797
v -7907.044434 -1619.406128 7753.341797
v -8007.044434 -1619.406128 7753.341797
v -7907.044434 -919.406128 7753.341797
v -8007.044434 -919.406128 7753.341797
v -7907.044434 -219.406128 7753.341797
v -8007.044434 -219.406128 7753.341797
v -7907.044434 480.593872 7753.341797
v -8007.044434 480.593872 7753.341797
v -8007.044434 1180.593872 7753.341797
v -7907.044434 1180.593872 7753.341797
v -8007.044434 -4744.406250 7753.341797
v -8107.044434 1155.593872 7753.341797
v -8107.044434 1255.593872 7753.341797
v -8007.044434 1155.593872 7753.341797
v -8007.044434 -3769.406250 7753.341797
v -8007.044434 -4469.406250 7753.341797
v -8107.044434 -4469.406250 7753.341797
v -8107.044434 -3769.406250 7753.341797
v -8007.044434 -3069.406250 7753.341797
v -8107.044434 -3069.406250 7753.341797
v -8007.044434 -2369.406250 7753.341797
v -8107.044434 -2369.406250 7753.341797
v -8007.044434 -1669.406128 7753.341797
v -8107.044434 -1669.406128 7753.341797
v -8007.044434 -969.406128 7753.341797
v -8107.044434 -969.406128 7753.341797
v -8007.044434 -269.406128 7753.341797
v -8107.044434 -269.406128 7753.341797
v -8007.044434 430.593872 7753.341797
v -8107.044434 430.593872 7753.341797
v -8107.044434 1130.593872 7753.341797
v -8007.044434 1130.593872 7753.341797
v -8107.044434 -4744.406250 7753.341797
v -8207.043945 1105.593872 7753.341797
v -8207.043945 1255.593872 7753.341797
v -8107.044434 1105.593872 7753.341797
v -8107.044434 -3819.406250 7753.341797
v -8107.044434 -4519.406250 7753.341797
v -8207.043945 -4519.406250 7753.341797
v -8207.043945 -3819.406250 7753.341797
v -8107.044434 -3119.406250 7753.341797
v -8207.043945 -3119.406250 7753.341797
v -8107.044434 -2419.406250 7753.341797
v -8207.043945 -2419.406250 7753.341797
v -8107.044434 -1719.406128 7753.341797
v -8207.043945 -1719.406128 7753.341797
v -8107.044434 -1019.406128 7753.341797
v -8207.043945 -1019.406128 7753.341797
v -8107.044434 -319.406128 7753.341797
v -8207.043945 -319.406128 7753.341797
v -8107.044434 380.593872 7753.341797
v -8207.043945 380.593872 7753.341797
v -8207.043945 1080.593872 7753.341797
v -8107.044434 1080.593872 7753.341797
v -8207.043945 -4744.406250 7753.341797
v -8307.043945 1055.593872 7753.341797
v -8307.043945 1255.593872 7753.341797
v -8207.043945 1055.593872 7753.341797
v -8207.043945 -3869.406250 7753.341797
v -8207.043945 -4569.406250 7753.341797
v -8307.043945 -4569.406250 7753.341797
v -8307.043945 -3869.406250 7753.341797
v -8207.043945 -3169.406250 7753.341797
v -8307.043945 -3169.406250 7753.341797
v -8207.043945 -2469.406250 7753.341797
v -8307.043945 -2469.406250 7753.341797
v -8207.043945 -1769.406128 7753.341797
v -8307.043945 -1769.406128 7753.341797
v -8207.043945 -1069.406128 7753.341797
v -8307.043945 -1069.406128 7753.341797
v -8207.043945 -369.406128 7753.341797
v -8307.043945 -369.406128 7753.341797
v -8207.043945 330.593872 7753.341797
v -8307.043945 330.593872 7753.341797
v -8307.043945 1030.593872 7753.341797
v -8207.043945 1030.593872 7753.341797
v -8307.043945 -4744.406250 7753.341797
v -8407.043945 1005.593872 7753.341797
v -8407.043945 1255.593872 7753.341797
v -8307.043945 1005.593872 7753.341797
v -8307.043945 -3919.406250 7753.341797
v -8307.043945 -4619.406250 7753.341797
v -8407.043945 -4619.406250 7753.341797
v -8407.043945 -3919.406250 7753.341797
v -8307.043945 -3219.406250 7753.341797
v -8407.043945 -3219.406250 7753.341797
v -8307.043945 -2519.406250 7753.341797
v -8407.043945 -2519.406250 7753.341797
v -8307.043945 -1819.406128 7753.341797
v -8407.043945 -1819.406128 7753.341797
v -8307.043945 -1119.406128 7753.341797
v -8407.043945 -1119.406128 7753.341797
v -8307.043945 -419.406128 7753.341797
v -8407.043945 -419.406128 7753.341797
v -8307.043945 280.593872 7753.341797
v -8407.043945 280.593872 7753.341797
v -8407.043945 980.593872 7753.341797
v -8307.043945 980.593872 7753.341797
v -8407.043945 -4744.406250 7753.341797
v -8507.043945 955.593872 7753.341797
v -8507.043945 1255.593872 7753.341797
v -8407.043945 955.593872 7753.341797
v -8407.043945 -3969.406250 7753.341797
v -8407.043945 -4669.406250 7753.341797
v -8507.043945 -4669.406250 7753.341797
v -8507.043945 -3969.406250 7753.341797
v -8407.043945 -3269.406250 7753.341797
v -8507.043945 -3269.406250 7753.341797
v -8407.043945 -2569.406250 7753.341797
v -8507.043945 -2569.406250 7753.341797
v -8407.043945 -1869.406128 7753.341797
v -8507.043945 -1869.406128 7753.341797
v -8407.043945 -1169.406128 7753.341797
v -8507.043945 -1169.406128 7753.341797
v -8407.043945 -469.406128 7753.341797
v -8507.043945 -469.406128 7753.341797
v -8407.043945 230.593872 7753.341797
v -8507.043945 230.593872 7753.341797
v -8507.043945 930.593872 7753.341797
v -8407.043945 930.593872 7753.341797
v -8507.043945 -4744.406250 7753.341797
v -8607.043945 905.593872 7753.341797
v -8507.043945 905.593872 7753.341797
v -8507.043945 -3319.406250 7753.341797
v -8507.043945 -4019.406250 7753.341797
v -8607.043945 -4019.406250 7753.341797
v -8607.043945 -3319.406250 7753.341797
v -8507.043945 -2619.406250 7753.341797
v -8607.043945 -2619.406250 7753.341797
v -8507.043945 -1919.406128 7753.341797
v -8607.043945 -1919.406128 7753.341797
v -8507.043945 -1219.406128 7753.341797
v -8607.043945 -1219.406128 7753.341797
v -8507.043945 -519.406128 7753.341797
v -8607.043945 -519.406128 7753.341797
v -8507.043945 180.593872 7753.341797
v -8607.043945 180.593872 7753.341797
v -8607.043945 880.593872 7753.341797
v -8507.043945 880.593872 7753.341797
v -8607.043945 -4744.406250 7753.341797
v -8707.043945 855.593872 7753.341797
v -8707.043945 1255.593872 7753.341797
v -8607.043945 855.593872 7753.341797
v -8607.043945 -3369.406250 7753.341797
v -8607.043945 -4069.406250 7753.341797
v -8707.043945 -4069.406250 7753.341797
v -8707.043945 -3369.406250 7753.341797
v -8607.043945 -2669.406250 7753.341797
v -8707.043945 -2669.406250 7753.341797
v -8607.043945 -1969.406128 7753.341797
v -8707.043945 -1969.406128 7753.341797
v -8607.043945 -1269.406128 7753.341797
v -8707.043945 -1269.406128 7753.341797
v -8607.043945 -569.406128 7753.341797
v -8707.043945 -569.406128 7753.341797
v -8607.043945 130.593872 7753.341797
v -8707.043945 130.593872 7753.341797
v -8707.043945 830.593872 7753.341797
v -8607.043945 830.593872 7753.341797
v -8707.043945 -4744.406250 7753.341797
v -8807.043945 805.593872 7753.341797
v -8807.043945 1255.593872 7753.341797
v -8707.043945 805.593872 7753.341797
v -8707.043945 -3419.406250 7753.341797
v -8707.043945 -4119.406250 7753.341797
v -8807.043945 -4119.406250 7753.341797
v -8807.043945 -3419.406250 7753.341797
v -8707.043945 -2719.406250 7753.341797
v -8807.043945 -2719.406250 7753.341797
v -8707.043945 -2019.406128 7753.341797
v -8807.043945 -2019.406128 7753.341797
v -8707.043945 -1319.406128 7753.341797
v -8807.043945 -1319.406128 7753.341797
v -8707.043945 -619.406128 7753.341797
v -8807.043945 -619.406128 7753.341797
v -8707.043945 80.593872 7753.341797
v -8807.043945 80.593872 7753.341797
v -8807.043945 780.593872 7753.341797
v -8707.043945 780.593872 7753.341797
v -8807.043945 -4744.406250 7753.341797
v -8907.043945 755.593872 7753.341797
v -8907.043945 1255.593872 7753.341797
v -8807.043945 755.593872 7753.341797
v -8807.043945 -3469.406250 7753.341797
v -8807.043945 -4169.406250 7753.341797
v -8907.043945 -4169.406250 7753.341797
v -8907.043945 -3469.406250 7753.341797
v -8807.043945 -2769.406250 7753.341797
v -8907.043945 -2769.406250 7753.341797
v -8807.043945 -2069.406250 7753.341797
v -8907.043945 -2069.406250 7753.341797
v -8807.043945 -1369.406128 7753.341797
v -8907.043945 -1369.406128 7753.341797
v -8807.043945 -669.406128 7753.341797
v -8907.043945 -669.406128 7753.341797
v -8807.043945 30.593872 7753.341797
v -8907.043945 30.593872 7753.341797
v -8907.043945 730.593872 7753.341797
v -8807.043945 730.593872 7753.341797
v -8907.043945 -4744.406250 7753.341797
v -9007.043945 705.593872 7753.341797
v -9007.043945 1255.593872 7753.341797
v -8907.043945 705.593872 7753.341797
v -8907.043945 -3519.406250 7753.341797
v -8907.043945 -4219.406250 7753.341797
v -9007.043945 -4219.406250 7753.341797
v -9007.043945 -3519.406250 7753.341797
v -8907.043945 -2819.406250 7753.341797
v -9007.043945 -2819.406250 7753.341797
v -8907.043945 -2119.406250 7753.341797
v -9007.043945 -2119.406250 7753.341797
v -8907.043945 -1419.406128 7753.341797
v -9007.043945 -1419.406128 7753.341797
v -8907.043945 -719.406128 7753.341797
v -9007.043945 -719.406128 7753.341797
v -8907.043945 -19.406128 7753.341797
v -9007.043945 -19.406128 7753.341797
v -9007.043945 680.593872 7753.341797
v -8907.043945 680.593872 7753.341797
v -9007.043945 -4744.406250 7753.341797
v -9107.043945 655.593872 7753.341797
v -9107.043945 1255.593872 7753.341797
v -9007.043945 655.593872 7753.341797
v -9007.043945 -3569.406250 7753.341797
v -9007.043945 -4269.406250 7753.341797
v -9107.043945 -4269.406250 7753.341797
v -9107.043945 -3569.406250 7753.341797
v -9007.043945 -2869.406250 7753.341797
v -9107.043945 -2869.406250 7753.341797
v -9007.043945 -2169.406250 7753.341797
v -9107.043945 -2169.406250 7753.341797
v -9007.043945 -1469.406128 7753.341797
v -9107.043945 -1469.406128 7753.341797
v -9007.043945 -769.406128 7753.341797
v -9107.043945 -769.406128 7753.341797
v -9007.043945 -69.406128 7753.341797
v -9107.043945 -69.406128 7753.341797
v -9107.043945 630.593872 7753.341797
v -9007.043945 630.593872 7753.341797
v -9107.043945 -4744.406250 7753.341797
v -9207.043945 605.593872 7753.341797
v -9207.043945 1255.593872 7753.341797
v -9107.043945 605.593872 7753.341797
v -9107.043945 -3619.406250 7753.341797
v -9107.043945 -4319.406250 7753.341797
v -9207.043945 -4319.406250 7753.341797
v -9207.043945 -3619.406250 7753.341797
v -9107.043945 -2919.406250 7753.341797
v -9207.043945 -2919.406250 7753.341797
v -9107.043945 -2219.406250 7753.341797
v -9207.043945 -2219.406250 7753.341797
v -9107.043945 -1519.406128 7753.341797
v -9207.043945 -1519.406128 7753.341797
v -9107.043945 -819.406128 7753.341797
v -9207.043945 -819.406128 7753.341797
v -9107.043945 -119.406128 7753.341797
v -9207.043945 -119.406128 7753.341797
v -9207.043945 580.593872 7753.341797
v -9107.043945 580.593872 7753.341797
v -9207.043945 -4744.406250 7753.341797
v -9307.043945 555.593872 7753.341797
v -9207.043945 555.593872 7753.341797
v -9207.043945 -3669.406250 7753.341797
v -9207.043945 -4369.406250 7753.341797
v -9307.043945 -4369.406250 7753.341797
v -9307.043945 -3669.406250 7753.341797
v -9207.043945 -2969.406250 7753.341797
v -9307.043945 -2969.406250 7753.341797
v -9207.043945 -2269.406250 7753.341797
v -9307.043945 -2269.406250 7753.341797
v -9207.043945 -1569.406128 7753.341797
v -9307.043945 -1569.406128 7753.341797
v -9207.043945 -869.406128 7753.341797
v -9307.043945 -869.406128 7753.341797
v -9207.043945 -169.406128 7753.341797
v -9307.043945 -169.406128 7753.341797
v -9307.043945 530.593872 7753.341797
v -9207.043945 530.593872 7753.341797
v -9307.043945 -4744.406250 7753.341797
v -9407.043945 505.593872 7753.341797
v -9407.043945 1255.593872 7753.341797
v -9307.043945 505.593872 7753.341797
v -9307.043945 -3719.406250 7753.341797
v -9307.043945 -4419.406250 7753.341797
v -9407.043945 -4419.406250 7753.341797
v -9407.043945 -3719.406250 7753.341797
v -9307.043945 -3019.406250 7753.341797
v -9407.043945 -3019.406250 7753.341797
v -9307.043945 -2319.406250 7753.341797
v -9407.043945 -2319.406250 7753.341797
v -9307.043945 -1619.406128 7753.341797
v -9407.043945 -1619.406128 7753.341797
v -9307.043945 -919.406128 7753.341797
v -9407.043945 -919.406128 7753.341797
v -9307.043945 -219.406128 7753.341797
v -9407.043945 -219.406128 7753.341797
v -9407.043945 480.593872 7753.341797
v -9307.043945 480.593872 7753.341797
v -9407.043945 -4744.406250 7753.341797
v -11007.043945 1255.593872 7753.341797
v -10907.043945 1255.593872 7753.341797
v -10907.043945 555.593872 7753.341797
v -11007.043945 555.593872 7753.341797
v -10907.043945 455.593872 7753.341797
v -11007.043945 455.593872 7753.341797
v -10907.043945 655.593872 7753.341797
v -10707.043945 655.593872 7753.341797
v -10707.043945 455.593872 7753.341797
v -10907.043945 855.593872 7753.341797
v -10707.043945 855.593872 7753.341797
v -10707.043945 1255.593872 7753.341797
v -10607.043945 555.593872 7753.341797
v -10707.043945 555.593872 7753.341797
v -10607.043945 455.593872 7753.341797
v -10507.043945 1255.593872 7753.341797
v -9807.043945 1255.593872 7753.341797
v -9807.043945 955.593872 7753.341797
v -10507.043945 955.593872 7753.341797
v -10607.043945 955.593872 7753.341797
v -9707.043945 1255.593872 7753.341797
v -9707.043945 555.593872 7753.341797
v -9807.043945 555.593872 7753.341797
v -9707.043945 455.593872 7753.341797
v -9807.043945 455.593872 7753.341797
v -9707.043945 655.593872 7753.341797
v -9507.043945 655.593872 7753.341797
v -9507.043945 455.593872 7753.341797
v -9707.043945 855.593872 7753.341797
v -9507.043945 855.593872 7753.341797
v -9507.043945 1255.593872 7753.341797
v -9407.043945 555.593872 7753.341797
v -9507.043945 555.593872 7753.341797
v -9407.043945 455.593872 7753.341797
v -10807.043945 -3844.406250 7753.341797
v -10807.043945 -4544.406250 7753.341797
v -11007.043945 -4544.406250 7753.341797
v -11007.043945 -3844.406250 7753.341797
v -9407.043945 -3844.406250 7753.341797
v -9407.043945 -4544.406250 7753.341797
v -10107.043945 -4544.406250 7753.341797
v -10107.043945 -3844.406250 7753.341797
v -10807.043945 -3144.406250 7753.341797
v -11007.043945 -3144.406250 7753.341797
v -9407.043945 -3144.406250 7753.341797
v -10107.043945 -3144.406250 7753.341797
v -10807.043945 -2444.406250 7753.341797
v -11007.043945 -2444.406250 7753.341797
v -9407.043945 -2444.406250 7753.341797
v -10107.043945 -2444.406250 7753.341797
v -10807.043945 -1744.406128 7753.341797
v -11007.043945 -1744.406128 7753.341797
v -9407.043945 -1744.406128 7753.341797
v -10107.043945 -1744.406128 7753.341797
v -10807.043945 -1044.406128 7753.341797
v -11007.043945 -1044.406128 7753.341797
v -9407.043945 -1044.406128 7753.341797
v -10107.043945 -1044.406128 7753.341797
v -10807.043945 -344.406128 7753.341797
v -11007.043945 -344.406128 7753.341797
v -9407.043945 -344.406128 7753.341797
v -10107.043945 -344.406128 7753.341797
v -11007.043945 355.593872 7753.341797
v -10807.043945 355.593872 7753.341797
v -10107.043945 355.593872 7753.341797
v -9407.043945 355.593872 7753.341797
v -10107.043945 -4744.406250 7753.341797
v -10807.043945 -4744.406250 7753.341797
v -11007.043945 -4744.406250 7753.341797
v -6857.044434 1255.593872 7753.341797
v -6857.044434 1255.593872 7553.341797
v -6807.044434 1255.593872 7553.341797
v -6907.044434 1255.593872 7753.341797
v -6907.044434 1255.593872 7703.341797
v -6857.044434 1255.593872 7703.341797
v -7107.044434 1255.593872 7753.341797
v -7107.044434 1255.593872 7628.341797
v -6907.044434 1255.593872 7628.341797
v -7157.044434 1255.593872 7753.341797
v -7157.044434 1255.593872 7703.341797
v -7107.044434 1255.593872 7703.341797
v -7207.044434 1255.593872 7553.341797
v -7157.044434 1255.593872 7553.341797
v -3407.044189 2155.593750 7453.341797
v -4107.044434 2155.593750 7453.341797
v -4107.044434 2155.593750 7753.341797
v -4207.044434 2155.593750 7453.341797
v -4057.044189 2155.593750 7453.341797
v -4057.044189 2155.593750 7053.341797
v -4207.044434 2155.593750 7053.341797
v -3907.044189 2155.593750 7453.341797
v -3907.044189 2155.593750 7053.341797
v -3707.044189 2155.593750 7453.341797
v -3707.044189 2155.593750 7053.341797
v -3557.044189 2155.593750 7453.341797
v -3557.044189 2155.593750 7053.341797
v -3407.044189 2155.593750 7053.341797
v -3407.044189 2155.593750 6753.341797
v -4107.044434 2155.593750 6753.341797
v -4107.044434 2155.593750 7053.341797
v -4207.044434 2155.593750 6753.341797
v -4057.044189 2155.593750 6753.341797
v -4057.044189 2155.593750 6353.341797
v -4207.044434 2155.593750 6353.341797
v -3907.044189 2155.593750 6753.341797
v -3907.044189 2155.593750 6353.341797
v -3707.044189 2155.593750 6753.341797
v -3707.044189 2155.593750 6353.341797
v -3557.044189 2155.593750 6753.341797
v -3557.044189 2155.593750 6353.341797
v -3407.044189 2155.593750 6353.341797
v -4107.044434 2155.593750 6153.341797
v -4107.044434 2155.593750 6353.341797
v -3407.044189 1655.593872 6853.341797
v -3407.044189 1655.593872 7553.341797
v -3507.044189 1655.593872 7553.341797
v -3507.044189 1655.593872 6853.341797
v -4207.044434 1655.593872 7553.341797
v -4207.044434 1655.593872 6853.341797
v -3507.044189 1655.593872 7753.341797
v -6807.044434 1655.593872 7553.341797
v -6857.044434 1655.593872 7553.341797
v -6857.044434 1655.593872 7753.341797
v -6857.044434 1655.593872 7603.341797
v -6907.044434 1655.593872 7603.341797
v -6907.044434 1655.593872 7753.341797
v -7107.044434 1655.593872 7703.341797
v -7107.044434 1655.593872 7603.341797
v -7157.044434 1655.593872 7603.341797
v -7157.044434 1655.593872 7703.341797
v -7157.044434 1655.593872 7753.341797
v -6907.044434 1655.593872 7703.341797
v -7157.044434 1655.593872 7553.341797
v -7207.044434 1655.593872 7553.341797
v -3407.044189 2155.593750 6853.341797
v -3407.044189 2155.593750 7553.341797
v -4207.044434 1655.593872 6353.341797
v -4207.044434 1655.593872 7053.341797
v -6982.044434 1405.593872 7628.341797
v -6982.044434 1405.593872 7653.341797
v -6982.044434 1355.593872 7653.341797
v -6982.044434 1355.593872 7628.341797
v -6932.044434 1355.593872 7653.341797
v -6932.044434 1355.593872 7628.341797
v -6932.044434 1405.593872 7653.341797
v -6932.044434 1405.593872 7628.341797
v -6907.044434 1505.593872 7653.341797
v -6907.044434 1505.593872 7686.675293
v -6907.044434 1555.593872 7703.341797
v -6907.044434 1505.593872 7628.341797
v -6907.044434 1355.593872 7703.341797
v -6907.044434 1355.593872 7628.341797
v -6857.044434 1355.593872 7553.341797
v -6857.044434 1355.593872 7703.341797
v -6932.044434 1505.593872 7628.341797
v -6932.044434 1505.593872 7686.675293
v -6932.044434 1555.593872 7703.341797
v -6932.044434 1655.593872 7703.341797
v -6982.044434 1505.593872 7628.341797
v -6982.044434 1505.593872 7686.675293
v -6982.044434 1555.593872 7703.341797
v -6982.044434 1655.593872 7703.341797
v -6982.044434 1255.593872 7628.341797
v -7107.044434 1355.593872 7703.341797
v -7107.044434 1505.593872 7653.341797
v -7107.044434 1505.593872 7628.341797
v -7107.044434 1555.593872 7703.341797
v -7107.044434 1505.593872 7686.675293
v -7082.044434 1255.593872 7628.341797
v -7082.044434 1505.593872 7628.341797
v -7007.044434 1330.593872 7628.341797
v -7007.044434 1255.593872 7628.341797
v -7082.044434 1330.593872 7628.341797
v -7007.044434 1430.593872 7628.341797
v -7082.044434 1430.593872 7628.341797
v -7007.044434 1505.593872 7628.341797
v -7157.044434 1355.593872 7703.341797
v -9907.043945 455.593872 7553.341797
v -9907.043945 455.593872 6853.341797
v -9807.043945 455.593872 6853.341797
v -9807.043945 455.593872 7553.341797
v -10607.043945 455.593872 7553.341797
v -10607.043945 455.593872 6853.341797
v -9907.043945 455.593872 7753.341797
v -9807.043945 955.593872 6353.341797
v -9807.043945 955.593872 7053.341797
v -9807.043945 455.593872 7053.341797
v -9807.043945 455.593872 6353.341797
v -10607.043945 955.593872 7553.341797
v -10607.043945 955.593872 6853.341797
v -10507.043945 955.593872 7553.341797
v -10507.043945 955.593872 6853.341797
v -9807.043945 955.593872 7553.341797
v -9807.043945 955.593872 6853.341797
v -10507.043945 955.593872 6153.341797
v -3007.044434 1855.593872 7853.341797
v -3007.044434 1855.593872 8053.341797
v -3007.044434 1655.593872 8053.341797
v -3007.044434 1655.593872 7853.341797
v -3007.044434 2055.593750 7853.341797
v -3007.044434 2055.593750 8053.341797
v -3007.044434 2455.593750 8053.341797
v -3007.044434 1755.593872 8153.341797
v -3007.044434 1755.593872 8053.341797
v -3007.044434 1655.593872 8153.341797
v -3007.044434 2455.593750 7853.341797
v -3007.044434 1755.593872 7853.341797
v -3007.044434 -3644.406250 8153.341797
v -3007.044434 -4344.406250 8153.341797
v -3007.044434 -2944.406250 8153.341797
v -3007.044434 -2244.406250 8153.341797
v -3007.044434 -1544.406128 8153.341797
v -3007.044434 -844.406128 8153.341797
v -3007.044434 -144.406128 8153.341797
v -3007.044434 555.593872 8153.341797
v -3007.044434 1255.593872 8153.341797
v -3007.044434 -4744.406250 8153.341797
v -3007.044434 1855.593872 9053.341797
v -3007.044434 1855.593872 9253.341797
v -3007.044434 1655.593872 9253.341797
v -3007.044434 1655.593872 9053.341797
v -3007.044434 2055.593750 9053.341797
v -3007.044434 2055.593750 9253.341797
v -3007.044434 2455.593750 9253.341797
v -3007.044434 1755.593872 9353.341797
v -3007.044434 1755.593872 9253.341797
v -3007.044434 1655.593872 9353.341797
v -3007.044434 2455.593750 9053.341797
v -3007.044434 2455.593750 8953.341797
v -3007.044434 1755.593872 9053.341797
v -3007.044434 1755.593872 8953.341797
v -3007.044434 1655.593872 8953.341797
v -3007.044434 2155.593750 8853.341797
v -3007.044434 2155.593750 8153.341797
v -3007.044434 2155.593750 8953.341797
v -3007.044434 1255.593872 9153.341797
v -3007.044434 1255.593872 8453.341797
v -3007.044434 1555.593872 8453.341797
v -3007.044434 1555.593872 9153.341797
v -3007.044434 1555.593872 9353.341797
v -3007.044434 1255.593872 9353.341797
v -3007.044434 855.593872 9753.341797
v -3007.044434 455.593872 9753.341797
v -3007.044434 455.593872 9353.341797
v -3007.044434 855.593872 9353.341797
v -3007.044434 1655.593872 9753.341797
v -3007.044434 1655.593872 10053.341797
v -3007.044434 955.593872 10053.341797
v -3007.044434 955.593872 9753.341797
v -3007.044434 1655.593872 11453.341797
v -3007.044434 1655.593872 12153.341797
v -3007.044434 955.593872 12153.341797
v -3007.044434 955.593872 11453.341797
v -3007.044434 1655.593872 10753.341797
v -3007.044434 955.593872 10753.341797
v -3007.044434 455.593872 10753.341797
v -3007.044434 455.593872 10053.341797
v -3007.044434 455.593872 11453.341797
v -3007.044434 455.593872 12153.341797
v -3007.044434 855.593872 12153.341797
v -3007.044434 855.593872 12553.341797
v -3007.044434 455.593872 12553.341797
v -3007.044434 -3444.406250 8353.341797
v -3007.044434 -4144.406250 8353.341797
v -3007.044434 -4144.406250 8153.341797
v -3007.044434 -3444.406250 8153.341797
v -3007.044434 -3444.406250 15353.341797
v -3007.044434 -4144.406250 15353.341797
v -3007.044434 -4144.406250 14653.341797
v -3007.044434 -3444.406250 14653.341797
v -3007.044434 -4144.406250 13953.341797
v -3007.044434 -3444.406250 13953.341797
v -3007.044434 -4144.406250 13253.341797
v -3007.044434 -3444.406250 13253.341797
v -3007.044434 -4144.406250 12553.341797
v -3007.044434 -3444.406250 12553.341797
v -3007.044434 -4144.406250 11853.341797
v -3007.044434 -3444.406250 11853.341797
v -3007.044434 -4144.406250 11153.341797
v -3007.044434 -3444.406250 11153.341797
v -3007.044434 -4144.406250 10453.341797
v -3007.044434 -3444.406250 10453.341797
v -3007.044434 -4144.406250 9753.341797
v -3007.044434 -3444.406250 9753.341797
v -3007.044434 -4144.406250 9053.341797
v -3007.044434 -3444.406250 9053.341797
v -3007.044434 -2744.406250 8353.341797
v -3007.044434 -2744.406250 8153.341797
v -3007.044434 -2744.406250 15353.341797
v -3007.044434 -2744.406250 14653.341797
v -3007.044434 -2744.406250 13953.341797
v -3007.044434 -2744.406250 13253.341797
v -3007.044434 -2744.406250 12553.341797
v -3007.044434 -2744.406250 11853.341797
v -3007.044434 -2744.406250 11153.341797
v -3007.044434 -2744.406250 10453.341797
v -3007.044434 -2744.406250 9753.341797
v -3007.044434 -2744.406250 9053.341797
v -3007.044434 -2044.406128 8353.341797
v -3007.044434 -2044.406128 8153.341797
v -3007.044434 -2044.406128 15353.341797
v -3007.044434 -2044.406128 14653.341797
v -3007.044434 -2044.406128 13953.341797
v -3007.044434 -2044.406128 13253.341797
v -3007.044434 -2044.406128 12553.341797
v -3007.044434 -2044.406128 11853.341797
v -3007.044434 -2044.406128 11153.341797
v -3007.044434 -2044.406128 10453.341797
v -3007.044434 -2044.406128 9753.341797
v -3007.044434 -2044.406128 9053.341797
v -3007.044434 -1344.406128 8353.341797
v -3007.044434 -1344.406128 8153.341797
v -3007.044434 -1344.406128 15353.341797
v -3007.044434 -1344.406128 14653.341797
v -3007.044434 -1344.406128 13953.341797
v -3007.044434 -1344.406128 13253.341797
v -3007.044434 -1344.406128 12553.341797
v -3007.044434 -1344.406128 11853.341797
v -3007.044434 -1344.406128 11153.341797
v -3007.044434 -1344.406128 10453.341797
v -3007.044434 -1344.406128 9753.341797
v -3007.044434 -1344.406128 9053.341797
v -3007.044434 -644.406128 8353.341797
v -3007.044434 -644.406128 8153.341797
v -3007.044434 -644.406128 15353.341797
v -3007.044434 -644.406128 14653.341797
v -3007.044434 -644.406128 13953.341797
v -3007.044434 -644.406128 13253.341797
v -3007.044434 -644.406128 12553.341797
v -3007.044434 -644.406128 11853.341797
v -3007.044434 -644.406128 11153.341797
v -3007.044434 -644.406128 10453.341797
v -3007.044434 -644.406128 9753.341797
v -3007.044434 -644.406128 9053.341797
v -3007.044434 55.593872 8153.341797
v -3007.044434 55.593872 8353.341797
v -3007.044434 55.593872 14653.341797
v -3007.044434 55.593872 15353.341797
v -3007.044434 55.593872 13953.341797
v -3007.044434 55.593872 13253.341797
v -3007.044434 55.593872 12553.341797
v -3007.044434 55.593872 11853.341797
v -3007.044434 55.593872 11153.341797
v -3007.044434 55.593872 10453.341797
v -3007.044434 55.593872 9753.341797
v -3007.044434 55.593872 9053.341797
v -3007.044434 -4744.406250 9053.341797
v -3007.044434 -4744.406250 8353.341797
v -3007.044434 -4744.406250 9753.341797
v -3007.044434 -4744.406250 10453.341797
v -3007.044434 -4744.406250 11153.341797
v -3007.044434 -4744.406250 11853.341797
v -3007.044434 -4744.406250 12553.341797
v -3007.044434 -4744.406250 13253.341797
v -3007.044434 -4744.406250 13953.341797
v -3007.044434 -4744.406250 14653.341797
v -3007.044434 -4744.406250 15353.341797
v -3007.044434 255.593872 12553.341797
v -3007.044434 955.593872 12553.341797
v -3007.044434 955.593872 13253.341797
v -3007.044434 255.593872 13253.341797
v -3007.044434 255.593872 14653.341797
v -3007.044434 955.593872 14653.341797
v -3007.044434 955.593872 15353.341797
v -3007.044434 255.593872 15353.341797
v -3007.044434 255.593872 13953.341797
v -3007.044434 955.593872 13953.341797
v -3007.044434 1655.593872 12553.341797
v -3007.044434 1655.593872 13253.341797
v -3007.044434 1655.593872 14653.341797
v -3007.044434 1655.593872 15353.341797
v -3007.044434 1655.593872 13953.341797
v -3007.044434 455.593872 10453.341797
v -3007.044434 455.593872 11153.341797
v -3007.044434 455.593872 11853.341797
v -3007.044434 55.593872 9353.341797
v -3007.044434 1255.593872 8653.341797
v -3007.044434 555.593872 8653.341797
v -3007.044434 555.593872 9353.341797
v -3007.044434 55.593872 8653.341797
v -3007.044434 155.593872 15753.341797
v -3007.044434 -544.406128 15753.341797
v -3007.044434 -544.406128 15353.341797
v -3007.044434 155.593872 15353.341797
v -3007.044434 855.593872 15353.341797
v -3007.044434 855.593872 15753.341797
v -3007.044434 -1144.406128 15753.341797
v -3007.044434 -1144.406128 15353.341797
v -3007.044434 -3644.406250 15753.341797
v -3007.044434 -4344.406250 15753.341797
v -3007.044434 -4344.406250 15353.341797
v -3007.044434 -3644.406250 15353.341797
v -3007.044434 -2944.406250 15753.341797
v -3007.044434 -2944.406250 15353.341797
v -3007.044434 -2244.406250 15753.341797
v -3007.044434 -2244.406250 15353.341797
v -3007.044434 -1544.406128 15353.341797
v -3007.044434 -1544.406128 15753.341797
v -3007.044434 -4744.406250 15753.341797
v -1607.044434 1655.593872 8153.341797
v -1407.044434 1655.593872 8153.341797
v -1407.044434 1655.593872 8853.341797
v -1607.044434 1655.593872 8853.341797
v -3007.044434 1655.593872 8853.341797
v -2307.044434 1655.593872 8153.341797
v -2307.044434 1655.593872 8853.341797
v -1607.044434 1655.593872 8953.341797
v -2307.044434 1655.593872 8953.341797
v -1407.044434 1655.593872 8953.341797
v -2307.044434 1655.593872 9753.341797
v -1607.044434 1655.593872 9753.341797
v -1607.044434 1655.593872 10103.341797
v -2307.044434 1655.593872 10103.341797
v -3007.044434 1655.593872 10103.341797
v -1407.044434 1655.593872 9753.341797
v -1407.044434 1655.593872 10103.341797
v -707.044434 1655.593872 9553.341797
v -707.044434 1655.593872 8853.341797
v -207.044403 1655.593872 8853.341797
v -207.044403 1655.593872 9553.341797
v -1407.044434 1655.593872 9553.341797
v -707.044434 1655.593872 8153.341797
v -207.044403 1655.593872 8153.341797
v -707.044434 1655.593872 10103.341797
v -207.044403 1655.593872 10103.341797
v -1057.044434 1655.593872 10103.341797
v -357.044403 1655.593872 10103.341797
v -357.044403 1655.593872 10303.341797
v -1057.044434 1655.593872 10303.341797
v -207.044403 1655.593872 10303.341797
v -1107.044434 1655.593872 10103.341797
v -1057.044434 1655.593872 10153.341797
v -1057.044434 1655.593872 10253.341797
v -1107.044434 1655.593872 10303.341797
v -1807.044434 1655.593872 10303.341797
v -1857.044434 1655.593872 10303.341797
v -1857.044434 1655.593872 10253.341797
v -1857.044434 1655.593872 10103.341797
v -1807.044434 1655.593872 10103.341797
v -1857.044434 1655.593872 10153.341797
v -3007.044434 1655.593872 10303.341797
v -2307.044434 1655.593872 10303.341797
v -907.044434 1655.593872 10703.341797
v -1607.044434 1655.593872 10703.341797
v -1607.044434 1655.593872 10303.341797
v -907.044434 1655.593872 10303.341797
v -2307.044434 1655.593872 10703.341797
v -3007.044434 1655.593872 10703.341797
v -207.044403 1655.593872 10703.341797
v -1057.044434 1655.593872 10703.341797
v -357.044403 1655.593872 10703.341797
v -357.044403 1655.593872 10903.341797
v -1057.044434 1655.593872 10903.341797
v -207.044403 1655.593872 10903.341797
v -1107.044434 1655.593872 10703.341797
v -1057.044434 1655.593872 10753.341797
v -1057.044434 1655.593872 10853.341797
v -1107.044434 1655.593872 10903.341797
v -1807.044434 1655.593872 10903.341797
v -1857.044434 1655.593872 10903.341797
v -1857.044434 1655.593872 10853.341797
v -1857.044434 1655.593872 10703.341797
v -1807.044434 1655.593872 10703.341797
v -1857.044434 1655.593872 10753.341797
v -3007.044434 1655.593872 10903.341797
v -2307.044434 1655.593872 10903.341797
v -907.044434 1655.593872 11303.341797
v -1607.044434 1655.593872 11303.341797
v -1607.044434 1655.593872 10903.341797
v -907.044434 1655.593872 10903.341797
v -2307.044434 1655.593872 11303.341797
v -3007.044434 1655.593872 11303.341797
v -207.044403 1655.593872 11303.341797
v -1057.044434 1655.593872 11303.341797
v -357.044403 1655.593872 11303.341797
v -357.044403 1655.593872 11503.341797
v -1057.044434 1655.593872 11503.341797
v -207.044403 1655.593872 11503.341797
v -1107.044434 1655.593872 11303.341797
v -1057.044434 1655.593872 11353.341797
v -1057.044434 1655.593872 11453.341797
v -1107.044434 1655.593872 11503.341797
v -1807.044434 1655.593872 11503.341797
v -1857.044434 1655.593872 11503.341797
v -1857.044434 1655.593872 11453.341797
v -1857.044434 1655.593872 11303.341797
v -1807.044434 1655.593872 11303.341797
v -1857.044434 1655.593872 11353.341797
v -3007.044434 1655.593872 11503.341797
v -2307.044434 1655.593872 11503.341797
v -907.044434 1655.593872 11853.341797
v -1607.044434 1655.593872 11853.341797
v -1607.044434 1655.593872 11503.341797
v -907.044434 1655.593872 11503.341797
v -2307.044434 1655.593872 11853.341797
v -3007.044434 1655.593872 11853.341797
v -207.044403 1655.593872 11853.341797
v -2507.044434 1655.593872 11853.341797
v -2507.044434 1655.593872 12153.341797
v -307.044403 1655.593872 12553.341797
v -1007.044434 1655.593872 12553.341797
v -1007.044434 1655.593872 11853.341797
v -307.044403 1655.593872 11853.341797
v -207.044403 1655.593872 12553.341797
v -207.044403 1655.593872 13253.341797
v -307.044403 1655.593872 13253.341797
v -1707.044434 1655.593872 13253.341797
v -1707.044434 1655.593872 12553.341797
v -1007.044434 1655.593872 13253.341797
v -307.044403 1655.593872 13853.341797
v -1007.044434 1655.593872 13853.341797
v -1707.044434 1655.593872 13853.341797
v -207.044403 1655.593872 13853.341797
v -2307.044434 1655.593872 14653.341797
v -2307.044434 1655.593872 13953.341797
v -1707.044434 1655.593872 13953.341797
v -1707.044434 1655.593872 14653.341797
v -2307.044434 1655.593872 13253.341797
v -2307.044434 1655.593872 12553.341797
v -2307.044434 1655.593872 15353.341797
v -1707.044434 1655.593872 15353.341797
v -1157.044434 2155.593750 11353.341797
v -1157.044434 2155.593750 11453.341797
v -1294.544434 2155.593750 11453.341797
v -1294.544434 2155.593750 11353.341797
v -1157.044434 2155.593750 10753.341797
v -1157.044434 2155.593750 10853.341797
v -1294.544434 2155.593750 10853.341797
v -1294.544434 2155.593750 10753.341797
v -1157.044434 2155.593750 10153.341797
v -1157.044434 2155.593750 10253.341797
v -1294.544434 2155.593750 10253.341797
v -1294.544434 2155.593750 10153.341797
v -1294.544434 2155.593750 10190.841797
v -1319.544434 2155.593750 10190.841797
v -1319.544434 2155.593750 10153.341797
v -1294.544434 2155.593750 10790.841797
v -1319.544434 2155.593750 10790.841797
v -1319.544434 2155.593750 10753.341797
v -1294.544434 2155.593750 10215.841797
v -1319.544434 2155.593750 10253.341797
v -1319.544434 2155.593750 10215.841797
v -1294.544434 2155.593750 11390.841797
v -1319.544434 2155.593750 11390.841797
v -1319.544434 2155.593750 11353.341797
v -1294.544434 2155.593750 10815.841797
v -1319.544434 2155.593750 10853.341797
v -1319.544434 2155.593750 10815.841797
v -1294.544434 2155.593750 11415.841797
v -1319.544434 2155.593750 11453.341797
v -1319.544434 2155.593750 11415.841797
v -1594.544434 2155.593750 11453.341797
v -1594.544434 2155.593750 11353.341797
v -1594.544434 2155.593750 10853.341797
v -1594.544434 2155.593750 10753.341797
v -1594.544434 2155.593750 10253.341797
v -1594.544434 2155.593750 10153.341797
v -1594.544434 2155.593750 10190.841797
v -1619.544434 2155.593750 10190.841797
v -1619.544434 2155.593750 10153.341797
v -1594.544434 2155.593750 10790.841797
v -1619.544434 2155.593750 10790.841797
v -1619.544434 2155.593750 10753.341797
v -1594.544434 2155.593750 10215.841797
v -1619.544434 2155.593750 10253.341797
v -1619.544434 2155.593750 10215.841797
v -1594.544434 2155.593750 11390.841797
v -1619.544434 2155.593750 11390.841797
v -1619.544434 2155.593750 11353.341797
v -1594.544434 2155.593750 10815.841797
v -1619.544434 2155.593750 10853.341797
v -1619.544434 2155.593750 10815.841797
v -1594.544434 2155.593750 11415.841797
v -1619.544434 2155.593750 11453.341797
v -1619.544434 2155.593750 11415.841797
v -1757.044434 2155.593750 11453.341797
v -1757.044434 2155.593750 11353.341797
v -1757.044434 2155.593750 10853.341797
v -1757.044434 2155.593750 10753.341797
v -1757.044434 2155.593750 10253.341797
v -1757.044434 2155.593750 10153.341797
v -1107.044434 2155.593750 9753.341797
v -957.044434 2155.593750 9753.341797
v -957.044434 2155.593750 9653.341797
v -1107.044434 2155.593750 9653.341797
v -657.044434 2155.593750 9753.341797
v -507.044403 2155.593750 9753.341797
v -507.044403 2155.593750 9653.341797
v -657.044434 2155.593750 9653.341797
v -1107.044434 2155.593750 9553.341797
v -1407.044434 2155.593750 9553.341797
v -1407.044434 2155.593750 9753.341797
v -957.044434 2155.593750 9553.341797
v -657.044434 2155.593750 9553.341797
v -507.044403 2155.593750 9553.341797
v -207.044403 2155.593750 9553.341797
v -207.044403 2155.593750 9753.341797
v -1107.044434 2155.593750 8853.341797
v -1107.044434 2155.593750 8153.341797
v -1407.044434 2155.593750 8153.341797
v -1407.044434 2155.593750 8853.341797
v -1107.044434 2155.593750 9353.341797
v -1407.044434 2155.593750 9353.341797
v -1107.044434 2155.593750 9053.341797
v -907.044434 2155.593750 9353.341797
v -907.044434 2155.593750 9053.341797
v -907.044434 2155.593750 8853.341797
v -1107.044434 2155.593750 8653.341797
v -907.044434 2155.593750 8653.341797
v -1107.044434 2155.593750 8453.341797
v -907.044434 2155.593750 8453.341797
v -907.044434 2155.593750 8153.341797
v -707.044434 2155.593750 8853.341797
v -707.044434 2155.593750 8153.341797
v -707.044434 2155.593750 9353.341797
v -707.044434 2155.593750 9053.341797
v -507.044403 2155.593750 9353.341797
v -507.044403 2155.593750 9053.341797
v -507.044403 2155.593750 8853.341797
v -707.044434 2155.593750 8653.341797
v -507.044403 2155.593750 8653.341797
v -707.044434 2155.593750 8453.341797
v -507.044403 2155.593750 8453.341797
v -507.044403 2155.593750 8153.341797
v -207.044403 2155.593750 8153.341797
v -207.044403 2155.593750 8853.341797
v -207.044403 2155.593750 9353.341797
v -2707.044434 2155.593750 8853.341797
v -2707.044434 2155.593750 8153.341797
v -2707.044434 2155.593750 8953.341797
v -2707.044434 2155.593750 8803.341797
v -2307.044434 2155.593750 8953.341797
v -2307.044434 2155.593750 8803.341797
v -2707.044434 2155.593750 8653.341797
v -2307.044434 2155.593750 8653.341797
v -2707.044434 2155.593750 8453.341797
v -2307.044434 2155.593750 8453.341797
v -2707.044434 2155.593750 8303.341797
v -2307.044434 2155.593750 8303.341797
v -2307.044434 2155.593750 8153.341797
v -2007.044434 2155.593750 8853.341797
v -2007.044434 2155.593750 8153.341797
v -2307.044434 2155.593750 8853.341797
v -2007.044434 2155.593750 8953.341797
v -2007.044434 2155.593750 8803.341797
v -1607.044434 2155.593750 8953.341797
v -1607.044434 2155.593750 8803.341797
v -2007.044434 2155.593750 8653.341797
v -1607.044434 2155.593750 8653.341797
v -2007.044434 2155.593750 8453.341797
v -1607.044434 2155.593750 8453.341797
v -2007.044434 2155.593750 8303.341797
v -1607.044434 2155.593750 8303.341797
v -1607.044434 2155.593750 8153.341797
v -1607.044434 2155.593750 8853.341797
v -1407.044434 2155.593750 8953.341797
v -1407.044434 2455.593750 14653.341797
v -1407.044434 2155.593750 15353.341797
v -1407.044434 2155.593750 14653.341797
v -1407.044434 2155.593750 14153.341797
v -1107.044434 2355.593750 9753.341797
v -957.044434 2355.593750 9753.341797
v -657.044434 2355.593750 9753.341797
v -507.044403 2355.593750 9753.341797
v -1107.044434 2455.593750 9753.341797
v -957.044434 2455.593750 9753.341797
v -657.044434 2455.593750 9753.341797
v -507.044403 2455.593750 9753.341797
v -1407.044434 2455.593750 9753.341797
v -707.044434 2155.593750 9553.341797
v -1407.044434 2455.593750 12153.341797
v -1407.044434 2155.593750 12153.341797
v -1007.044434 2155.593750 12153.341797
v -207.044403 2155.593750 10753.341797
v -207.044403 2155.593750 10053.341797
v -207.044403 2455.593750 10053.341797
v -207.044403 2455.593750 10753.341797
v -207.044403 2155.593750 11453.341797
v -207.044403 2455.593750 11453.341797
v -207.044403 2155.593750 12153.341797
v -1007.044434 2155.593750 12553.341797
v -1407.044434 2155.593750 12553.341797
v -1407.044434 2455.593750 12553.341797
v -207.044403 2155.593750 12553.341797
v -707.044434 2155.593750 14153.341797
v -707.044434 2455.593750 14153.341797
v -207.044403 2155.593750 14153.341797
v -207.044403 2155.593750 13453.341797
v -207.044403 2155.593750 12753.341797
v -207.044403 2455.593750 12753.341797
v -207.044403 2455.593750 13453.341797
v -2107.044434 2155.593750 9753.341797
v -2807.044434 2155.593750 9753.341797
v -2807.044434 2455.593750 9753.341797
v -2107.044434 2455.593750 9753.341797
v -3007.044434 2155.593750 9753.341797
v -3007.044434 2455.593750 9753.341797
v -2307.044434 2155.593750 12153.341797
v -1607.044434 2155.593750 12153.341797
v -1607.044434 2455.593750 12153.341797
v -2307.044434 2455.593750 12153.341797
v -3007.044434 2455.593750 12153.341797
v -3007.044434 2155.593750 12153.341797
v -2107.044434 2155.593750 12553.341797
v -2807.044434 2155.593750 12553.341797
v -2807.044434 2455.593750 12553.341797
v -2107.044434 2455.593750 12553.341797
v -3007.044434 2155.593750 12553.341797
v -2307.044434 2155.593750 15353.341797
v -1607.044434 2155.593750 15353.341797
v -1607.044434 2455.593750 15353.341797
v -2307.044434 2455.593750 15353.341797
v -3007.044434 2455.593750 15353.341797
v -3007.044434 2155.593750 15353.341797
v -1407.044434 2055.593750 12153.341797
v -1007.044434 2055.593750 12153.341797
v -2507.044434 2155.593750 12153.341797
v -2507.044434 2055.593750 12153.341797
v -1807.044434 2055.593750 12153.341797
v -1807.044434 2155.593750 12153.341797
v -1107.044434 2055.593750 11853.341797
v -1107.044434 1855.593872 11853.341797
v -1007.044434 1855.593872 11853.341797
v -1007.044434 2055.593750 11853.341797
v -2507.044434 2055.593750 11853.341797
v -2507.044434 1855.593872 11853.341797
v -2407.044434 1855.593872 11853.341797
v -2407.044434 2055.593750 11853.341797
v -1807.044434 2055.593750 11853.341797
v -1807.044434 1855.593872 11853.341797
v -1707.044434 1855.593872 11853.341797
v -1707.044434 2055.593750 11853.341797
v -2407.044434 1655.593872 11853.341797
v -1807.044434 1655.593872 11853.341797
v -1807.044434 1755.593872 11853.341797
v -2407.044434 1755.593872 11853.341797
v -1707.044434 1655.593872 11853.341797
v -1107.044434 1655.593872 11853.341797
v -1107.044434 1755.593872 11853.341797
v -1707.044434 1755.593872 11853.341797
v -2107.044434 1655.593872 9753.341797
v -2807.044434 1655.593872 9753.341797
v -1407.044434 1655.593872 9353.341797
v -907.044434 1655.593872 8153.341797
v -207.044403 2155.593750 8353.341797
v -207.044403 2155.593750 9053.341797
v -207.044403 1655.593872 9053.341797
v -207.044403 1655.593872 8353.341797
v -207.044403 1655.593872 9753.341797
v -2807.044434 1655.593872 8953.341797
v -2107.044434 1655.593872 8953.341797
v -2107.044434 2155.593750 8953.341797
v -2807.044434 2155.593750 8953.341797
v -207.044403 1655.593872 11153.341797
v -207.044403 1655.593872 10453.341797
v -207.044403 2155.593750 10453.341797
v -207.044403 2155.593750 11153.341797
v -207.044403 2155.593750 11853.341797
v -1057.044434 1755.593872 10103.341797
v -1107.044434 1755.593872 10053.341797
v -1757.044434 1755.593872 10053.341797
v -1757.044434 1755.593872 10103.341797
v -1807.044434 1755.593872 10053.341797
v -1857.044434 1755.593872 10103.341797
v -1057.044434 1755.593872 10303.341797
v -1007.044434 1755.593872 10253.341797
v -1007.044434 1755.593872 10153.341797
v -1057.044434 1755.593872 10153.341797
v -1107.044434 1755.593872 10103.341797
v -1057.044434 1755.593872 10253.341797
v -1107.044434 1755.593872 10303.341797
v -1857.044434 1755.593872 10253.341797
v -1857.044434 1755.593872 10303.341797
v -1807.044434 1755.593872 10303.341797
v -1807.044434 1755.593872 10103.341797
v -1857.044434 1755.593872 10153.341797
v -1907.044434 1755.593872 10153.341797
v -1907.044434 1755.593872 10253.341797
v -1057.044434 1755.593872 10703.341797
v -1107.044434 1755.593872 10653.341797
v -1757.044434 1755.593872 10653.341797
v -1757.044434 1755.593872 10703.341797
v -1807.044434 1755.593872 10653.341797
v -1857.044434 1755.593872 10703.341797
v -1757.044434 1755.593872 10353.341797
v -1107.044434 1755.593872 10353.341797
v -1757.044434 1755.593872 10303.341797
v -1807.044434 1755.593872 10353.341797
v -1057.044434 1755.593872 10903.341797
v -1007.044434 1755.593872 10853.341797
v -1007.044434 1755.593872 10753.341797
v -1057.044434 1755.593872 10753.341797
v -1107.044434 1755.593872 10703.341797
v -1057.044434 1755.593872 10853.341797
v -1107.044434 1755.593872 10903.341797
v -1857.044434 1755.593872 10853.341797
v -1857.044434 1755.593872 10903.341797
v -1807.044434 1755.593872 10903.341797
v -1807.044434 1755.593872 10703.341797
v -1857.044434 1755.593872 10753.341797
v -1907.044434 1755.593872 10753.341797
v -1907.044434 1755.593872 10853.341797
v -1057.044434 1755.593872 11303.341797
v -1107.044434 1755.593872 11253.341797
v -1757.044434 1755.593872 11253.341797
v -1757.044434 1755.593872 11303.341797
v -1807.044434 1755.593872 11253.341797
v -1857.044434 1755.593872 11303.341797
v -1757.044434 1755.593872 10953.341797
v -1107.044434 1755.593872 10953.341797
v -1757.044434 1755.593872 10903.341797
v -1807.044434 1755.593872 10953.341797
v -1057.044434 1755.593872 11503.341797
v -1007.044434 1755.593872 11453.341797
v -1007.044434 1755.593872 11353.341797
v -1057.044434 1755.593872 11353.341797
v -1107.044434 1755.593872 11303.341797
v -1057.044434 1755.593872 11453.341797
v -1107.044434 1755.593872 11503.341797
v -1857.044434 1755.593872 11453.341797
v -1857.044434 1755.593872 11503.341797
v -1807.044434 1755.593872 11503.341797
v -1807.044434 1755.593872 11303.341797
v -1857.044434 1755.593872 11353.341797
v -1907.044434 1755.593872 11353.341797
v -1907.044434 1755.593872 11453.341797
v -1757.044434 1755.593872 11553.341797
v -1107.044434 1755.593872 11553.341797
v -1757.044434 1755.593872 11503.341797
v -1807.044434 1755.593872 11553.341797
v -1807.044434 1805.593872 11553.341797
v -1907.044434 1805.593872 11453.341797
v -1907.044434 1805.593872 11353.341797
v -1807.044434 1805.593872 11253.341797
v -1207.044434 1805.593872 11253.341797
v -1207.044434 1805.593872 11553.341797
v -1107.044434 1805.593872 11253.341797
v -1007.044434 1805.593872 11353.341797
v -1007.044434 1805.593872 11453.341797
v -1107.044434 1805.593872 11553.341797
v -1807.044434 1805.593872 10953.341797
v -1907.044434 1805.593872 10853.341797
v -1907.044434 1805.593872 10753.341797
v -1807.044434 1805.593872 10653.341797
v -1207.044434 1805.593872 10653.341797
v -1207.044434 1805.593872 10953.341797
v -1107.044434 1805.593872 10653.341797
v -1007.044434 1805.593872 10753.341797
v -1007.044434 1805.593872 10853.341797
v -1107.044434 1805.593872 10953.341797
v -1807.044434 1805.593872 10353.341797
v -1907.044434 1805.593872 10253.341797
v -1907.044434 1805.593872 10153.341797
v -1807.044434 1805.593872 10053.341797
v -1207.044434 1805.593872 10053.341797
v -1207.044434 1805.593872 10353.341797
v -1107.044434 1805.593872 10053.341797
v -1007.044434 1805.593872 10153.341797
v -1007.044434 1805.593872 10253.341797
v -1107.044434 1805.593872 10353.341797
v -1757.044434 2143.093750 11353.341797
v -1757.044434 2143.093750 11453.341797
v -1757.044434 2130.593750 11453.341797
v -1757.044434 2130.593750 11353.341797
v -1757.044434 2143.093750 10753.341797
v -1757.044434 2143.093750 10853.341797
v -1757.044434 2130.593750 10853.341797
v -1757.044434 2130.593750 10753.341797
v -1757.044434 2143.093750 10153.341797
v -1757.044434 2143.093750 10253.341797
v -1757.044434 2130.593750 10253.341797
v -1757.044434 2130.593750 10153.341797
v -1157.044434 2130.593750 11353.341797
v -1157.044434 2130.593750 11453.341797
v -1157.044434 2143.093750 11453.341797
v -1157.044434 2143.093750 11353.341797
v -1157.044434 2130.593750 10753.341797
v -1157.044434 2130.593750 10853.341797
v -1157.044434 2143.093750 10853.341797
v -1157.044434 2143.093750 10753.341797
v -1157.044434 2130.593750 10153.341797
v -1157.044434 2130.593750 10253.341797
v -1157.044434 2143.093750 10253.341797
v -1157.044434 2143.093750 10153.341797
v -1657.044434 1755.593872 10903.341797
v -1657.044434 1655.593872 10903.341797
v -1557.044434 1755.593872 10903.341797
v -1557.044434 1655.593872 10903.341797
v -1357.044434 1755.593872 10903.341797
v -1357.044434 1655.593872 10903.341797
v -1257.044434 1755.593872 10903.341797
v -1257.044434 1655.593872 10903.341797
v -1657.044434 1655.593872 10703.341797
v -1657.044434 1755.593872 10703.341797
v -1557.044434 1655.593872 10703.341797
v -1557.044434 1755.593872 10703.341797
v -1357.044434 1655.593872 10703.341797
v -1357.044434 1755.593872 10703.341797
v -1257.044434 1655.593872 10703.341797
v -1257.044434 1755.593872 10703.341797
v -1657.044434 1755.593872 10303.341797
v -1657.044434 1655.593872 10303.341797
v -1557.044434 1755.593872 10303.341797
v -1557.044434 1655.593872 10303.341797
v -1357.044434 1755.593872 10303.341797
v -1357.044434 1655.593872 10303.341797
v -1257.044434 1755.593872 10303.341797
v -1257.044434 1655.593872 10303.341797
v -1657.044434 1655.593872 10103.341797
v -1657.044434 1755.593872 10103.341797
v -1557.044434 1655.593872 10103.341797
v -1557.044434 1755.593872 10103.341797
v -1357.044434 1655.593872 10103.341797
v -1357.044434 1755.593872 10103.341797
v -1257.044434 1655.593872 10103.341797
v -1257.044434 1755.593872 10103.341797
v -1657.044434 1755.593872 11503.341797
v -1657.044434 1655.593872 11503.341797
v -1557.044434 1755.593872 11503.341797
v -1557.044434 1655.593872 11503.341797
v -1357.044434 1755.593872 11503.341797
v -1357.044434 1655.593872 11503.341797
v -1257.044434 1755.593872 11503.341797
v -1257.044434 1655.593872 11503.341797
v -1657.044434 1655.593872 11303.341797
v -1657.044434 1755.593872 11303.341797
v -1557.044434 1655.593872 11303.341797
v -1557.044434 1755.593872 11303.341797
v -1357.044434 1655.593872 11303.341797
v -1357.044434 1755.593872 11303.341797
v -1257.044434 1655.593872 11303.341797
v -1257.044434 1755.593872 11303.341797
v -1707.044434 1855.593872 11886.674805
v -1707.044434 2055.593750 11953.341797
v -1107.044434 1855.593872 11886.674805
v -1107.044434 2055.593750 11953.341797
v -1007.044434 1655.593872 12153.341797
v -1007.044434 1855.593872 12153.341797
v -207.044403 1655.593872 12153.341797
v -1107.044434 2055.593750 12153.341797
v -1707.044434 2055.593750 12153.341797
v -2407.044434 1855.593872 11886.674805
v -2407.044434 2055.593750 11953.341797
v -1807.044434 1855.593872 11886.674805
v -1807.044434 2055.593750 11953.341797
v -2407.044434 2055.593750 12153.341797
v -2507.044434 1855.593872 12153.341797
v -1407.044434 1855.593872 13853.341797
v -1407.044434 1755.593872 13853.341797
v -1407.044434 1855.593872 13886.674805
v -1407.044434 1855.593872 13953.341797
v -1407.044434 2055.593750 13953.341797
v -1407.044434 2055.593750 15353.341797
v -1407.044434 2055.593750 14653.341797
v -1407.044434 2055.593750 14153.341797
v -707.044434 2055.593750 14153.341797
v -207.044403 2055.593750 14153.341797
v -1407.044434 1655.593872 13853.341797
v -1007.044434 1755.593872 13853.341797
v -907.044434 1655.593872 13853.341797
v -907.044434 1855.593872 13853.341797
v -1007.044434 1855.593872 13853.341797
v -907.044434 2055.593750 13853.341797
v -1007.044434 2055.593750 13853.341797
v -307.044403 1755.593872 13853.341797
v -907.044434 1755.593872 13853.341797
v -207.044403 1855.593872 13853.341797
v -307.044403 1855.593872 13853.341797
v -207.044403 2055.593750 13853.341797
v -307.044403 2055.593750 13853.341797
v -1407.044434 1655.593872 12553.341797
v -207.044403 2155.593750 13853.341797
v -207.044403 1655.593872 13153.341797
v -207.044403 2155.593750 13153.341797
v -907.044434 1855.593872 13886.674805
v -907.044434 2055.593750 13953.341797
v -307.044403 1855.593872 13886.674805
v -307.044403 2055.593750 13953.341797
v -307.044403 2055.593750 14153.341797
v -907.044434 2055.593750 14153.341797
v -1007.044434 1855.593872 13886.674805
v -1007.044434 2055.593750 13953.341797
v -1007.044434 2055.593750 14153.341797
v -1707.044434 1755.593872 14653.341797
v -1707.044434 1855.593872 14653.341797
v -1673.711060 1855.593872 14653.341797
v -1707.044434 2055.593750 14653.341797
v -1607.044434 2055.593750 14653.341797
v -1673.711060 1855.593872 14153.341797
v -1607.044434 1855.593872 14153.341797
v -1607.044434 2055.593750 14153.341797
v -1707.044434 1755.593872 14153.341797
v -1707.044434 1855.593872 14153.341797
v -1607.044434 1855.593872 13953.341797
v -1607.044434 1855.593872 13853.341797
v -1707.044434 1855.593872 13853.341797
v -2107.044434 1855.593872 12553.341797
v -2807.044434 1855.593872 12553.341797
v -1407.044434 1855.593872 12553.341797
v -3007.044434 1855.593872 12553.341797
v -1607.044434 2055.593750 13953.341797
v -2107.044434 1655.593872 12553.341797
v -2807.044434 1655.593872 12553.341797
v -1707.044434 1655.593872 14153.341797
v -1707.044434 1855.593872 14553.341797
v -1707.044434 1755.593872 14553.341797
v -1673.711060 1855.593872 14553.341797
v -1607.044434 2055.593750 14553.341797
v -1707.044434 2055.593750 14553.341797
v -1707.044434 1655.593872 14553.341797
v -1407.044434 2055.593750 14553.341797
v -1707.044434 2155.593750 15353.341797
v -1707.044434 2055.593750 15353.341797
v -1707.044434 1855.593872 15253.341797
v -1707.044434 1755.593872 15253.341797
v -1673.711060 1855.593872 15253.341797
v -1607.044434 2055.593750 15253.341797
v -1707.044434 2055.593750 15253.341797
v -1707.044434 1655.593872 15253.341797
v -1407.044434 2055.593750 15253.341797
v -1707.044434 1855.593872 15353.341797
v -5207.044434 1380.593872 8153.341797
v -5207.044434 1405.593872 8153.341797
v -5107.044434 1405.593872 8153.341797
v -5107.044434 1380.593872 8153.341797
v -5107.044434 1430.593872 8153.341797
v -5107.044434 1455.593872 8153.341797
v -5007.044434 1455.593872 8153.341797
v -5007.044434 1430.593872 8153.341797
v -5007.044434 1480.593872 8153.341797
v -5007.044434 1505.593872 8153.341797
v -4907.044434 1505.593872 8153.341797
v -4907.044434 1480.593872 8153.341797
v -4907.044434 1530.593872 8153.341797
v -4907.044434 1555.593872 8153.341797
v -4807.044434 1555.593872 8153.341797
v -4807.044434 1530.593872 8153.341797
v -4807.044434 1580.593872 8153.341797
v -4807.044434 1605.593872 8153.341797
v -4707.044434 1605.593872 8153.341797
v -4707.044434 1580.593872 8153.341797
v -4707.044434 1630.593872 8153.341797
v -4707.044434 1655.593872 8153.341797
v -4607.044434 1655.593872 8153.341797
v -4607.044434 1630.593872 8153.341797
v -4107.044434 1655.593872 8153.341797
v -3407.044189 1655.593872 8153.341797
v -3407.044189 1555.593872 8153.341797
v -4107.044434 1555.593872 8153.341797
v -4607.044434 1555.593872 8153.341797
v -5407.044434 1280.593872 8153.341797
v -5407.044434 1305.593872 8153.341797
v -5307.044434 1305.593872 8153.341797
v -5307.044434 1280.593872 8153.341797
v -5307.044434 1330.593872 8153.341797
v -5307.044434 1355.593872 8153.341797
v -5207.044434 1355.593872 8153.341797
v -5207.044434 1330.593872 8153.341797
v -8507.043945 905.593872 8153.341797
v -8507.043945 880.593872 8153.341797
v -8607.043945 880.593872 8153.341797
v -8607.043945 905.593872 8153.341797
v -8407.043945 955.593872 8153.341797
v -8407.043945 930.593872 8153.341797
v -8507.043945 930.593872 8153.341797
v -8507.043945 955.593872 8153.341797
v -8307.043945 1005.593872 8153.341797
v -8307.043945 980.593872 8153.341797
v -8407.043945 980.593872 8153.341797
v -8407.043945 1005.593872 8153.341797
v -8207.043945 1055.593872 8153.341797
v -8207.043945 1030.593872 8153.341797
v -8307.043945 1030.593872 8153.341797
v -8307.043945 1055.593872 8153.341797
v -8107.044434 1105.593872 8153.341797
v -8107.044434 1080.593872 8153.341797
v -8207.043945 1080.593872 8153.341797
v -8207.043945 1105.593872 8153.341797
v -8007.044434 1155.593872 8153.341797
v -8007.044434 1130.593872 8153.341797
v -8107.044434 1130.593872 8153.341797
v -8107.044434 1155.593872 8153.341797
v -7907.044434 1205.593872 8153.341797
v -7907.044434 1180.593872 8153.341797
v -8007.044434 1180.593872 8153.341797
v -8007.044434 1205.593872 8153.341797
v -7807.044434 1230.593872 8153.341797
v -7907.044434 1230.593872 8153.341797
v -7907.044434 1255.593872 8153.341797
v -7807.044434 1255.593872 8153.341797
v -6907.044434 1155.593872 8153.341797
v -7607.044434 1155.593872 8153.341797
v -7607.044434 1255.593872 8153.341797
v -6907.044434 1255.593872 8153.341797
v -6207.044434 1155.593872 8153.341797
v -6207.044434 1255.593872 8153.341797
v -5507.044434 1155.593872 8153.341797
v -5507.044434 1255.593872 8153.341797
v -7807.044434 1155.593872 8153.341797
v -5407.044434 1230.593872 8153.341797
v -5507.044434 1230.593872 8153.341797
v -5407.044434 1255.593872 8153.341797
v -9307.043945 505.593872 8153.341797
v -9307.043945 480.593872 8153.341797
v -9407.043945 480.593872 8153.341797
v -9407.043945 505.593872 8153.341797
v -9207.043945 555.593872 8153.341797
v -9207.043945 530.593872 8153.341797
v -9307.043945 530.593872 8153.341797
v -9307.043945 555.593872 8153.341797
v -9107.043945 605.593872 8153.341797
v -9107.043945 580.593872 8153.341797
v -9207.043945 580.593872 8153.341797
v -9207.043945 605.593872 8153.341797
v -9007.043945 655.593872 8153.341797
v -9007.043945 630.593872 8153.341797
v -9107.043945 630.593872 8153.341797
v -9107.043945 655.593872 8153.341797
v -8907.043945 705.593872 8153.341797
v -8907.043945 680.593872 8153.341797
v -9007.043945 680.593872 8153.341797
v -9007.043945 705.593872 8153.341797
v -8807.043945 755.593872 8153.341797
v -8807.043945 730.593872 8153.341797
v -8907.043945 730.593872 8153.341797
v -8907.043945 755.593872 8153.341797
v -8707.043945 805.593872 8153.341797
v -8707.043945 780.593872 8153.341797
v -8807.043945 780.593872 8153.341797
v -8807.043945 805.593872 8153.341797
v -8607.043945 855.593872 8153.341797
v -8607.043945 830.593872 8153.341797
v -8707.043945 830.593872 8153.341797
v -8707.043945 855.593872 8153.341797
v -10807.043945 455.593872 8153.341797
v -10107.043945 455.593872 8153.341797
v -10107.043945 355.593872 8153.341797
v -10807.043945 355.593872 8153.341797
v -9407.043945 455.593872 8153.341797
v -9407.043945 355.593872 8153.341797
v -11007.043945 355.593872 8153.341797
v -11007.043945 455.593872 8153.341797
v -5807.044434 1255.593872 8153.341797
v -6507.044434 1255.593872 8153.341797
v -6507.044434 1255.593872 7753.341797
v -5807.044434 1255.593872 7753.341797
v -7207.044434 1255.593872 8153.341797
v -11007.043945 1255.593872 8153.341797
v -10607.043945 1255.593872 8153.341797
v -3707.044189 1555.593872 7753.341797
v -4407.044434 1555.593872 7753.341797
v -4407.044434 1555.593872 8153.341797
v -3707.044189 1555.593872 8153.341797
v -3007.044434 1555.593872 8153.341797
v -3207.044189 1655.593872 8153.341797
v -3907.044189 1655.593872 8153.341797
v -3907.044189 1655.593872 7753.341797
v -3207.044189 1655.593872 7753.341797
v -11007.043945 1755.593872 8153.341797
v -11007.043945 1655.593872 8153.341797
v -10607.043945 1655.593872 8153.341797
v -3307.044189 -4744.406250 8153.341797
v -4007.044189 -4744.406250 8153.341797
v -4007.044189 -4744.406250 7753.341797
v -3307.044189 -4744.406250 7753.341797
v -4707.044434 -4744.406250 8153.341797
v -4707.044434 -4744.406250 7753.341797
v -5407.044434 -4744.406250 8153.341797
v -6107.044434 -4744.406250 8153.341797
v -6107.044434 -4744.406250 7753.341797
v -6807.044434 -4744.406250 8153.341797
v -6807.044434 -4744.406250 7753.341797
v -7507.044434 -4744.406250 8153.341797
v -7507.044434 -4744.406250 7753.341797
v -8207.043945 -4744.406250 8153.341797
v -8907.043945 -4744.406250 8153.341797
v -9607.043945 -4744.406250 8153.341797
v -9607.043945 -4744.406250 7753.341797
v -10307.043945 -4744.406250 8153.341797
v -10307.043945 -4744.406250 7753.341797
v -11007.043945 -4744.406250 8153.341797
v -11007.043945 555.593872 8153.341797
v -11007.043945 -4544.406250 8153.341797
v -11007.043945 -3844.406250 8153.341797
v -11007.043945 -3144.406250 8153.341797
v -11007.043945 -2444.406250 8153.341797
v -11007.043945 -1744.406128 8153.341797
v -11007.043945 -1044.406128 8153.341797
v -11007.043945 -344.406128 8153.341797
v -10307.043945 455.593872 7753.341797
v -9607.043945 455.593872 7753.341797
v -9607.043945 455.593872 8153.341797
v -10307.043945 455.593872 8153.341797
v -3407.044189 2455.593750 12453.341797
v -3407.044189 1755.593872 12553.341797
v -3407.044189 1755.593872 12453.341797
v -3407.044189 1255.593872 12553.341797
v -3407.044189 1255.593872 12453.341797
v -3407.044189 1555.593872 12253.341797
v -3407.044189 1555.593872 12453.341797
v -3407.044189 1255.593872 12253.341797
v -3407.044189 2155.593750 12253.341797
v -3407.044189 2155.593750 12453.341797
v -3407.044189 2455.593750 12253.341797
v -3407.044189 1755.593872 12253.341797
v -3407.044189 1755.593872 12153.341797
v -3407.044189 1255.593872 12153.341797
v -3407.044189 2455.593750 9653.341797
v -3407.044189 1755.593872 9753.341797
v -3407.044189 1755.593872 9653.341797
v -3407.044189 1255.593872 9753.341797
v -3407.044189 1255.593872 9653.341797
v -3407.044189 1555.593872 9453.341797
v -3407.044189 1555.593872 9653.341797
v -3407.044189 1255.593872 9453.341797
v -3407.044189 2155.593750 9453.341797
v -3407.044189 2155.593750 9653.341797
v -3407.044189 2455.593750 9453.341797
v -3407.044189 1755.593872 9453.341797
v -3407.044189 1755.593872 9353.341797
v -3407.044189 1255.593872 9353.341797
v -3407.044189 1655.593872 9353.341797
v -3407.044189 1555.593872 9353.341797
v -3407.044189 1555.593872 8653.341797
v -3407.044189 1655.593872 8653.341797
v -3407.044189 2455.593750 15653.341797
v -3407.044189 1755.593872 15753.341797
v -3407.044189 1755.593872 15653.341797
v -3407.044189 1255.593872 15753.341797
v -3407.044189 1255.593872 15653.341797
v -3407.044189 1555.593872 15453.341797
v -3407.044189 1555.593872 15653.341797
v -3407.044189 1255.593872 15453.341797
v -3407.044189 2155.593750 15453.341797
v -3407.044189 2155.593750 15653.341797
v -3407.044189 2455.593750 15453.341797
v -3407.044189 1755.593872 15453.341797
v -3407.044189 1755.593872 15353.341797
v -3407.044189 1255.593872 15353.341797
v -3207.044189 855.593872 12553.341797
v -3207.044189 855.593872 12153.341797
v -3207.044189 855.593872 9753.341797
v -3207.044189 855.593872 9353.341797
v -3207.044189 855.593872 15753.341797
v -3207.044189 855.593872 15353.341797
v -3007.044434 1755.593872 9753.341797
v -3007.044434 1055.593872 9753.341797
v -3307.044189 1055.593872 9753.341797
v -3407.044189 1555.593872 8853.341797
v -3007.044434 1555.593872 8853.341797
v -3407.044189 1655.593872 8853.341797
v -3007.044434 1755.593872 12553.341797
v -3007.044434 1055.593872 12553.341797
v -3307.044189 1055.593872 12553.341797
v -3007.044434 1055.593872 12153.341797
v -3007.044434 1755.593872 12153.341797
v -3307.044189 1055.593872 12153.341797
v -3007.044434 455.593872 15753.341797
v -3007.044434 1055.593872 15353.341797
v -3007.044434 1755.593872 15353.341797
v -3307.044189 1055.593872 15353.341797
v -3407.044189 -4744.406250 15153.341797
v -3407.044189 -4744.406250 14453.341797
v -3007.044434 -4744.406250 14453.341797
v -3007.044434 -4744.406250 15153.341797
v -3407.044189 -4744.406250 13753.341797
v -3007.044434 -4744.406250 13753.341797
v -3407.044189 -4744.406250 13053.341797
v -3007.044434 -4744.406250 13053.341797
v -3407.044189 -4744.406250 12353.341797
v -3007.044434 -4744.406250 12353.341797
v -3407.044189 -4744.406250 11653.341797
v -3007.044434 -4744.406250 11653.341797
v -3407.044189 -4744.406250 10953.341797
v -3007.044434 -4744.406250 10953.341797
v -3407.044189 -4744.406250 10253.341797
v -3007.044434 -4744.406250 10253.341797
v -3407.044189 -4744.406250 9553.341797
v -3007.044434 -4744.406250 9553.341797
v -3407.044189 -4744.406250 8853.341797
v -3007.044434 -4744.406250 8853.341797
v -3407.044189 -4744.406250 8153.341797
v -3407.044189 -4744.406250 15753.341797
v -3007.044434 -844.406128 15753.341797
v -3007.044434 -144.406128 15753.341797
v -3407.044189 -144.406128 15753.341797
v -3407.044189 -844.406128 15753.341797
v -3057.044434 555.593872 15753.341797
v -3407.044189 555.593872 15753.341797
v -3407.044189 -1144.406128 15753.341797
v -3407.044189 -3644.406250 15753.341797
v -3407.044189 -4344.406250 15753.341797
v -3407.044189 -2944.406250 15753.341797
v -3407.044189 -2244.406250 15753.341797
v -3407.044189 -1544.406128 15753.341797
v -3407.044189 -1144.406128 15353.341797
v -3407.044189 -1544.406128 15353.341797
v -4207.044434 -4744.406250 12253.341797
v -4207.044434 -4744.406250 12953.341797
v -4707.044434 -4744.406250 12953.341797
v -4707.044434 -4744.406250 12253.341797
v -5407.044434 -4744.406250 12953.341797
v -5407.044434 -4744.406250 12253.341797
v -4207.044434 -4744.406250 11553.341797
v -4707.044434 -4744.406250 11553.341797
v -5407.044434 -4744.406250 11553.341797
v -4207.044434 -4744.406250 10853.341797
v -4707.044434 -4744.406250 10853.341797
v -5407.044434 -4744.406250 10853.341797
v -4207.044434 -4744.406250 10153.341797
v -4707.044434 -4744.406250 10153.341797
v -5407.044434 -4744.406250 10153.341797
v -4707.044434 -4744.406250 13353.341797
v -5407.044434 -4744.406250 13353.341797
v -4207.044434 -4744.406250 13353.341797
v -5407.044434 -4744.406250 8953.341797
v -5407.044434 -4744.406250 9653.341797
v -5607.044434 -4744.406250 9653.341797
v -5607.044434 -4744.406250 8953.341797
v -8407.043945 -4744.406250 9653.341797
v -8407.043945 -4744.406250 8953.341797
v -7707.044434 -4744.406250 8953.341797
v -7707.044434 -4744.406250 9653.341797
v -7007.044434 -4744.406250 8953.341797
v -7007.044434 -4744.406250 9653.341797
v -6307.044434 -4744.406250 8953.341797
v -6307.044434 -4744.406250 9653.341797
v -5607.044434 -4744.406250 10153.341797
v -6307.044434 -4744.406250 10153.341797
v -7007.044434 -4744.406250 10153.341797
v -7707.044434 -4744.406250 10153.341797
v -8407.043945 -4744.406250 10153.341797
v -9607.043945 -4744.406250 8953.341797
v -9607.043945 -4744.406250 9653.341797
v -9807.043945 -4744.406250 9653.341797
v -9807.043945 -4744.406250 8953.341797
v -9607.043945 -4744.406250 10153.341797
v -9807.043945 -4744.406250 10153.341797
v -4907.044434 -4744.406250 8153.341797
v -4207.044434 -4744.406250 8153.341797
v -4207.044434 -4744.406250 8853.341797
v -4907.044434 -4744.406250 8853.341797
v -9807.043945 -4744.406250 8853.341797
v -9807.043945 -4744.406250 8153.341797
v -9107.043945 -4744.406250 8153.341797
v -9107.043945 -4744.406250 8853.341797
v -8407.043945 -4744.406250 8153.341797
v -8407.043945 -4744.406250 8853.341797
v -7707.044434 -4744.406250 8153.341797
v -7707.044434 -4744.406250 8853.341797
v -7007.044434 -4744.406250 8153.341797
v -7007.044434 -4744.406250 8853.341797
v -6307.044434 -4744.406250 8153.341797
v -6307.044434 -4744.406250 8853.341797
v -5607.044434 -4744.406250 8153.341797
v -5607.044434 -4744.406250 8853.341797
v -4907.044434 -4744.406250 8953.341797
v -9107.043945 -4744.406250 8953.341797
v -4207.044434 -4744.406250 8953.341797
v -5407.044434 -4744.406250 14353.341797
v -5407.044434 -4744.406250 15053.341797
v -5607.044434 -4744.406250 15053.341797
v -5607.044434 -4744.406250 14353.341797
v -9807.043945 -4744.406250 15053.341797
v -9807.043945 -4744.406250 14353.341797
v -9107.043945 -4744.406250 14353.341797
v -9107.043945 -4744.406250 15053.341797
v -8407.043945 -4744.406250 14353.341797
v -8407.043945 -4744.406250 15053.341797
v -7707.044434 -4744.406250 14353.341797
v -7707.044434 -4744.406250 15053.341797
v -7007.044434 -4744.406250 14353.341797
v -7007.044434 -4744.406250 15053.341797
v -6307.044434 -4744.406250 14353.341797
v -6307.044434 -4744.406250 15053.341797
v -5407.044434 -4744.406250 13653.341797
v -5607.044434 -4744.406250 13653.341797
v -9807.043945 -4744.406250 13653.341797
v -9107.043945 -4744.406250 13653.341797
v -8407.043945 -4744.406250 13653.341797
v -7707.044434 -4744.406250 13653.341797
v -7007.044434 -4744.406250 13653.341797
v -6307.044434 -4744.406250 13653.341797
v -5607.044434 -4744.406250 12953.341797
v -9807.043945 -4744.406250 12953.341797
v -9107.043945 -4744.406250 12953.341797
v -8407.043945 -4744.406250 12953.341797
v -7707.044434 -4744.406250 12953.341797
v -7007.044434 -4744.406250 12953.341797
v -6307.044434 -4744.406250 12953.341797
v -5607.044434 -4744.406250 12253.341797
v -9807.043945 -4744.406250 12253.341797
v -9107.043945 -4744.406250 12253.341797
v -8407.043945 -4744.406250 12253.341797
v -7707.044434 -4744.406250 12253.341797
v -7007.044434 -4744.406250 12253.341797
v -6307.044434 -4744.406250 12253.341797
v -5607.044434 -4744.406250 11553.341797
v -9807.043945 -4744.406250 11553.341797
v -9107.043945 -4744.406250 11553.341797
v -8407.043945 -4744.406250 11553.341797
v -7707.044434 -4744.406250 11553.341797
v -7007.044434 -4744.406250 11553.341797
v -6307.044434 -4744.406250 11553.341797
v -5607.044434 -4744.406250 10853.341797
v -9807.043945 -4744.406250 10853.341797
v -9107.043945 -4744.406250 10853.341797
v -8407.043945 -4744.406250 10853.341797
v -7707.044434 -4744.406250 10853.341797
v -7007.044434 -4744.406250 10853.341797
v -6307.044434 -4744.406250 10853.341797
v -9107.043945 -4744.406250 10153.341797
v -5607.044434 -4744.406250 15353.341797
v -6307.044434 -4744.406250 15353.341797
v -7007.044434 -4744.406250 15353.341797
v -7707.044434 -4744.406250 15353.341797
v -8407.043945 -4744.406250 15353.341797
v -9107.043945 -4744.406250 15353.341797
v -9807.043945 -4744.406250 15353.341797
v -5407.044434 -4744.406250 15353.341797
v -5607.044434 -4744.406250 15753.341797
v -6307.044434 -4744.406250 15753.341797
v -7007.044434 -4744.406250 15753.341797
v -5407.044434 -4744.406250 15753.341797
v -4707.044434 -4744.406250 15253.341797
v -4707.044434 -4744.406250 14553.341797
v -4207.044434 -4744.406250 14553.341797
v -4207.044434 -4744.406250 15253.341797
v -5407.044434 -4744.406250 15253.341797
v -5407.044434 -4744.406250 14553.341797
v -4707.044434 -4744.406250 15753.341797
v -4207.044434 -4744.406250 15753.341797
v -3507.044189 -4744.406250 15153.341797
v -3507.044189 -4744.406250 14453.341797
v -4207.044434 -4744.406250 15153.341797
v -4207.044434 -4744.406250 14453.341797
v -3507.044189 -4744.406250 13753.341797
v -4207.044434 -4744.406250 13753.341797
v -3507.044189 -4744.406250 13053.341797
v -4207.044434 -4744.406250 13053.341797
v -3507.044189 -4744.406250 12353.341797
v -4207.044434 -4744.406250 12353.341797
v -3507.044189 -4744.406250 11653.341797
v -4207.044434 -4744.406250 11653.341797
v -3507.044189 -4744.406250 10953.341797
v -4207.044434 -4744.406250 10953.341797
v -3507.044189 -4744.406250 10253.341797
v -4207.044434 -4744.406250 10253.341797
v -3507.044189 -4744.406250 9553.341797
v -4207.044434 -4744.406250 9553.341797
v -3507.044189 -4744.406250 8853.341797
v -3507.044189 -4744.406250 8153.341797
v -3507.044189 -4744.406250 15753.341797
v -9907.043945 -4744.406250 15153.341797
v -9907.043945 -4744.406250 14453.341797
v -9807.043945 -4744.406250 14453.341797
v -9807.043945 -4744.406250 15153.341797
v -10607.043945 -4744.406250 15153.341797
v -10607.043945 -4744.406250 14453.341797
v -9907.043945 -4744.406250 13753.341797
v -9807.043945 -4744.406250 13753.341797
v -10607.043945 -4744.406250 13753.341797
v -9907.043945 -4744.406250 13053.341797
v -9807.043945 -4744.406250 13053.341797
v -10607.043945 -4744.406250 13053.341797
v -9907.043945 -4744.406250 12353.341797
v -9807.043945 -4744.406250 12353.341797
v -10607.043945 -4744.406250 12353.341797
v -9907.043945 -4744.406250 11653.341797
v -9807.043945 -4744.406250 11653.341797
v -10607.043945 -4744.406250 11653.341797
v -9907.043945 -4744.406250 10953.341797
v -9807.043945 -4744.406250 10953.341797
v -10607.043945 -4744.406250 10953.341797
v -9907.043945 -4744.406250 10253.341797
v -9807.043945 -4744.406250 10253.341797
v -10607.043945 -4744.406250 10253.341797
v -9907.043945 -4744.406250 9553.341797
v -9807.043945 -4744.406250 9553.341797
v -10607.043945 -4744.406250 9553.341797
v -9907.043945 -4744.406250 8853.341797
v -10607.043945 -4744.406250 8853.341797
v -9907.043945 -4744.406250 8153.341797
v -10607.043945 -4744.406250 8153.341797
v -9907.043945 -4744.406250 15753.341797
v -10607.043945 -4744.406250 15753.341797
v -9807.043945 -4744.406250 15753.341797
v -7707.044434 -4744.406250 15753.341797
v -8407.043945 -4744.406250 15753.341797
v -9107.043945 -4744.406250 15753.341797
v -7407.044434 -4744.406250 15753.341797
v -7407.044434 -4744.406250 15353.341797
v -11007.043945 -4744.406250 8853.341797
v -10607.043945 -4744.406250 8953.341797
v -11007.043945 -4744.406250 8953.341797
v -10607.043945 -4744.406250 11453.341797
v -10607.043945 -4744.406250 12153.341797
v -11007.043945 -4744.406250 12153.341797
v -11007.043945 -4744.406250 11453.341797
v -10607.043945 -4744.406250 10753.341797
v -11007.043945 -4744.406250 10753.341797
v -10607.043945 -4744.406250 10053.341797
v -11007.043945 -4744.406250 10053.341797
v -10607.043945 -4744.406250 9353.341797
v -11007.043945 -4744.406250 9353.341797
v -10607.043945 -4744.406250 12553.341797
v -11007.043945 -4744.406250 12553.341797
v -10607.043945 -4744.406250 14353.341797
v -10607.043945 -4744.406250 15053.341797
v -11007.043945 -4744.406250 15053.341797
v -11007.043945 -4744.406250 14353.341797
v -10607.043945 -4744.406250 13653.341797
v -11007.043945 -4744.406250 13653.341797
v -10607.043945 -4744.406250 12953.341797
v -11007.043945 -4744.406250 12953.341797
v -11007.043945 -4744.406250 15753.341797
v -10607.043945 -4444.406250 9353.341797
v -10607.043945 -3744.406250 9353.341797
v -10607.043945 -3744.406250 8953.341797
v -10607.043945 -4444.406250 8953.341797
v -10607.043945 -3044.406250 9353.341797
v -10607.043945 -3044.406250 8953.341797
v -10607.043945 -2344.406250 9353.341797
v -10607.043945 -2344.406250 8953.341797
v -10607.043945 -1930.064453 13617.372070
v -10607.043945 -2344.406250 12917.372070
v -10607.043945 -2344.406250 13617.372070
v -10607.043945 -1849.581543 13753.341797
v -10607.043945 -2344.406250 13753.341797
v -10607.043945 -3744.406250 12553.341797
v -10607.043945 -4444.406250 12553.341797
v -10607.043945 -4444.406250 12953.341797
v -10607.043945 -3744.406250 12953.341797
v -10607.043945 -3044.406250 12553.341797
v -10607.043945 -3044.406250 12953.341797
v -10607.043945 -2344.406250 12553.341797
v -10607.043945 -2344.406250 12953.341797
v -10607.043945 -2204.731689 13153.341797
v -10607.043945 -1944.406128 13153.341797
v -10607.043945 -1944.406128 12453.341797
v -10607.043945 -2344.406250 12453.341797
v -10607.043945 -1944.406128 11753.341797
v -10607.043945 -2344.406250 11753.341797
v -10607.043945 -1944.406128 11053.341797
v -10607.043945 -2344.406250 11053.341797
v -10607.043945 -1944.406128 10353.341797
v -10607.043945 -2344.406250 10353.341797
v -10607.043945 -1944.406128 9653.341797
v -10607.043945 -2344.406250 9653.341797
v -10607.043945 -1944.406128 8953.341797
v -10607.043945 -1944.406128 13593.142578
v -10607.043945 -844.406128 13353.341797
v -10607.043945 -1544.406128 13353.341797
v -10607.043945 -1544.406128 13753.341797
v -10607.043945 -844.406128 13753.341797
v -10607.043945 -144.406128 13353.341797
v -10607.043945 -144.406128 13753.341797
v -10607.043945 555.593872 13353.341797
v -10607.043945 555.593872 13753.341797
v -10607.043945 1255.593872 13753.341797
v -10607.043945 1255.593872 13353.341797
v -10607.043945 -1944.406128 13353.341797
v -10607.043945 1655.593872 15153.341797
v -10607.043945 1655.593872 14453.341797
v -10607.043945 1255.593872 14453.341797
v -10607.043945 1255.593872 15153.341797
v -10607.043945 1655.593872 13753.341797
v -10607.043945 1655.593872 13053.341797
v -10607.043945 1255.593872 13053.341797
v -10607.043945 1655.593872 12353.341797
v -10607.043945 1255.593872 12353.341797
v -10607.043945 1655.593872 11653.341797
v -10607.043945 1255.593872 11653.341797
v -10607.043945 1655.593872 10953.341797
v -10607.043945 1255.593872 10953.341797
v -10607.043945 1655.593872 10253.341797
v -10607.043945 1255.593872 10253.341797
v -10607.043945 1655.593872 9553.341797
v -10607.043945 1255.593872 9553.341797
v -10607.043945 1655.593872 8853.341797
v -10607.043945 1255.593872 8853.341797
v -10607.043945 1255.593872 15353.341797
v -10607.043945 1655.593872 15353.341797
v -10607.043945 1755.593872 11353.341797
v -10607.043945 1755.593872 11753.341797
v -10607.043945 1655.593872 11353.341797
v -10607.043945 1655.593872 11753.341797
v -4707.044434 -1544.406128 15353.341797
v -4007.044189 -1544.406128 15353.341797
v -4007.044189 -1144.406128 15353.341797
v -4707.044434 -1144.406128 15353.341797
v -5407.044434 -1144.406128 15353.341797
v -5407.044434 -1544.406128 15353.341797
v -5407.044434 -1744.406128 15353.341797
v -5407.044434 -1044.406128 15353.341797
v -5807.044434 -1044.406128 15353.341797
v -5807.044434 -1744.406128 15353.341797
v -5407.044434 -344.406128 15353.341797
v -5807.044434 -344.406128 15353.341797
v -5407.044434 355.593872 15353.341797
v -5807.044434 355.593872 15353.341797
v -5407.044434 1055.593872 15353.341797
v -5807.044434 1055.593872 15353.341797
v -5407.044434 1755.593872 15353.341797
v -5807.044434 1755.593872 15353.341797
v -5807.044434 -2344.406250 15353.341797
v -5407.044434 -2344.406250 15353.341797
v -7007.044434 -4144.406250 15353.341797
v -7007.044434 -3444.406250 15353.341797
v -7407.044434 -3444.406250 15353.341797
v -7407.044434 -4144.406250 15353.341797
v -7007.044434 -2744.406250 15353.341797
v -7407.044434 -2744.406250 15353.341797
v -6507.044434 -2744.406250 15353.341797
v -5807.044434 -2744.406250 15353.341797
v -6507.044434 -2344.406250 15353.341797
v -7207.044434 -2744.406250 15353.341797
v -7207.044434 -2344.406250 15353.341797
v -7907.044434 -2744.406250 15353.341797
v -7907.044434 -2344.406250 15353.341797
v -8607.043945 -2344.406250 15353.341797
v -8607.043945 -2744.406250 15353.341797
v -5407.044434 -2744.406250 15353.341797
v -8607.043945 -1144.406128 15353.341797
v -8607.043945 -1844.406128 15353.341797
v -8207.043945 -1844.406128 15353.341797
v -8207.043945 -1144.406128 15353.341797
v -8607.043945 -444.406128 15353.341797
v -8207.043945 -444.406128 15353.341797
v -8607.043945 255.593872 15353.341797
v -8207.043945 255.593872 15353.341797
v -8607.043945 955.593872 15353.341797
v -8207.043945 955.593872 15353.341797
v -8207.043945 1655.593872 15353.341797
v -8224.368164 1655.593872 15353.341797
v -8607.043945 1244.741821 15353.341797
v -8207.043945 -2344.406250 15353.341797
v -8596.936523 1255.593872 15353.341797
v -8607.043945 1255.593872 15353.341797
v -9207.043945 1255.593872 15353.341797
v -8507.043945 1352.104736 15353.341797
v -8507.043945 1655.593872 15353.341797
v -9207.043945 1655.593872 15353.341797
v -9907.043945 1255.593872 15353.341797
v -9907.043945 1655.593872 15353.341797
v -5407.044434 -3944.406250 8953.341797
v -5407.044434 -3944.406250 9453.341797
v -5407.044434 -4644.406250 9453.341797
v -5407.044434 -4644.406250 8953.341797
v -5407.044434 -3944.406250 10153.341797
v -5407.044434 -4644.406250 10153.341797
v -5407.044434 -4744.406250 9453.341797
v -5407.044434 -3944.406250 13353.341797
v -5407.044434 -3944.406250 13853.341797
v -5407.044434 -4644.406250 13853.341797
v -5407.044434 -4644.406250 13353.341797
v -5407.044434 -3944.406250 14553.341797
v -5407.044434 -4644.406250 14553.341797
v -5407.044434 -4744.406250 13853.341797
v -4407.044434 -3944.406250 14053.341797
v -4407.044434 -3944.406250 13353.341797
v -4207.044434 -3944.406250 13353.341797
v -4207.044434 -3944.406250 14053.341797
v -4407.044434 -3944.406250 14553.341797
v -4207.044434 -3944.406250 14553.341797
v -4407.044434 -3944.406250 9653.341797
v -4407.044434 -3944.406250 8953.341797
v -4207.044434 -3944.406250 8953.341797
v -4207.044434 -3944.406250 9653.341797
v -4407.044434 -3944.406250 10153.341797
v -4207.044434 -3944.406250 10153.341797
v -5207.044434 -3944.406250 9153.341797
v -5207.044434 -3944.406250 8953.341797
v -4507.044434 -3944.406250 8953.341797
v -4507.044434 -3944.406250 9153.341797
v -4407.044434 -3944.406250 9153.341797
v -5207.044434 -3944.406250 13553.341797
v -5207.044434 -3944.406250 13353.341797
v -4507.044434 -3944.406250 13353.341797
v -4507.044434 -3944.406250 13553.341797
v -4407.044434 -3944.406250 13553.341797
v -5207.044434 -3944.406250 10153.341797
v -5207.044434 -3944.406250 9953.341797
v -4507.044434 -3944.406250 9953.341797
v -4507.044434 -3944.406250 10153.341797
v -4407.044434 -3944.406250 9953.341797
v -5207.044434 -3944.406250 14553.341797
v -5207.044434 -3944.406250 14353.341797
v -4507.044434 -3944.406250 14353.341797
v -4507.044434 -3944.406250 14553.341797
v -4407.044434 -3944.406250 14353.341797
v -5407.044434 -3944.406250 14053.341797
v -5207.044434 -3944.406250 14053.341797
v -5407.044434 -3944.406250 9653.341797
v -5207.044434 -3944.406250 9653.341797
v -5207.044434 -3344.406250 13653.341797
v -5207.044434 -3344.406250 14353.341797
v -5207.044434 -3944.406250 13653.341797
v -5207.044434 -3344.406250 13553.341797
v -5207.044434 -3344.406250 9253.341797
v -5207.044434 -3344.406250 9953.341797
v -5207.044434 -3944.406250 9253.341797
v -5207.044434 -3344.406250 9153.341797
v -4407.044434 -3944.406250 14253.341797
v -4407.044434 -3344.406250 14253.341797
v -4407.044434 -3344.406250 13553.341797
v -4407.044434 -3344.406250 14353.341797
v -4407.044434 -3944.406250 9853.341797
v -4407.044434 -3344.406250 9853.341797
v -4407.044434 -3344.406250 9153.341797
v -4407.044434 -3344.406250 9953.341797
v -4507.044434 -3344.406250 13553.341797
v -4507.044434 -3344.406250 14253.341797
v -5207.044434 -3344.406250 14253.341797
v -4507.044434 -3344.406250 14353.341797
v -4507.044434 -3344.406250 9153.341797
v -4507.044434 -3344.406250 9853.341797
v -5207.044434 -3344.406250 9853.341797
v -4507.044434 -3344.406250 9953.341797
v -5107.044434 -3344.406250 9953.341797
v -5107.044434 -3944.406250 9953.341797
v -5107.044434 -3344.406250 14353.341797
v -5107.044434 -3944.406250 14353.341797
v -4207.044434 -4644.406250 14553.341797
v -4207.044434 -4644.406250 14053.341797
v -4207.044434 -4644.406250 13353.341797
v -4207.044434 -4744.406250 14053.341797
v -4207.044434 -4644.406250 10153.341797
v -4207.044434 -4644.406250 9653.341797
v -4207.044434 -4644.406250 8953.341797
v -4207.044434 -4744.406250 9653.341797
v -4907.044434 -3944.406250 10153.341797
v -4907.044434 -4644.406250 10153.341797
v -4907.044434 -4744.406250 10153.341797
v -4707.044434 -3944.406250 8953.341797
v -4707.044434 -4644.406250 8953.341797
v -4707.044434 -4744.406250 8953.341797
v -4907.044434 -3944.406250 14553.341797
v -4907.044434 -4644.406250 14553.341797
v -4907.044434 -4744.406250 14553.341797
v -4707.044434 -3944.406250 13353.341797
v -4707.044434 -4644.406250 13353.341797
v -9607.043945 -3944.406250 10153.341797
v -9107.043945 -3944.406250 10153.341797
v -9107.043945 -4644.406250 10153.341797
v -9607.043945 -4644.406250 10153.341797
v -8407.043945 -3944.406250 10153.341797
v -8407.043945 -4644.406250 10153.341797
v -8607.043945 -3944.406250 9653.341797
v -8607.043945 -3944.406250 8953.341797
v -8407.043945 -3944.406250 8953.341797
v -8407.043945 -3944.406250 9653.341797
v -8607.043945 -3944.406250 10153.341797
v -9407.043945 -3944.406250 9153.341797
v -9407.043945 -3944.406250 8953.341797
v -8707.043945 -3944.406250 8953.341797
v -8707.043945 -3944.406250 9153.341797
v -8607.043945 -3944.406250 9153.341797
v -8707.043945 -3944.406250 10153.341797
v -9407.043945 -3944.406250 10153.341797
v -9407.043945 -3944.406250 9953.341797
v -8707.043945 -3944.406250 9953.341797
v -8607.043945 -3944.406250 9953.341797
v -9607.043945 -3944.406250 9653.341797
v -9607.043945 -3944.406250 8953.341797
v -9407.043945 -3944.406250 9653.341797
v -9407.043945 -3344.406250 9253.341797
v -9407.043945 -3344.406250 9953.341797
v -9407.043945 -3944.406250 9253.341797
v -9407.043945 -3344.406250 9153.341797
v -8607.043945 -3944.406250 9853.341797
v -8607.043945 -3344.406250 9853.341797
v -8607.043945 -3344.406250 9153.341797
v -8607.043945 -3344.406250 9953.341797
v -9307.043945 -3944.406250 9953.341797
v -9307.043945 -3344.406250 9953.341797
v -8707.043945 -3344.406250 9153.341797
v -8707.043945 -3344.406250 9853.341797
v -9407.043945 -3344.406250 9853.341797
v -8707.043945 -3344.406250 9953.341797
v -9607.043945 -3944.406250 9453.341797
v -9607.043945 -4644.406250 9453.341797
v -9607.043945 -4644.406250 8953.341797
v -9607.043945 -4744.406250 9453.341797
v -8407.043945 -4644.406250 9653.341797
v -8407.043945 -4644.406250 8953.341797
v -8907.043945 -3944.406250 8953.341797
v -8907.043945 -4644.406250 8953.341797
v -8907.043945 -4744.406250 8953.341797
v -7162.310547 -637.021606 12795.056641
v -7151.012207 -211.815338 13087.755859
v -7481.516113 -22.628498 12872.392578
v -7540.029785 -420.807831 12548.925781
v -8568.475586 -255.496887 12748.842773
v -8381.407227 122.018288 13047.319336
v -8464.541992 171.676392 13282.003906
v -8650.832031 29.263973 13379.304688
v -8876.390625 -361.502930 13128.254883
v -8771.682617 -844.832642 14066.566406
v -8559.212891 -393.649750 14200.328125
v -8228.708984 -582.836609 14415.692383
v -8393.964844 -1061.046021 14312.697266
v -8071.702637 -257.597107 12492.500000
v -7946.730957 120.180702 12823.019531
v -7328.817871 -727.483948 14240.763672
v -7365.516602 -1226.357178 14112.777344
v -7862.289551 -1224.256470 14369.122070
v -7763.493164 -725.645813 14465.065430
v -7059.393555 -634.728638 13908.780273
v -7057.603516 -1120.351074 13733.368164
v -6955.220703 -447.379883 13469.113281
v -6938.548828 -906.238281 13230.892578
v -8755.004883 -158.085892 13818.971680
v -8995.444336 -575.615173 13630.729492
v -7976.163574 -660.361572 14442.496094
v -7090.000977 1855.177734 14670.212891
v -7136.187012 1953.837158 14726.187500
v -7287.274414 2040.322632 14627.736328
v -7316.631836 1984.905762 14522.534180
v -7270.445312 1886.246094 14466.561523
v -7119.357910 1799.760620 14565.012695
v -7365.688965 1714.955933 14868.541016
v -7516.776367 1801.441162 14770.089844
v -7501.380371 1921.302246 14750.181641
v -7410.439941 1997.920166 14779.500000
v -7259.352051 1911.434937 14877.951172
v -7274.749023 1791.574097 14897.859375
v -9110.025391 -3865.490723 12948.019531
v -9168.539062 -4263.670410 12624.551758
v -9342.517578 -4272.000000 12439.848633
v -9499.041992 -4074.483887 12409.187500
v -9487.743164 -3649.277588 12701.888672
v -7105.396973 1735.316895 14690.121094
v -7228.562012 1692.914429 14841.885742
v -9284.536133 -3059.939697 11384.166016
v -9321.236328 -3558.815674 11256.179688
v -9066.643555 -3559.891846 11124.805664
v -8936.798828 -3061.412109 11204.725586
v -8886.561523 -3560.653320 11031.879883
v -8787.764648 -3062.042236 11127.821289
v -8578.349609 -4028.700928 13004.445312
v -8703.323242 -4406.479492 12673.924805
v -8081.577148 -4030.801758 12748.100586
v -8268.647461 -4408.317383 12449.623047
v -8090.841797 -3892.649170 11296.617188
v -7878.371582 -3441.466553 11430.378906
v -8256.090820 -3225.252441 11184.247070
v -8421.345703 -3703.462158 11081.251953
v -7773.664062 -3924.795898 12368.690430
v -7999.222656 -4315.562500 12117.638672
v -7895.050781 -4128.213379 11677.973633
v -7654.609863 -3710.683105 11866.213867
v -9694.833984 -3838.918945 12027.830078
v -9711.505859 -3380.060547 12266.051758
v -9592.451172 -3165.947998 11763.576172
v -9590.662109 -3651.570068 11588.164062
v -9393.079102 -4229.556641 11792.938477
v -9235.454102 -4417.602051 12147.644531
v -9281.199219 -4364.164551 12010.856445
v -9333.552734 -4122.500000 11541.701172
v -9179.595703 -4069.496826 11351.995117
v -8906.827148 -4421.760742 11639.670898
v -8931.209961 -4070.547363 11223.823242
v -9092.338867 -4472.271484 12133.921875
v -8826.501953 -4553.876953 12162.134766
v -8665.372070 -4152.152832 11252.035156
v -8578.116211 -4554.927246 12033.961914
v -8476.512695 -4260.259277 11375.101562
v -8424.159180 -4501.924316 11844.257812
v -8364.631836 -4394.867676 11593.019531
v -9141.011719 -2672.261719 13091.526367
v -9129.712891 -2247.055176 13384.226562
v -8751.995117 -2463.268311 13630.359375
v -8810.508789 -2861.447998 13306.890625
v -8220.320312 -2626.478760 13686.784180
v -8345.292969 -3004.257324 13356.263672
v -7723.547363 -2628.579590 13430.439453
v -7910.617188 -3006.095215 13131.962891
v -7415.634277 -2522.573486 13051.028320
v -7641.192383 -2913.340088 12799.978516
v -7837.037109 -3460.374512 12619.982422
v -8090.204102 -3368.510498 12845.425781
v -7857.728516 -3288.475830 12558.969727
v -7775.454102 -3439.173096 12544.100586
v -7775.096191 -3536.297607 12509.019531
v -7704.021484 -3310.705566 12242.616211
v -7666.041504 -3396.037354 12029.565430
v -7721.738281 -3629.917969 11735.463867
v -7726.041992 -3839.150635 12167.700195
v -7537.020020 -2725.991699 12360.311523
v -7296.579590 -2308.460693 12548.553711
v -7874.755859 -3305.400146 11524.042969
v -7935.029785 -3409.034424 11393.458984
v -7671.281250 -3251.824463 12104.434570
v -7767.842773 -3126.820557 12179.600586
v -7771.974121 -3130.677002 11908.309570
v -7732.811523 -2490.427246 11978.956055
v -7520.341309 -2039.243164 12112.717773
v -8209.279297 -2906.708984 11443.020508
v -8468.759766 -3159.968506 11161.676758
v -7936.782715 -2923.562012 11850.544922
v -8122.032715 -2870.315918 11556.940430
v -7867.073242 -3016.260254 11723.079102
v -7808.355469 -2447.184082 11929.729492
v -7690.318359 -2400.190430 12005.708008
v -7898.059082 -1823.031250 11866.585938
v -8063.315430 -2301.239746 11763.590820
v -8702.069336 -2802.992676 11354.464844
v -8197.577148 -2827.073242 11507.713867
v -8516.583008 -2729.146484 11473.858398
v -8221.960938 -2760.320557 11664.716797
v -9353.475586 -1977.838867 12948.390625
v -9219.218750 -2139.368164 13209.892578
v -9336.804688 -2436.696045 12710.168945
v -8963.205078 -2156.591797 11938.517578
v -8926.504883 -1657.718506 12066.501953
v -9234.421875 -1763.725708 12445.916992
v -9232.631836 -2249.348145 12270.504883
v -8528.530273 -2158.430664 11714.217773
v -8429.733398 -1659.819946 11810.159180
v -8799.405273 -2683.686279 11528.835938
v -8662.792969 -2684.263916 11458.340820
v -8623.375977 -2637.096680 11622.114258
v -8998.438477 -2635.510742 11815.654297
v -8461.142578 -2735.012695 11509.773438
v -8966.736328 -2904.006592 12772.862305
v -9095.400391 -2749.206543 12522.255859
v -8871.403320 -2943.696045 12883.713867
v -8764.154297 -2988.347168 13008.424805
v -8749.548828 -3028.328857 12914.387695
v -8443.835938 -3122.175049 12946.832031
v -8158.190918 -3123.383057 12799.433594
v -7981.141602 -3062.429443 12581.273438
v -7912.684570 -2939.314453 12292.349609
v -8041.348145 -2784.514893 12041.743164
v -8243.931641 -2700.174072 11806.180664
v -8451.909180 -2689.732422 11640.311523
v -8028.851562 -2870.860352 11790.551758
v -7974.541992 -2873.350830 11919.588867
v -8258.536133 -2660.192139 11900.217773
v -8591.231445 -2598.633301 11755.666992
v -8793.519531 -2636.377441 11709.912109
v -9026.944336 -2626.091309 12233.332031
v -8849.893555 -2565.137939 12015.171875
v -8564.249023 -2566.346191 11867.773438
v -8437.679688 -2627.045166 11822.382812
v -7178.990234 -1323.768799 13042.651367
v -7283.162109 -1511.117554 13482.318359
v -7468.846191 -1942.764282 13235.733398
v -7625.264160 -2108.502930 13482.541016
v -7499.698730 -1886.253418 13241.308594
v -7409.812988 -1724.598267 12861.940430
v -7413.944336 -1728.454590 12590.654297
v -7373.603027 -1771.473877 12833.753906
v -7552.586426 -1603.872925 13814.301758
v -8200.560547 -2526.756592 13705.972656
v -8323.997070 -2594.652832 13675.781250
v -8379.822266 -2577.515625 13669.856445
v -8152.574219 -2284.574219 13752.572266
v -7686.848633 -2129.705078 13558.424805
v -7984.911133 -2128.445801 13712.231445
v -7732.173340 -1966.287964 13527.763672
v -7689.579102 -2166.831787 13548.899414
v -7987.262695 -1602.034790 14038.603516
v -8452.478516 -1459.225830 13989.230469
v -8782.981445 -1270.038696 13773.866211
v -7374.781250 -1088.204346 12661.294922
v -7851.249023 -1504.486694 12125.360352
v -8110.729980 -1757.746094 11844.016602
v -7578.752930 -1521.339722 12532.883789
v -7764.002930 -1468.093506 12239.279297
v -7509.043945 -1614.036377 12405.419922
v -7895.702148 -1824.381226 11868.122070
v -7511.787598 -1717.302002 12334.332031
v -8978.773438 -1034.474365 13392.506836
v -7705.284180 -899.018066 12445.930664
v -8344.039062 -1400.771484 12036.803711
v -8578.767578 -1659.189575 11887.064453
v -7839.546387 -1424.850830 12190.052734
v -8158.551758 -1326.924316 12156.198242
v -7863.930664 -1358.098389 12347.054688
v -7592.910156 -573.833313 12515.968750
v -7931.247559 -829.653259 12421.950195
v -8139.450684 -599.502747 12426.710938
v -8170.501953 -756.212830 12396.556641
v -8866.645508 -1536.915283 12162.016602
v -8972.694336 -1673.619873 12123.416016
v -8528.309570 -1281.096313 12256.035156
v -8304.762695 -1282.041626 12140.680664
v -8265.344727 -1234.874512 12304.453125
v -8605.176758 -754.370117 12620.858398
v -8874.601562 -847.125061 12952.843750
v -8640.407227 -1233.288208 12497.994141
v -8478.826172 -1272.398438 12265.145508
v -8608.707031 -1501.783691 13455.200195
v -8391.519531 -1626.106689 13596.725586
v -8085.805664 -1719.952759 13629.171875
v -7800.161133 -1721.160522 13481.771484
v -7623.110840 -1660.207031 13263.612305
v -7554.654785 -1537.092163 12974.688477
v -7683.317383 -1382.292603 12724.083008
v -7885.900879 -1297.951660 12488.520508
v -8093.879883 -1287.509888 12322.651367
v -7670.821289 -1468.637695 12472.889648
v -7616.512207 -1471.128296 12601.927734
v -7900.505859 -1257.969849 12582.557617
v -8233.201172 -1196.410767 12438.006836
v -8435.488281 -1234.154663 12392.251953
v -8737.370117 -1346.984497 13204.595703
v -8668.914062 -1223.870483 12915.673828
v -8491.861328 -1162.915283 12697.511719
v -8206.220703 -1164.123901 12550.113281
v -8079.650879 -1224.822388 12504.721680
v -7954.413086 105.767914 13920.881836
v -7951.882324 97.351547 13940.857422
v -7953.125977 92.482758 13938.488281
v -7968.329590 152.057892 13811.010742
v -7774.758789 910.177307 14179.920898
v -7750.529297 885.948181 14324.598633
v -7601.033203 1590.573730 14511.010742
v -7530.737305 1865.885132 14644.981445
v -7652.717773 1269.029419 14511.010742
v -7780.081055 5.977058 14034.480469
v -7659.317871 5.865574 14020.947266
v -7666.155273 -20.912981 14007.916016
v -7486.966797 680.875610 14349.414062
v -7802.038574 5.997372 14036.941406
v -7600.685059 794.593994 14420.681641
v -7319.886230 1335.246826 14667.840820
v -7511.587402 1143.545288 14590.486328
v -7522.337891 1101.441284 14569.998047
v -7701.069824 401.441284 14229.368164
v -7874.239258 401.441284 14088.830078
v -7695.507812 1101.441284 14429.459961
v -8145.440430 121.020744 12925.556641
v -7823.552734 267.578033 13334.809570
v -8022.261719 268.418304 13437.347656
v -7251.138184 1283.645386 14313.865234
v -7421.009766 618.345154 13990.121094
v -7442.442871 485.001099 13990.121094
v -7416.809082 515.675476 14096.627930
v -7226.908691 1259.416382 14458.541992
v -7460.605469 463.267517 13914.659180
v -7545.650391 1367.502930 14230.064453
v -7747.003906 578.906372 13846.322266
v -7555.302246 770.607849 13923.676758
v -7431.932129 1253.784546 14158.796875
v -7798.545898 377.041351 13748.092773
v -7651.474121 393.950470 13740.389648
v -7407.572266 1908.287598 14493.215820
v -7449.176758 1186.246094 14125.932617
v -7627.908203 486.246094 13785.302734
v -7454.738770 486.246094 13925.840820
v -7276.006836 1186.246094 14266.468750
v -7238.077637 1215.675537 14437.257812
v -7520.083496 551.174255 14286.300781
v -7350.416504 1215.675537 14609.656250
v -7698.642090 1208.287598 14324.984375
v -7877.373535 508.287628 13984.356445
v -7765.034668 508.287628 13811.959961
v -7586.303711 1208.287598 14152.587891
v -7901.820312 412.540161 13937.765625
v -7256.975586 -56.742287 13704.006836
v -7368.855957 77.865982 13486.088867
v -7619.663086 405.503265 13769.435547
v -7510.332520 268.514435 13819.889648
v -7486.425781 243.021103 13963.951172
v -7569.810547 356.421173 14191.531250
v -7557.715820 185.972839 13363.021484
v -7661.419922 354.999817 13721.437500
v -7575.930664 350.707764 13789.618164
v -7725.009766 385.495941 13744.241211
v -7618.675293 352.853821 13755.526367
v -7543.131348 309.611084 13804.752930
v -7002.842773 -533.025024 13670.103516
v -7304.597656 -142.387436 13904.996094
v -7496.371582 204.070465 13944.998047
v -7599.645996 239.569336 14134.669922
v -7498.378906 255.767776 13891.920898
v -7538.017090 40.964745 13865.627930
v -7541.746582 26.358271 13858.520508
v -7634.121094 -5.443525 13972.343750
v -7572.538086 15.757656 13896.461914
v -7542.990234 21.489477 13856.152344
v -7612.299316 -33.624649 13995.358398
v -7401.847656 -103.946594 13935.650391
v -7483.893555 32.953026 13775.531250
v -7335.291992 37.483501 13551.462891
v -7708.038086 172.418839 13632.590820
v -7551.978516 105.408714 13740.519531
v -7669.022949 155.666306 13659.573242
v -7555.707520 90.802193 13733.412109
v -7593.479004 112.423561 13708.799805
v -7556.951172 85.933395 13731.042969
v -7786.067871 205.923843 13578.625000
v -7997.423340 268.313324 13424.530273
v -7540.503906 31.227112 13860.890625
v -7548.727539 58.580254 13795.966797
v -7936.295410 167.527298 13775.439453
v -7974.908203 173.940369 13759.073242
v -7840.191406 213.935715 13668.723633
v -7695.606445 221.107193 13656.283203
v -7819.537109 214.960190 13666.946289
v -7706.794922 177.287628 13634.960938
v -7843.921875 199.329132 13661.615234
v -7845.164551 194.460297 13659.247070
v -7874.712891 188.728516 13699.557617
v -7772.561035 199.263184 13653.619141
v -7775.357910 188.308380 13648.288086
v -7727.030762 184.049362 13640.701172
v -8006.197266 241.995102 13541.839844
v -7944.758789 6.129122 14052.935547
v -7824.891602 -151.464752 14249.946289
v -7718.845215 -215.751404 14273.122070
v -7930.600098 -140.007828 14246.614258
v -7470.458984 -216.801758 14144.949219
v -7316.502441 -163.798706 13955.244141
v -8285.422852 108.569099 13903.924805
v -8219.473633 260.677277 13505.758789
v -8225.896484 215.625381 13652.687500
v -8211.193359 69.662621 13998.222656
v -8173.541992 -26.039362 14121.842773
v -7984.683105 -134.146149 14244.908203
v -8071.938965 268.628418 13462.982422
v -8761.161133 -1321.614258 13061.227539
v -8799.227539 -1281.020752 12831.833008
v -8797.830078 -1287.484497 12691.967773
v -8840.229492 -1405.394043 13185.986328
v -8921.993164 -1401.644287 12991.717773
v -8872.884766 -1313.324341 12784.449219
v -7486.451172 -1632.391602 12712.666016
v -7488.555664 -1622.660400 12923.236328
v -7573.832031 -1750.468628 13254.706055
v -7448.208008 -1793.649658 13023.988281
v -7756.724609 -1877.769897 13511.155273
v -7657.119141 -1940.449097 13435.283203
v -8095.585449 -1831.644287 13671.215820
v -7937.093262 -1965.421509 13633.506836
v -8962.768555 -1474.977173 13163.813477
v -8793.831055 -1678.235962 13492.871094
v -8508.648438 -1841.478027 13678.703125
v -8107.236328 -1964.701904 13721.304688
v -9041.264648 -1466.029663 12958.180664
v -8739.437500 -1280.203491 12364.982422
v -9008.862305 -1372.958862 12696.965820
v -9162.240234 -1638.675659 12526.253906
v -9188.232422 -1747.823730 12389.001953
v -9059.459961 -1463.955566 12910.514648
v -9113.035156 -1560.307617 13136.631836
v -9051.500977 -1634.341797 13256.486328
v -9188.600586 -1691.530640 13077.470703
v -9317.758789 -1913.604004 12797.647461
v -8917.243164 -1795.872070 13517.988281
v -8841.699219 -1839.114746 13567.214844
v -8959.737305 -1886.108643 13491.237305
v -8586.739258 -1985.058960 13733.352539
v -8699.113281 -2310.241211 13663.316406
v -8808.652344 -2430.836182 13593.438477
v -8360.777344 -2054.423584 13757.334961
v -8121.523926 -2127.868164 13782.725586
v -7417.423340 -2036.951050 13226.440430
v -7313.251465 -1849.601807 12786.774414
v -9119.191406 -2723.835938 12378.886719
v -9157.257812 -2683.242676 12149.495117
v -9155.859375 -2689.706543 12009.627930
v -7844.481445 -3034.613770 12030.327148
v -7846.586426 -3024.882812 12240.896484
v -7931.861816 -3152.691162 12572.367188
v -7806.237793 -3195.872070 12341.649414
v -8114.754395 -3279.991943 12828.817383
v -8015.149902 -3342.671143 12752.943359
v -8453.615234 -3233.866211 12988.875977
v -8295.122070 -3367.643799 12951.166992
v -8902.405273 -2981.406006 12898.164062
v -8465.266602 -3366.924316 13038.964844
v -8636.731445 -3314.289062 13020.767578
v -9320.798828 -2877.200928 12481.478516
v -9230.913086 -2715.545166 12102.108398
v -9004.478516 -3105.565674 12945.740234
v -9151.859375 -3080.458984 12810.535156
v -8866.681641 -3243.700439 12996.364258
v -9399.295898 -2868.253418 12275.841797
v -9097.468750 -2682.425781 11682.643555
v -9366.892578 -2775.181152 12014.626953
v -9520.272461 -3040.902344 11843.912109
v -9546.264648 -3150.046631 11706.665039
v -9417.491211 -2866.179199 12228.178711
v -9471.065430 -2962.531006 12454.293945
v -9409.530273 -3036.564453 12574.147461
v -9546.632812 -3093.753906 12395.130859
v -9675.789062 -3315.826416 12115.309570
v -8044.878418 -3531.928711 12876.084961
v -8256.006836 -3531.035645 12985.031250
v -8069.833496 -3871.162354 12789.055664
v -8035.390625 -4014.900879 12691.188477
v -8479.553711 -3530.090332 13100.387695
v -8510.604492 -3686.796631 13070.233398
v -8625.764648 -3485.207275 13084.869141
v -8429.318359 -4029.331543 12927.541992
v -8944.770508 -3387.281494 13051.014648
v -9275.273438 -3198.094482 12835.649414
v -9062.805664 -3176.513916 12972.926758
v -3407.044189 -1044.406128 15753.341797
v -3407.044189 -344.406128 15753.341797
v -4007.044189 -344.406128 15753.341797
v -4007.044189 -1044.406128 15753.341797
v -5407.044434 -344.406128 15753.341797
v -5407.044434 -1044.406128 15753.341797
v -4707.044434 -1044.406128 15753.341797
v -4707.044434 -344.406128 15753.341797
v -3407.044189 355.593872 15753.341797
v -4007.044189 355.593872 15753.341797
v -5407.044434 355.593872 15753.341797
v -4707.044434 355.593872 15753.341797
v -3407.044189 1055.593872 15753.341797
v -4007.044189 1055.593872 15753.341797
v -5407.044434 1055.593872 15753.341797
v -4707.044434 1055.593872 15753.341797
v -4007.044189 1755.593872 15753.341797
v -5407.044434 1755.593872 15753.341797
v -4707.044434 1755.593872 15753.341797
v -4007.044189 2455.593750 15753.341797
v -4707.044434 -1144.406128 15753.341797
v -4007.044189 -1144.406128 15753.341797
v -5407.044434 -1144.406128 15753.341797
v -5807.044434 -1744.406128 15753.341797
v -5807.044434 -1044.406128 15753.341797
v -6107.044434 -1044.406128 15753.341797
v -6107.044434 -1744.406128 15753.341797
v -7507.044434 -1744.406128 15753.341797
v -7507.044434 -1044.406128 15753.341797
v -8207.043945 -1044.406128 15753.341797
v -8207.043945 -1744.406128 15753.341797
v -6807.044434 -1744.406128 15753.341797
v -6807.044434 -1044.406128 15753.341797
v -5807.044434 -344.406128 15753.341797
v -6107.044434 -344.406128 15753.341797
v -7507.044434 -344.406128 15753.341797
v -8207.043945 -344.406128 15753.341797
v -6807.044434 -344.406128 15753.341797
v -5807.044434 355.593872 15753.341797
v -6107.044434 355.593872 15753.341797
v -7507.044434 355.593872 15753.341797
v -8207.043945 355.593872 15753.341797
v -6807.044434 355.593872 15753.341797
v -5807.044434 1055.593872 15753.341797
v -6107.044434 1055.593872 15753.341797
v -7507.044434 1055.593872 15753.341797
v -8207.043945 1055.593872 15753.341797
v -6807.044434 1055.593872 15753.341797
v -5807.044434 1755.593872 15753.341797
v -6107.044434 1755.593872 15753.341797
v -7507.044434 1755.593872 15753.341797
v -8207.043945 1755.593872 15753.341797
v -6807.044434 1755.593872 15753.341797
v -6807.044434 -2344.406250 15753.341797
v -6107.044434 -2344.406250 15753.341797
v -7507.044434 -2344.406250 15753.341797
v -8207.043945 -2344.406250 15753.341797
v -5807.044434 -2344.406250 15753.341797
v -8507.043945 2455.593750 15753.341797
v -8507.043945 1755.593872 15753.341797
v -10607.043945 2455.593750 15753.341797
v -10607.043945 1755.593872 15753.341797
v -9907.043945 1755.593872 15753.341797
v -9907.043945 2455.593750 15753.341797
v -9207.043945 1755.593872 15753.341797
v -9207.043945 2455.593750 15753.341797
v -9207.043945 1655.593872 15753.341797
v -8507.043945 1655.593872 15753.341797
v -9907.043945 1655.593872 15753.341797
v -10607.043945 1655.593872 15753.341797
v -8207.043945 1655.593872 15753.341797
v -4007.044189 -1544.406128 15753.341797
v -4007.044189 -2244.406250 15753.341797
v -4707.044434 -2244.406250 15753.341797
v -4707.044434 -1544.406128 15753.341797
v -5407.044434 -1544.406128 15753.341797
v -5407.044434 -2244.406250 15753.341797
v -4707.044434 -2744.406250 15753.341797
v -4007.044189 -2744.406250 15753.341797
v -5407.044434 -2744.406250 15753.341797
v -3407.044189 -2744.406250 15753.341797
v -8607.043945 -2244.406250 15753.341797
v -8607.043945 -1544.406128 15753.341797
v -9207.043945 -1544.406128 15753.341797
v -9207.043945 -2244.406250 15753.341797
v -9907.043945 -2244.406250 15753.341797
v -9907.043945 -1544.406128 15753.341797
v -10607.043945 -1544.406128 15753.341797
v -10607.043945 -2244.406250 15753.341797
v -8607.043945 -844.406128 15753.341797
v -9207.043945 -844.406128 15753.341797
v -9907.043945 -844.406128 15753.341797
v -10607.043945 -844.406128 15753.341797
v -8607.043945 -144.406128 15753.341797
v -9207.043945 -144.406128 15753.341797
v -9907.043945 -144.406128 15753.341797
v -10607.043945 -144.406128 15753.341797
v -8607.043945 555.593872 15753.341797
v -9207.043945 555.593872 15753.341797
v -9907.043945 555.593872 15753.341797
v -10607.043945 555.593872 15753.341797
v -8607.043945 1255.593872 15753.341797
v -9207.043945 1255.593872 15753.341797
v -9907.043945 1255.593872 15753.341797
v -10607.043945 1255.593872 15753.341797
v -9907.043945 -2744.406250 15753.341797
v -9207.043945 -2744.406250 15753.341797
v -10607.043945 -2744.406250 15753.341797
v -8607.043945 -2744.406250 15753.341797
v -3407.044189 -4144.406250 15753.341797
v -3407.044189 -3444.406250 15753.341797
v -3507.044189 -3444.406250 15753.341797
v -3507.044189 -4144.406250 15753.341797
v -6307.044434 -4144.406250 15753.341797
v -6307.044434 -3444.406250 15753.341797
v -7007.044434 -3444.406250 15753.341797
v -7007.044434 -4144.406250 15753.341797
v -5607.044434 -4144.406250 15753.341797
v -5607.044434 -3444.406250 15753.341797
v -4907.044434 -4144.406250 15753.341797
v -4907.044434 -3444.406250 15753.341797
v -4207.044434 -4144.406250 15753.341797
v -4207.044434 -3444.406250 15753.341797
v -3507.044189 -2744.406250 15753.341797
v -6307.044434 -2744.406250 15753.341797
v -7007.044434 -2744.406250 15753.341797
v -5607.044434 -2744.406250 15753.341797
v -4907.044434 -2744.406250 15753.341797
v -4207.044434 -2744.406250 15753.341797
v -4907.044434 -4744.406250 15753.341797
v -7407.044434 -4144.406250 15753.341797
v -7407.044434 -3444.406250 15753.341797
v -7807.044434 -3444.406250 15753.341797
v -7807.044434 -4144.406250 15753.341797
v -10607.043945 -3444.406250 15753.341797
v -10607.043945 -4144.406250 15753.341797
v -9907.043945 -4144.406250 15753.341797
v -9907.043945 -3444.406250 15753.341797
v -9207.043945 -4144.406250 15753.341797
v -9207.043945 -3444.406250 15753.341797
v -8507.043945 -4144.406250 15753.341797
v -8507.043945 -3444.406250 15753.341797
v -7407.044434 -2744.406250 15753.341797
v -7807.044434 -2744.406250 15753.341797
v -8507.043945 -2744.406250 15753.341797
v -8507.043945 -4744.406250 15753.341797
v -7807.044434 -4744.406250 15753.341797
v -9207.043945 -4744.406250 15753.341797
v -6807.044434 -2344.406250 15353.341797
v -6107.044434 -2344.406250 15353.341797
v -7507.044434 -2344.406250 15353.341797
v -8207.043945 -1844.406128 15753.341797
v -8207.043945 -1144.406128 15753.341797
v -8207.043945 -444.406128 15753.341797
v -8207.043945 255.593872 15753.341797
v -8207.043945 955.593872 15753.341797
v -5407.044434 -2244.406250 15353.341797
v -5407.044434 -2344.406250 15753.341797
v -4107.044434 -1544.406128 15353.341797
v -4807.044434 -1544.406128 15353.341797
v -4807.044434 -1544.406128 15753.341797
v -4107.044434 -1544.406128 15753.341797
v -10007.043945 1255.593872 15753.341797
v -9307.043945 1255.593872 15753.341797
v -9307.043945 1255.593872 15353.341797
v -10007.043945 1255.593872 15353.341797
v -8607.043945 -2244.406250 15353.341797
v -8607.043945 -1544.406128 15353.341797
v -8607.043945 -844.406128 15353.341797
v -8607.043945 -144.406128 15353.341797
v -8607.043945 555.593872 15353.341797
v -8607.043945 -2344.406250 15753.341797
v -6107.044434 -2744.406250 15353.341797
v -6807.044434 -2744.406250 15353.341797
v -6807.044434 -2744.406250 15753.341797
v -6107.044434 -2744.406250 15753.341797
v -8107.044434 -2744.406250 15353.341797
v -8107.044434 -2744.406250 15753.341797
v -11007.043945 1755.593872 11353.341797
v -11007.043945 2455.593750 10953.341797
v -11007.043945 1755.593872 10953.341797
v -11007.043945 1755.593872 8853.341797
v -11007.043945 1755.593872 9553.341797
v -11007.043945 2455.593750 9553.341797
v -11007.043945 1755.593872 10253.341797
v -11007.043945 2455.593750 10253.341797
v -11007.043945 1655.593872 10253.341797
v -11007.043945 1655.593872 10953.341797
v -11007.043945 1655.593872 9553.341797
v -11007.043945 1655.593872 8853.341797
v -11007.043945 1655.593872 11353.341797
v -11007.043945 1755.593872 15753.341797
v -11007.043945 1755.593872 15253.341797
v -11007.043945 1755.593872 12453.341797
v -11007.043945 1755.593872 11753.341797
v -11007.043945 1755.593872 13153.341797
v -11007.043945 1755.593872 13853.341797
v -11007.043945 1755.593872 14553.341797
v -11007.043945 1655.593872 14553.341797
v -11007.043945 1655.593872 15253.341797
v -11007.043945 1655.593872 13853.341797
v -11007.043945 1655.593872 13153.341797
v -11007.043945 1655.593872 12453.341797
v -11007.043945 1655.593872 11753.341797
v -11007.043945 1655.593872 15753.341797
v -11007.043945 -1544.406128 13353.341797
v -11007.043945 -844.406128 13353.341797
v -11007.043945 -844.406128 13053.341797
v -11007.043945 -1544.406128 13053.341797
v -11007.043945 -844.406128 8153.341797
v -11007.043945 -1544.406128 8153.341797
v -11007.043945 -1544.406128 8853.341797
v -11007.043945 -844.406128 8853.341797
v -11007.043945 -1544.406128 9553.341797
v -11007.043945 -844.406128 9553.341797
v -11007.043945 -1544.406128 10253.341797
v -11007.043945 -844.406128 10253.341797
v -11007.043945 -1544.406128 10953.341797
v -11007.043945 -844.406128 10953.341797
v -11007.043945 -1544.406128 11653.341797
v -11007.043945 -844.406128 11653.341797
v -11007.043945 -1544.406128 12353.341797
v -11007.043945 -844.406128 12353.341797
v -11007.043945 -144.406128 13353.341797
v -11007.043945 -144.406128 13053.341797
v -11007.043945 -144.406128 8153.341797
v -11007.043945 -144.406128 8853.341797
v -11007.043945 -144.406128 9553.341797
v -11007.043945 -144.406128 10253.341797
v -11007.043945 -144.406128 10953.341797
v -11007.043945 -144.406128 11653.341797
v -11007.043945 -144.406128 12353.341797
v -11007.043945 555.593872 13353.341797
v -11007.043945 555.593872 13053.341797
v -11007.043945 555.593872 8853.341797
v -11007.043945 555.593872 9553.341797
v -11007.043945 555.593872 10253.341797
v -11007.043945 555.593872 10953.341797
v -11007.043945 555.593872 11653.341797
v -11007.043945 555.593872 12353.341797
v -11007.043945 1255.593872 13353.341797
v -11007.043945 1255.593872 13053.341797
v -11007.043945 1255.593872 8853.341797
v -11007.043945 1255.593872 9553.341797
v -11007.043945 1255.593872 10253.341797
v -11007.043945 1255.593872 10953.341797
v -11007.043945 1255.593872 11653.341797
v -11007.043945 1255.593872 12353.341797
v -11007.043945 -1944.406128 12353.341797
v -11007.043945 -1944.406128 13053.341797
v -11007.043945 -1944.406128 11653.341797
v -11007.043945 -1944.406128 10953.341797
v -11007.043945 -1944.406128 10253.341797
v -11007.043945 -1944.406128 9553.341797
v -11007.043945 -1944.406128 8853.341797
v -11007.043945 -1944.406128 8153.341797
v -11007.043945 -1944.406128 13353.341797
v -11007.043945 -2244.406250 15753.341797
v -11007.043945 -1544.406128 15753.341797
v -11007.043945 -1544.406128 15153.341797
v -11007.043945 -2244.406250 15153.341797
v -11007.043945 -2244.406250 14453.341797
v -11007.043945 -1544.406128 14453.341797
v -11007.043945 -1544.406128 13753.341797
v -11007.043945 -2244.406250 13753.341797
v -11007.043945 -844.406128 15753.341797
v -11007.043945 -844.406128 15153.341797
v -11007.043945 -844.406128 14453.341797
v -11007.043945 -844.406128 13753.341797
v -11007.043945 -144.406128 15753.341797
v -11007.043945 -144.406128 15153.341797
v -11007.043945 -144.406128 14453.341797
v -11007.043945 -144.406128 13753.341797
v -11007.043945 555.593872 15753.341797
v -11007.043945 555.593872 15153.341797
v -11007.043945 555.593872 14453.341797
v -11007.043945 555.593872 13753.341797
v -11007.043945 1255.593872 15753.341797
v -11007.043945 1255.593872 15153.341797
v -11007.043945 1255.593872 14453.341797
v -11007.043945 1255.593872 13753.341797
v -11007.043945 -2344.406250 14453.341797
v -11007.043945 -2344.406250 15153.341797
v -11007.043945 -2344.406250 13753.341797
v -11007.043945 -2344.406250 15753.341797
v -11007.043945 -4044.406250 8953.341797
v -11007.043945 -3344.406250 8953.341797
v -11007.043945 -3344.406250 8853.341797
v -11007.043945 -4044.406250 8853.341797
v -11007.043945 -3344.406250 8153.341797
v -11007.043945 -4044.406250 8153.341797
v -11007.043945 -2644.406250 8953.341797
v -11007.043945 -2644.406250 8853.341797
v -11007.043945 -2644.406250 8153.341797
v -11007.043945 -1944.406128 8953.341797
v -11007.043945 -4444.406250 12553.341797
v -11007.043945 -3744.406250 12553.341797
v -11007.043945 -3744.406250 12153.341797
v -11007.043945 -4444.406250 12153.341797
v -11007.043945 -4444.406250 10053.341797
v -11007.043945 -3744.406250 10053.341797
v -11007.043945 -3744.406250 9353.341797
v -11007.043945 -4444.406250 9353.341797
v -11007.043945 -4444.406250 10753.341797
v -11007.043945 -3744.406250 10753.341797
v -11007.043945 -4444.406250 11453.341797
v -11007.043945 -3744.406250 11453.341797
v -11007.043945 -3044.406250 12553.341797
v -11007.043945 -3044.406250 12153.341797
v -11007.043945 -3044.406250 10053.341797
v -11007.043945 -3044.406250 9353.341797
v -11007.043945 -3044.406250 10753.341797
v -11007.043945 -3044.406250 11453.341797
v -11007.043945 -2344.406250 12553.341797
v -11007.043945 -2344.406250 12153.341797
v -11007.043945 -2344.406250 10053.341797
v -11007.043945 -2344.406250 9353.341797
v -11007.043945 -2344.406250 10753.341797
v -11007.043945 -2344.406250 11453.341797
v -11007.043945 -4444.406250 15753.341797
v -11007.043945 -3744.406250 15753.341797
v -11007.043945 -3744.406250 15053.341797
v -11007.043945 -4444.406250 15053.341797
v -11007.043945 -4444.406250 13653.341797
v -11007.043945 -3744.406250 13653.341797
v -11007.043945 -3744.406250 12953.341797
v -11007.043945 -4444.406250 12953.341797
v -11007.043945 -4444.406250 14353.341797
v -11007.043945 -3744.406250 14353.341797
v -11007.043945 -3044.406250 15753.341797
v -11007.043945 -3044.406250 15053.341797
v -11007.043945 -3044.406250 13653.341797
v -11007.043945 -3044.406250 12953.341797
v -11007.043945 -3044.406250 14353.341797
v -11007.043945 -2344.406250 15053.341797
v -11007.043945 -2344.406250 13653.341797
v -11007.043945 -2344.406250 12953.341797
v -11007.043945 -2344.406250 14353.341797
v -10607.043945 -2344.406250 12153.341797
v -10607.043945 -2344.406250 11453.341797
v -10607.043945 -2344.406250 10753.341797
v -10607.043945 -2344.406250 10053.341797
v -10607.043945 -2344.406250 13653.341797
v -10607.043945 -2344.406250 15753.341797
v -10607.043945 1655.593872 14553.341797
v -10607.043945 1655.593872 15253.341797
v -10607.043945 1655.593872 13853.341797
v -10607.043945 1655.593872 13153.341797
v -10607.043945 1655.593872 12453.341797
v -11007.043945 -1944.406128 13153.341797
v -11007.043945 -1944.406128 12453.341797
v -11007.043945 -1944.406128 11753.341797
v -11007.043945 -1944.406128 11053.341797
v -11007.043945 -1944.406128 10353.341797
v -11007.043945 -1944.406128 9653.341797
v -10607.043945 -1944.406128 13753.341797
v -11007.043945 -1944.406128 13753.341797
v -11007.043945 -2344.406250 8953.341797
v -10607.043945 -4444.406250 15753.341797
v -10607.043945 -3744.406250 15753.341797
v -10607.043945 -3044.406250 15753.341797
v -11007.043945 -3744.406250 8953.341797
v -11007.043945 -4444.406250 8953.341797
v -11007.043945 -3044.406250 8953.341797
vn -0.0000 -0.0000 -1.0000
vn -0.0000 -0.0000 1.0000
vn -0.0000 1.0000 -0.0000
vn -0.0000 -1.0000 -0.0000
vn -1.0000 -0.0000 -0.0000
vn 1.0000 -0.0000 -0.0000
vn -0.0000 -0.2425 -0.9701
vn 0.9701 -0.2425 -0.0000
vn -0.0000 -0.2425 0.9701
vn -0.9701 -0.2425 -0.0000
vn 0.7071 -0.0000 -0.7071
vn 0.7071 -0.0000 0.7071
vn -0.7071 -0.0000 -0.7071
vn -0.7071 -0.0000 0.7071
vn -0.9701 0.2425 -0.0000
vn 0.9701 0.2425 -0.0000
vn -0.0000 0.2425 0.9701
vn -0.0000 0.2425 -0.9701
vn -0.0000 0.4472 0.8944
vn 0.8944 0.4472 -0.0000
vn -0.8944 0.4472 -0.0000
vn -0.0000 0.3162 0.9487
vn -0.0000 -0.3162 0.9487
vn -0.0000 0.3162 -0.9487
vn -0.9487 0.3162 -0.0000
vn -0.8944 -0.4472 -0.0000
vn 0.6517 0.4182 -0.6327
vn -0.6786 0.6321 -0.3741
vn -0.5432 0.0069 0.8396
vn -0.3336 0.6808 -0.6521
vn 0.2611 0.5852 -0.7677
vn 0.4428 -0.2532 0.8601
vn 0.7872 -0.2070 0.5810
vn 0.9164 0.2102 -0.3407
vn -0.8678 0.4969 0.0061
vn -0.8072 0.2174 0.5487
vn -0.1519 -0.1576 0.9757
vn 0.9769 -0.0693 0.2019
vn 0.6509 0.5816 -0.4880
vn -0.4507 0.2023 0.8694
vn -0.6517 -0.4182 0.6327
vn 0.2238 0.8764 0.4265
vn 0.7758 0.0052 0.6310
vn 0.7757 0.0052 0.6310
vn -0.4428 0.2532 -0.8601
vn -0.2611 -0.5852 0.7677
vn 0.3336 -0.6808 0.6521
vn 0.5432 -0.0069 -0.8396
vn 0.6786 -0.6321 0.3741
vn 0.8072 -0.2174 -0.5487
vn 0.8678 -0.4969 -0.0062
vn -0.9164 -0.2102 0.3407
vn -0.7872 0.2070 -0.5810
vn -0.7851 -0.6190 0.0208
vn -0.6924 -0.3139 -0.6496
vn -0.4465 -0.7801 -0.4382
vn -0.4409 -0.2821 -0.8521
vn -0.4314 -0.8496 -0.3033
vn -0.4003 -0.7453 -0.5331
vn -0.3664 -0.9016 -0.2297
vn -0.3137 -0.7344 -0.6019
vn -0.3088 -0.8916 0.3311
vn -0.2685 -0.9429 -0.1971
vn -0.1658 -0.7582 -0.6306
vn -0.1206 -0.9667 -0.2259
vn -0.0677 -0.7988 -0.5978
vn -0.0339 -0.9551 -0.2943
vn -0.0086 -0.3516 -0.9361
vn -0.0029 -0.8514 -0.5244
vn 0.0122 -0.9209 -0.3895
vn 0.1234 -0.9611 0.2471
vn 0.1519 0.1576 -0.9757
vn 0.2772 -0.4698 -0.8381
vn 0.3759 -0.9255 0.0465
vn 0.4677 -0.6243 -0.6257
vn 0.5117 -0.8274 -0.2313
vn -0.9769 0.0693 -0.2019
vn -0.8291 -0.4158 -0.3736
vn 0.6924 0.3139 0.6496
vn 0.8291 0.4158 0.3736
vn 0.8678 -0.4969 -0.0061
vn 0.7851 0.6190 -0.0208
vn 0.8292 0.4158 0.3736
vn 0.5937 0.7696 -0.2350
vn 0.7851 0.6190 -0.0207
vn 0.3088 0.8916 -0.3311
vn -0.1234 0.9611 -0.2471
vn -0.5937 -0.7696 0.2350
vn 0.4409 0.2821 0.8521
vn 0.7871 -0.2069 0.5810
vn -0.3336 0.6808 -0.6520
vn -0.4409 -0.2822 -0.8521
vn -0.9696 0.1559 0.1887
vn 0.1849 0.6472 0.7396
vn -0.9696 0.1559 0.1885
vn 0.0987 -0.4557 0.8846
vn 0.0987 -0.4557 0.8847
vn -0.6158 -0.2120 0.7588
vn 0.9696 -0.1559 -0.1885
vn -0.0987 0.4557 -0.8847
vn -0.0987 0.4557 -0.8846
vn 0.6158 0.2120 -0.7588
vn 0.7554 -0.4324 0.4923
vn -0.7554 0.4324 -0.4923
vn -0.5756 0.7787 -0.2496
vn 0.7554 -0.4325 0.4922
vn 0.3137 0.7344 0.6019
vn 0.4003 0.7453 0.5331
vn 0.4314 0.8496 0.3033
vn 0.4465 0.7801 0.4382
vn 0.6158 0.2119 -0.7588
vn 0.1207 0.9667 0.2259
vn 0.2685 0.9429 0.1971
vn 0.3664 0.9016 0.2297
vn -0.2688 -0.1195 0.9558
vn 0.9696 -0.1559 -0.1884
vn -0.0122 0.9209 0.3895
vn -0.7554 0.4325 -0.4922
vn -0.7555 0.4323 -0.4924
vn 0.2685 0.9429 0.1972
vn 0.0339 0.9551 0.2943
vn 0.1206 0.9667 0.2259
vn 0.0677 0.7988 0.5978
vn 0.0086 0.3516 0.9361
vn -0.5117 0.8274 0.2313
vn -0.4677 0.6243 0.6257
vn -0.2772 0.4698 0.8381
vn -0.3759 0.9255 -0.0465
vn -0.3760 0.9255 -0.0465
vn 0.4409 0.2822 0.8521
vn -0.8678 0.4969 0.0062
vn 0.7871 -0.2070 0.5810
vn -0.8072 0.2174 0.5488
vn 0.8072 -0.2174 -0.5488
vn 0.5430 -0.0069 -0.8397
vn 0.8291 0.4158 0.3737
vn 0.6519 0.4181 -0.6326
vn -0.0000 -0.9977 0.0682
vn -0.6157 -0.2120 0.7589
vn 0.7554 -0.4324 0.4922
vn 0.7554 -0.4323 0.4924
vn 0.1644 -0.0000 -0.9864
vn -0.0987 0.4556 -0.8847
vn -0.5117 0.8274 0.2314
vt 7.500000 7.250000
vt 7.500000 6.500000
vt 8.500000 6.500000
vt 9.250000 7.250000
vt 9.250000 6.500000
vt 10.250000 6.500000
vt 7.500000 5.500000
vt 7.500000 5.250000
vt 8.500000 4.750000
vt 8.500000 5.250000
vt 11.000000 7.250000
vt 10.500000 7.250000
vt 10.500000 6.500000
vt 11.500000 5.250000
vt 10.500000 5.250000
vt 11.000000 4.750000
vt -13.000000 4.625000
vt -12.750000 4.250000
vt -13.000000 4.250000
vt -11.500000 4.750000
vt -11.500000 4.250000
vt -12.500000 4.250000
vt -13.000000 4.750000
vt 10.500000 4.750000
vt 11.000000 4.250000
vt 9.750000 4.250000
vt 10.000000 4.750000
vt 9.250000 4.750000
vt 9.000000 4.750000
vt 9.250000 4.250000
vt 7.500000 4.750000
vt 7.500000 4.250000
vt 8.000000 4.250000
vt 11.500000 4.750000
vt 11.500000 4.250000
vt -13.250000 4.250000
vt -13.250000 4.500000
vt -13.500000 4.250000
vt -13.500000 4.375000
vt -13.750000 4.375000
vt -13.750000 4.250000
vt 11.500000 4.000000
vt 11.750000 4.000000
vt 12.250000 4.000000
vt 12.500000 4.000000
vt 12.500000 4.250000
vt 12.000000 4.000000
vt -8.000000 4.000000
vt -9.250000 4.250000
vt -8.000000 4.250000
vt -9.250000 4.000000
vt -9.750000 4.000000
vt -11.000000 4.250000
vt -9.750000 4.250000
vt -11.000000 4.000000
vt -7.500000 4.250000
vt -7.500000 4.000000
vt 11.750000 3.875000
vt 12.000000 3.875000
vt 12.250000 3.750000
vt 12.750000 4.250000
vt 12.500000 3.625000
vt 12.750000 3.500000
vt 13.000000 4.250000
vt 13.250000 4.250000
vt 13.000000 3.375000
vt 13.500000 4.250000
vt 13.250000 3.250000
vt 13.750000 4.250000
vt 13.500000 3.125000
vt 14.000000 4.125000
vt 14.000000 4.250000
vt 13.750000 3.000000
vt 14.250000 2.750000
vt 14.000000 2.875000
vt 14.000000 2.750000
vt 14.250000 4.000000
vt 14.500000 2.625000
vt 14.250000 2.625000
vt 14.500000 3.875000
vt 14.750000 2.500000
vt 14.500000 2.500000
vt 14.750000 3.750000
vt 15.000000 3.625000
vt 15.250000 3.500000
vt 15.250000 3.625000
vt -17.750000 4.250000
vt -17.750000 3.500000
vt -18.000000 3.500000
vt -16.000000 4.250000
vt -16.000000 3.500000
vt -17.000000 3.500000
vt -16.000000 3.375000
vt -18.000000 3.375000
vt -19.500000 3.500000
vt -15.500000 3.250000
vt -15.750000 3.375000
vt -15.500000 3.375000
vt -19.250000 3.250000
vt -19.500000 3.250000
vt -19.500000 3.375000
vt -17.750000 3.375000
vt -17.625000 3.375000
vt -17.750000 3.250000
vt -17.000000 3.375000
vt -16.000000 3.250000
vt -17.500000 3.250000
vt -17.375000 3.375000
vt 15.000000 3.500000
vt 15.000000 2.500000
vt 14.750000 2.375000
vt 15.000000 2.375000
vt 15.000000 2.875000
vt 15.000000 3.000000
vt 15.500000 2.500000
vt 15.125000 2.625000
vt 15.000000 2.625000
vt 15.375000 2.625000
vt 15.500000 2.875000
vt 15.375000 2.875000
vt 30.250000 5.250000
vt 30.750000 5.750000
vt 30.250000 5.750000
vt 15.500000 3.000000
vt 15.125000 2.875000
vt 15.500000 3.375000
vt 15.500000 3.500000
vt 15.500000 3.250000
vt -15.750000 2.250000
vt -15.750000 3.250000
vt -16.000000 2.250000
vt -17.500000 2.250000
vt -17.750000 2.250000
vt -19.250000 2.250000
vt -19.500000 2.250000
vt -21.000000 2.250000
vt -21.250000 3.250000
vt -21.000000 3.250000
vt -21.250000 2.250000
vt -22.750000 2.250000
vt -23.000000 3.250000
vt -22.750000 3.250000
vt -23.000000 2.250000
vt -15.500000 3.000000
vt -15.500000 2.875000
vt -15.500000 2.625000
vt -15.500000 2.500000
vt -24.750000 3.250000
vt -24.750000 3.500000
vt -26.250000 3.500000
vt -24.500000 3.250000
vt -24.500000 3.500000
vt -8.000000 7.250000
vt -8.500000 7.500000
vt -8.000000 7.500000
vt -9.250000 7.250000
vt -11.000000 7.250000
vt -11.500000 7.500000
vt -10.500000 7.500000
vt -10.250000 7.500000
vt -9.750000 7.250000
vt -7.500000 7.250000
vt -7.500000 7.500000
vt -12.000000 7.500000
vt -11.500000 7.250000
vt -11.500000 5.750000
vt -12.000000 5.750000
vt -12.000000 6.000000
vt -11.500000 5.500000
vt -11.500000 5.000000
vt -12.000000 5.000000
vt -12.000000 5.500000
vt -7.500000 5.750000
vt -7.000000 6.500000
vt -7.000000 5.750000
vt -7.000000 5.000000
vt -7.500000 5.000000
vt -7.500000 5.500000
vt -10.500000 4.875000
vt -11.500000 4.875000
vt -10.500000 5.000000
vt -9.750000 4.875000
vt -8.750000 4.875000
vt -8.500000 5.000000
vt -8.750000 5.000000
vt -8.500000 4.875000
vt -8.000000 4.875000
vt -0.250000 23.000000
vt 0.000000 24.000000
vt -0.250000 24.000000
vt -5.000000 17.250000
vt -4.750000 17.250000
vt -4.750000 17.375000
vt -5.000000 21.250000
vt -4.250000 19.500000
vt -4.250000 21.250000
vt -5.000000 23.000000
vt -4.250000 23.000000
vt -4.625000 17.750000
vt -4.250000 17.750000
vt -5.000000 19.500000
vt -4.375000 17.250000
vt -4.250000 17.000000
vt -4.250000 17.250000
vt -5.000000 24.750000
vt -4.000000 24.750000
vt -4.000000 25.750000
vt -4.000000 26.250000
vt -5.000000 26.500000
vt -5.000000 24.000000
vt -4.000000 24.000000
vt -4.000000 24.250000
vt -3.750000 25.750000
vt -3.750000 25.875000
vt -3.375000 26.250000
vt -3.250000 26.500000
vt -3.625000 26.250000
vt -4.000000 26.500000
vt -3.375000 25.750000
vt -3.250000 24.750000
vt -3.250000 25.750000
vt 0.250000 24.750000
vt 1.250000 26.500000
vt 0.250000 26.500000
vt 1.250000 24.750000
vt -1.500000 24.750000
vt -0.500000 26.500000
vt -1.500000 26.500000
vt -0.500000 24.750000
vt -2.250000 24.750000
vt -2.250000 26.500000
vt 2.250000 26.250000
vt 2.250000 26.500000
vt 2.000000 26.500000
vt 2.000000 24.750000
vt 2.250000 24.750000
vt 2.250000 25.750000
vt 2.625000 26.250000
vt 2.750000 26.250000
vt 2.750000 26.500000
vt 2.375000 26.250000
vt 2.750000 24.750000
vt 2.750000 25.750000
vt 2.375000 25.750000
vt 1.250000 24.250000
vt -0.500000 24.250000
vt -2.250000 24.250000
vt 2.250000 24.625000
vt 0.250000 24.000000
vt 1.250000 24.000000
vt -2.250000 24.000000
vt -1.500000 24.000000
vt -3.250000 24.000000
vt 1.750000 24.000000
vt 2.250000 24.250000
vt 2.750000 24.000000
vt 2.625000 24.250000
vt 2.375000 24.250000
vt 3.000000 24.750000
vt 3.000000 26.500000
vt 3.000000 25.750000
vt 2.750000 25.875000
vt 2.750000 24.250000
vt 3.000000 24.000000
vt -3.000000 23.000000
vt -3.000000 22.000000
vt -2.000000 22.000000
vt -1.250000 22.000000
vt -1.250000 23.000000
vt -1.500000 23.000000
vt -1.000000 23.000000
vt -1.000000 22.000000
vt -3.000000 21.250000
vt -3.000000 17.750000
vt -3.000000 19.250000
vt -3.000000 19.500000
vt -3.000000 21.000000
vt -4.000000 17.000000
vt -1.250000 17.500000
vt -1.000000 17.500000
vt -1.000000 18.000000
vt -1.250000 19.250000
vt -1.000000 19.250000
vt -1.000000 19.500000
vt -2.000000 21.000000
vt -3.000000 17.500000
vt -3.000000 17.000000
vt -2.250000 17.000000
vt -1.250000 17.000000
vt -1.000000 17.000000
vt 0.750000 21.250000
vt 1.000000 19.500000
vt 1.000000 21.250000
vt -1.000000 21.250000
vt -1.000000 21.000000
vt 1.000000 23.000000
vt 0.750000 23.000000
vt 0.000000 23.000000
vt -1.000000 21.750000
vt 0.250000 23.000000
vt 0.750000 19.500000
vt 0.750000 18.000000
vt 1.000000 18.000000
vt 1.000000 19.000000
vt 2.000000 19.500000
vt 2.000000 21.250000
vt 2.000000 23.000000
vt 1.250000 23.000000
vt 2.000000 19.000000
vt 3.000000 19.500000
vt 3.000000 20.500000
vt 3.000000 21.250000
vt 3.000000 22.250000
vt 2.500000 18.000000
vt 3.000000 18.000000
vt 3.000000 18.750000
vt 0.750000 17.000000
vt 2.500000 17.000000
vt 2.000000 18.000000
vt 3.000000 17.000000
vt 5.000000 19.500000
vt 4.750000 19.500000
vt 4.750000 18.750000
vt 5.000000 21.250000
vt 4.750000 21.250000
vt 4.750000 20.500000
vt 4.750000 22.750000
vt 5.000000 23.000000
vt 4.750000 23.000000
vt 4.750000 22.250000
vt 5.000000 17.750000
vt 4.750000 17.750000
vt 4.750000 17.250000
vt 4.750000 26.250000
vt 5.000000 26.500000
vt 4.750000 26.500000
vt 4.750000 25.750000
vt 5.000000 24.750000
vt 4.750000 24.750000
vt 4.750000 24.250000
vt 4.250000 26.500000
vt 4.250000 26.250000
vt 4.250000 25.750000
vt 4.250000 24.750000
vt 4.250000 23.000000
vt 4.250000 22.750000
vt 4.750000 24.000000
vt 4.250000 24.250000
vt 4.250000 24.000000
vt 4.250000 20.500000
vt 4.250000 19.500000
vt 4.250000 22.250000
vt 4.250000 21.250000
vt 4.250000 18.750000
vt 4.750000 17.000000
vt 4.250000 17.250000
vt 4.250000 17.000000
vt 4.000000 17.750000
vt 4.250000 17.750000
vt 4.000000 19.500000
vt 4.000000 19.000000
vt 4.000000 21.250000
vt 4.000000 21.000000
vt 4.000000 23.000000
vt 4.000000 21.500000
vt 4.000000 17.250000
vt 3.000000 26.250000
vt 4.000000 24.000000
vt 3.500000 21.500000
vt 3.500000 19.000000
vt 3.000000 19.000000
vt 3.000000 17.750000
vt 4.000000 17.000000
vt 3.000000 17.250000
vt 2.500000 26.250000
vt 2.500000 26.500000
vt 0.750000 26.500000
vt 0.750000 26.250000
vt 1.250000 26.250000
vt 0.500000 26.500000
vt -1.000000 26.500000
vt -1.000000 26.250000
vt -0.500000 26.250000
vt -1.250000 26.500000
vt -2.750000 26.500000
vt -2.750000 26.250000
vt -2.250000 26.250000
vt -0.500000 25.750000
vt 0.750000 25.750000
vt -2.250000 25.750000
vt -1.000000 25.750000
vt 1.250000 25.750000
vt 2.500000 25.750000
vt 2.250000 24.000000
vt 2.500000 24.000000
vt 0.500000 24.000000
vt 0.750000 24.000000
vt -1.250000 24.000000
vt -1.000000 24.000000
vt -1.750000 24.000000
vt 2.250000 21.500000
vt 2.250000 23.000000
vt 1.500000 23.000000
vt 0.500000 23.000000
vt 0.500000 21.500000
vt 1.250000 21.500000
vt -1.250000 21.500000
vt -0.500000 21.500000
vt -2.000000 23.000000
vt -1.500000 21.500000
vt -1.750000 23.000000
vt 3.250000 23.000000
vt 3.000000 21.500000
vt -3.000000 26.500000
vt -2.750000 25.750000
vt -3.000000 25.000000
vt -3.000000 24.750000
vt -2.750000 24.000000
vt -2.750000 24.750000
vt -3.000000 21.500000
vt 1.250000 20.000000
vt 2.000000 20.500000
vt 1.250000 20.500000
vt 0.000000 20.000000
vt 0.750000 20.500000
vt 0.000000 20.500000
vt -3.000000 20.500000
vt -3.000000 20.000000
vt -2.750000 20.000000
vt -2.000000 20.000000
vt -2.000000 20.500000
vt -0.500000 19.500000
vt -0.500000 20.000000
vt 0.750000 20.000000
vt 2.500000 19.500000
vt 2.500000 20.000000
vt 2.000000 20.000000
vt 2.500000 17.750000
vt 0.750000 17.750000
vt -1.000000 19.000000
vt 1.250000 19.500000
vt 1.250000 17.000000
vt -1.000000 17.250000
vt -0.500000 17.000000
vt -2.000000 19.500000
vt -2.000000 19.000000
vt -1.500000 19.000000
vt -2.000000 17.750000
vt -1.000000 17.750000
vt -2.000000 18.250000
vt -2.000000 17.250000
vt -2.750000 18.250000
vt -2.750000 17.750000
vt -2.250000 17.750000
vt -2.000000 17.000000
vt -2.250000 17.250000
vt -3.000000 18.750000
vt -2.750000 17.000000
vt -2.750000 17.250000
vt -3.500000 23.000000
vt -4.750000 22.000000
vt -3.500000 22.000000
vt -5.250000 23.000000
vt -6.500000 22.000000
vt -5.250000 22.000000
vt -6.750000 23.000000
vt -3.250000 23.000000
vt -5.250000 25.000000
vt -5.250000 24.000000
vt -7.000000 24.750000
vt -6.750000 24.000000
vt -3.000000 24.000000
vt -8.500000 14.250000
vt -7.000000 13.250000
vt -7.000000 14.250000
vt -8.500000 12.750000
vt -8.500000 16.000000
vt -7.000000 15.000000
vt -7.000000 16.000000
vt -8.500000 14.500000
vt -8.500000 17.750000
vt -7.000000 16.750000
vt -7.000000 17.750000
vt -8.500000 16.250000
vt -8.500000 19.500000
vt -7.000000 18.500000
vt -7.000000 19.500000
vt -8.500000 18.000000
vt -8.500000 21.250000
vt -7.000000 20.250000
vt -7.000000 21.250000
vt -8.500000 19.750000
vt -7.000000 22.000000
vt -7.000000 23.000000
vt -8.500000 23.000000
vt -8.500000 21.500000
vt -8.500000 12.500000
vt -7.500000 11.000000
vt -7.000000 11.500000
vt -3.500000 24.000000
vt -7.000000 24.000000
vt -8.500000 24.000000
vt -8.500000 23.250000
vt -2.000000 24.000000
vt -12.000000 14.250000
vt -10.500000 12.750000
vt -10.500000 14.250000
vt -12.000000 12.750000
vt -12.000000 16.000000
vt -10.500000 14.500000
vt -10.500000 16.000000
vt -12.000000 14.500000
vt -12.000000 17.750000
vt -10.500000 16.250000
vt -10.500000 17.750000
vt -12.000000 16.250000
vt -12.000000 19.500000
vt -10.500000 18.000000
vt -10.500000 19.500000
vt -12.000000 18.000000
vt -12.000000 19.750000
vt -10.500000 19.750000
vt -10.500000 21.250000
vt -12.000000 21.250000
vt -12.000000 21.000000
vt -10.500000 21.500000
vt -10.500000 23.000000
vt -12.000000 23.000000
vt -12.000000 22.500000
vt -10.500000 23.250000
vt -10.500000 24.750000
vt -12.000000 24.750000
vt -12.000000 24.250000
vt -10.500000 25.000000
vt -10.500000 26.500000
vt -12.000000 26.500000
vt -12.000000 26.000000
vt -10.500000 26.750000
vt -10.500000 28.250000
vt -12.000000 28.250000
vt -12.000000 27.750000
vt -10.500000 28.500000
vt -10.500000 30.000000
vt -12.000000 30.000000
vt -12.000000 29.500000
vt -12.000000 12.500000
vt -12.000000 11.000000
vt -11.500000 11.000000
vt -8.750000 12.750000
vt -8.750000 14.500000
vt -8.750000 16.250000
vt -8.750000 18.000000
vt -8.750000 19.750000
vt -8.750000 21.500000
vt -8.750000 23.250000
vt -8.500000 24.750000
vt -8.750000 25.000000
vt -8.500000 25.000000
vt -8.500000 26.500000
vt -8.750000 26.750000
vt -8.500000 26.750000
vt -8.500000 28.250000
vt -8.750000 28.500000
vt -10.500000 12.500000
vt -8.750000 11.000000
vt -8.500000 11.000000
vt -8.750000 30.000000
vt -10.250000 30.000000
vt -8.500000 30.000000
vt -7.000000 25.000000
vt -7.000000 26.500000
vt -7.000000 26.750000
vt -7.000000 28.250000
vt -7.000000 28.500000
vt -8.500000 28.500000
vt -12.500000 22.500000
vt -16.000000 24.250000
vt -14.250000 22.500000
vt -14.250000 24.250000
vt -12.500000 24.250000
vt -14.250000 26.000000
vt -14.500000 26.000000
vt -12.500000 26.000000
vt -12.750000 26.000000
vt -14.250000 21.000000
vt -13.750000 21.000000
vt -16.000000 22.500000
vt -16.000000 21.000000
vt -15.500000 21.000000
vt -12.500000 21.000000
vt 10.500000 14.250000
vt 12.000000 12.750000
vt 12.000000 14.250000
vt 10.500000 12.750000
vt 10.500000 14.500000
vt 12.000000 14.500000
vt 12.000000 16.000000
vt 10.500000 16.000000
vt 10.500000 15.500000
vt 12.000000 16.250000
vt 12.000000 17.750000
vt 10.500000 17.750000
vt 10.500000 17.250000
vt 12.000000 18.000000
vt 12.000000 19.500000
vt 10.500000 19.500000
vt 10.500000 19.000000
vt 10.500000 21.250000
vt 12.000000 21.000000
vt 12.000000 21.250000
vt 12.000000 19.750000
vt 10.500000 20.750000
vt 10.500000 22.500000
vt 12.000000 22.500000
vt 12.000000 23.000000
vt 10.500000 23.000000
vt 10.500000 22.750000
vt 12.000000 24.250000
vt 12.000000 24.750000
vt 10.500000 24.750000
vt 10.500000 24.500000
vt 12.000000 26.000000
vt 10.500000 26.500000
vt 12.000000 26.500000
vt 12.000000 27.750000
vt 10.500000 28.250000
vt 12.000000 28.250000
vt 12.000000 29.500000
vt 10.500000 12.500000
vt 10.500000 11.000000
vt 11.500000 11.000000
vt 8.500000 12.500000
vt 8.500000 11.000000
vt 9.750000 11.000000
vt 10.250000 11.000000
vt 10.250000 12.500000
vt 20.500000 25.500000
vt 21.000000 25.500000
vt 21.000000 28.500000
vt 20.500000 29.000000
vt 17.000000 29.000000
vt 17.000000 28.500000
vt 20.500000 25.000000
vt 17.000000 25.500000
vt 17.000000 25.000000
vt 21.000000 25.000000
vt 10.250000 15.500000
vt 10.250000 17.250000
vt 8.500000 17.250000
vt 8.500000 16.000000
vt 10.250000 19.000000
vt 8.500000 19.000000
vt 8.500000 17.750000
vt 10.250000 20.750000
vt 8.500000 20.750000
vt 8.500000 19.500000
vt 10.250000 22.500000
vt 8.500000 22.500000
vt 8.500000 21.250000
vt 8.500000 15.500000
vt 10.250000 14.500000
vt 20.500000 45.500000
vt 21.000000 45.500000
vt 21.000000 46.000000
vt 20.500000 49.000000
vt 17.000000 49.000000
vt 17.000000 46.000000
vt 20.500000 45.000000
vt 17.000000 45.500000
vt 17.000000 45.000000
vt 21.000000 45.000000
vt 10.250000 26.500000
vt 10.250000 24.750000
vt 8.500000 26.500000
vt 8.500000 24.750000
vt 10.250000 28.250000
vt 8.500000 28.250000
vt 10.500000 30.000000
vt 10.250000 30.000000
vt 8.500000 30.000000
vt 10.250000 24.500000
vt 8.500000 24.500000
vt 7.000000 12.500000
vt 8.500000 12.750000
vt 7.000000 16.000000
vt 7.000000 14.250000
vt 7.000000 17.750000
vt 7.000000 19.500000
vt 7.000000 21.250000
vt 8.500000 22.750000
vt 7.000000 23.000000
vt 8.500000 23.000000
vt 7.000000 26.500000
vt 7.000000 28.250000
vt 7.000000 30.000000
vt 8.000000 11.000000
vt 7.000000 11.000000
vt 7.500000 11.000000
vt 16.000000 22.500000
vt 15.500000 24.250000
vt 15.500000 22.500000
vt 13.750000 24.250000
vt 13.750000 22.500000
vt 16.000000 24.250000
vt 15.500000 26.000000
vt 12.500000 26.000000
vt 14.250000 26.000000
vt 13.750000 21.000000
vt 15.500000 21.000000
vt 16.000000 21.000000
vt -28.250000 6.500000
vt -28.250000 6.000000
vt -27.500000 6.000000
vt -30.000000 6.500000
vt -30.000000 6.000000
vt -29.250000 6.000000
vt -26.500000 6.500000
vt -26.500000 6.000000
vt -25.750000 6.000000
vt -14.250000 7.500000
vt -14.250000 6.500000
vt -13.250000 6.500000
vt -16.000000 7.500000
vt -16.000000 6.500000
vt -15.000000 6.500000
vt -17.750000 7.500000
vt -17.750000 6.500000
vt -16.750000 6.500000
vt -19.500000 7.500000
vt -19.500000 6.500000
vt -18.500000 6.500000
vt -21.250000 7.500000
vt -21.250000 6.500000
vt -20.250000 6.500000
vt -23.000000 7.500000
vt -23.000000 6.500000
vt -22.000000 6.500000
vt -24.750000 7.500000
vt -24.750000 6.500000
vt -23.250000 6.500000
vt -26.500000 7.500000
vt -25.000000 6.500000
vt -28.250000 7.500000
vt -30.000000 7.500000
vt -12.500000 7.500000
vt -12.500000 6.500000
vt -11.500000 6.500000
vt -25.750000 5.500000
vt -27.500000 5.500000
vt -26.750000 5.500000
vt -29.250000 5.500000
vt -28.500000 5.500000
vt -30.500000 6.000000
vt -31.000000 5.500000
vt -30.500000 5.500000
vt -25.000000 6.000000
vt -12.500000 5.000000
vt -14.250000 5.000000
vt -13.250000 5.000000
vt -16.000000 5.000000
vt -15.000000 5.000000
vt -17.750000 5.000000
vt -16.750000 5.000000
vt -19.500000 5.000000
vt -18.500000 5.000000
vt -22.000000 5.500000
vt -22.000000 5.000000
vt -21.250000 5.000000
vt -11.000000 5.000000
vt -11.000000 5.750000
vt -26.750000 5.000000
vt -28.500000 5.000000
vt -28.250000 5.000000
vt -25.000000 5.000000
vt -25.000000 5.500000
vt -26.500000 5.000000
vt -5.000000 25.750000
vt -4.750000 25.750000
vt -4.750000 25.875000
vt 1.000000 26.250000
vt 0.250000 25.750000
vt 1.000000 25.750000
vt 0.250000 26.250000
vt -0.750000 26.250000
vt -1.500000 25.750000
vt -0.750000 25.750000
vt -1.500000 26.250000
vt -2.500000 26.250000
vt -2.500000 25.750000
vt -3.250000 26.250000
vt 2.250000 25.875000
vt 2.000000 25.750000
vt 2.000000 26.250000
vt -4.750000 26.250000
vt -4.625000 26.250000
vt -4.250000 26.250000
vt 1.000000 24.750000
vt -0.750000 24.750000
vt -2.500000 24.750000
vt -4.750000 24.750000
vt -4.375000 25.750000
vt -4.250000 24.750000
vt -4.250000 25.750000
vt 2.625000 25.750000
vt 3.000000 25.000000
vt -4.750000 24.625000
vt -5.000000 24.250000
vt -4.750000 24.250000
vt -4.750000 24.375000
vt -5.000000 22.250000
vt -4.750000 22.250000
vt -4.750000 22.375000
vt -4.375000 22.750000
vt -4.625000 22.750000
vt -4.250000 24.250000
vt 2.750000 23.000000
vt 3.000000 23.000000
vt 3.000000 23.250000
vt -2.500000 23.000000
vt -0.750000 23.000000
vt 1.000000 21.500000
vt 2.000000 21.500000
vt -0.750000 21.500000
vt -2.500000 21.500000
vt -4.250000 22.250000
vt -4.250000 21.500000
vt 2.750000 21.500000
vt 3.000000 22.000000
vt -4.250000 18.750000
vt -5.000000 19.750000
vt -5.000000 18.750000
vt -4.250000 19.750000
vt -4.250000 20.500000
vt -5.000000 21.500000
vt -5.000000 20.500000
vt -5.000000 18.000000
vt -4.750000 17.750000
vt -4.375000 17.750000
vt -4.250000 18.000000
vt 1.000000 19.750000
vt 2.000000 19.750000
vt -2.500000 19.750000
vt -0.750000 18.000000
vt -2.500000 18.000000
vt -0.750000 19.750000
vt -0.750000 17.000000
vt 0.500000 17.000000
vt -2.500000 17.000000
vt -3.250000 17.000000
vt 1.000000 17.000000
vt 2.000000 17.000000
vt 2.000000 17.250000
vt 2.000000 17.750000
vt 2.250000 17.250000
vt 2.250000 17.375000
vt 2.750000 18.000000
vt 2.750000 19.750000
vt 2.625000 17.750000
vt 2.375000 17.750000
vt 2.625000 17.250000
vt 2.750000 17.000000
vt 2.750000 17.250000
vt 3.000000 19.750000
vt 2.750000 17.750000
vt 6.500000 23.250000
vt 7.000000 23.250000
vt 7.000000 24.750000
vt 4.750000 23.250000
vt 4.750000 25.000000
vt 3.500000 25.000000
vt 6.500000 25.000000
vt 5.250000 25.000000
vt 6.500000 22.000000
vt 7.000000 22.000000
vt 2.875000 20.500000
vt 2.875000 20.375000
vt 2.625000 20.375000
vt 2.625000 20.500000
vt 2.500000 20.500000
vt 2.500000 20.250000
vt -0.625000 20.125000
vt -0.500000 20.125000
vt -0.500000 20.250000
vt -0.500000 20.500000
vt -0.625000 20.500000
vt -0.625000 20.375000
vt -0.875000 20.375000
vt -0.875000 20.500000
vt -1.000000 20.125000
vt -0.875000 20.125000
vt -1.000000 20.000000
vt -0.750000 20.000000
vt 2.625000 20.125000
vt 2.500000 20.125000
vt 3.000000 20.000000
vt 3.000000 20.125000
vt 2.875000 20.125000
vt 2.750000 20.000000
vt 26.500000 6.500000
vt 25.000000 5.500000
vt 26.500000 5.500000
vt 20.500000 5.500000
vt 20.500000 6.500000
vt 19.750000 6.500000
vt 18.750000 5.500000
vt 18.750000 6.500000
vt 18.000000 6.500000
vt 22.000000 5.500000
vt 22.000000 6.500000
vt 21.500000 6.500000
vt -0.000000 5.500000
vt -0.000000 6.250000
vt -0.750000 6.250000
vt -1.750000 6.250000
vt -1.750000 5.500000
vt -1.250000 5.500000
vt -2.500000 6.250000
vt -3.000000 6.250000
vt -3.500000 5.500000
vt -3.000000 5.500000
vt 1.500000 5.500000
vt 1.500000 6.250000
vt 1.000000 6.250000
vt 0.500000 5.500000
vt 4.000000 5.500000
vt 4.000000 6.500000
vt 3.250000 6.500000
vt 2.250000 6.500000
vt 2.250000 5.500000
vt 3.000000 5.500000
vt 1.500000 6.500000
vt 0.500000 6.500000
vt -0.250000 6.500000
vt -2.750000 6.500000
vt -3.000000 6.500000
vt -1.250000 6.500000
vt -2.000000 6.500000
vt 4.750000 5.500000
vt -23.000000 5.500000
vt -24.250000 6.500000
vt -26.250000 6.500000
vt -26.500000 5.500000
vt -24.750000 5.500000
vt -25.750000 6.500000
vt -22.750000 6.500000
vt -21.500000 5.500000
vt -21.500000 6.500000
vt -22.250000 6.500000
vt -8.750000 12.000000
vt -9.250000 11.000000
vt 4.750000 6.500000
vt 4.375000 6.000000
vt 4.250000 6.500000
vt -52.250000 11.000000
vt -51.750000 12.000000
vt -52.250000 12.000000
vt 8.750000 12.000000
vt 9.250000 11.000000
vt 9.250000 12.000000
vt 52.250000 11.000000
vt 51.750000 12.000000
vt 51.750000 11.000000
vt 4.625000 6.000000
vt 4.625000 6.500000
vt 25.875000 -6.500000
vt 26.125000 -6.000000
vt 26.250000 -6.500000
vt -9.250000 12.000000
vt 4.375000 6.500000
vt -4.375000 6.500000
vt -4.625000 6.000000
vt -4.750000 6.500000
vt 25.750000 -6.500000
vt 25.875000 -6.000000
vt -26.250000 -6.500000
vt -25.875000 -6.000000
vt -25.750000 -6.500000
vt -4.250000 6.500000
vt -4.375000 6.000000
vt -51.750000 11.000000
vt -5.250000 12.000000
vt -4.750000 11.000000
vt -4.750000 12.000000
vt -2.250000 6.500000
vt -2.375000 6.000000
vt -2.375000 6.500000
vt 5.250000 11.000000
vt 4.750000 12.000000
vt 4.750000 11.000000
vt -2.625000 6.000000
vt -2.625000 6.500000
vt 2.625000 6.500000
vt 2.375000 6.000000
vt -26.125000 -6.000000
vt 2.750000 6.500000
vt 2.625000 6.000000
vt -24.750000 -6.500000
vt -24.625000 -6.000000
vt -24.625000 -6.500000
vt 24.625000 -6.500000
vt 24.625000 -6.000000
vt 24.750000 -6.500000
vt 8.750000 11.000000
vt -48.750000 11.000000
vt -49.250000 12.000000
vt -49.250000 11.000000
vt 49.250000 11.000000
vt 48.750000 12.000000
vt 48.750000 11.000000
vt 24.375000 -6.500000
vt -24.375000 -6.000000
vt -24.375000 -6.500000
vt -24.250000 -6.500000
vt 24.250000 -6.500000
vt 24.375000 -6.000000
vt -45.250000 11.000000
vt -44.750000 12.000000
vt -45.250000 12.000000
vt 45.250000 11.000000
vt 44.750000 12.000000
vt 44.750000 11.000000
vt 22.375000 -6.500000
vt 22.625000 -6.000000
vt 22.750000 -6.500000
vt 22.250000 -6.500000
vt 22.375000 -6.000000
vt -22.625000 -6.000000
vt -22.250000 -6.500000
vt -22.750000 -6.500000
vt -19.500000 6.000000
vt -19.000000 6.250000
vt -19.750000 6.250000
vt -20.500000 6.250000
vt -20.500000 6.000000
vt -20.000000 6.000000
vt -20.500000 5.500000
vt -20.125000 5.500000
vt -19.500000 5.500000
vt -19.000000 6.000000
vt -19.750000 6.500000
vt -19.750000 5.500000
vt -18.000000 5.500000
vt -18.000000 6.500000
vt -18.750000 6.500000
vt -21.250000 5.500000
vt -20.500000 6.500000
vt -17.750000 5.500000
vt -17.000000 5.500000
vt -17.000000 6.500000
vt -17.250000 6.500000
vt -5.000000 6.500000
vt -5.000000 5.500000
vt -4.625000 5.500000
vt -4.375000 5.500000
vt -3.250000 5.500000
vt -3.000000 6.000000
vt 21.000000 5.500000
vt 21.000000 6.250000
vt 19.750000 6.250000
vt -35.250000 11.000000
vt -34.750000 12.000000
vt -35.250000 12.000000
vt 35.250000 11.000000
vt 34.750000 12.000000
vt 34.750000 11.000000
vt 17.375000 -6.500000
vt 17.625000 -6.000000
vt 17.750000 -6.500000
vt 17.250000 -6.500000
vt 17.375000 -6.000000
vt -17.625000 -6.000000
vt -17.250000 -6.500000
vt -17.750000 -6.500000
vt 3.500000 6.250000
vt 3.000000 6.250000
vt 3.000000 6.000000
vt 4.000000 19.750000
vt 12.727922 5.500000
vt 12.020815 6.250000
vt 12.020815 5.500000
vt 16.617008 5.500000
vt 15.909903 6.250000
vt 15.909903 5.500000
vt 20.000000 6.000000
vt 20.500000 6.000000
vt 20.500000 6.250000
vt 19.000000 6.250000
vt 19.000000 6.000000
vt 19.500000 6.000000
vt 20.000000 5.500000
vt 20.125000 5.500000
vt 19.000000 5.500000
vt 19.500000 5.500000
vt 0.750000 6.250000
vt 0.750000 6.000000
vt 1.250000 6.000000
vt 2.000000 6.000000
vt 2.500000 6.250000
vt 0.000000 6.000000
vt -1.000000 6.250000
vt 2.875000 5.500000
vt 2.500000 6.000000
vt 2.500000 5.500000
vt 2.625000 5.500000
vt 1.250000 5.500000
vt 0.000000 5.500000
vt -0.625000 5.500000
vt -0.500000 5.500000
vt -0.500000 6.000000
vt -1.000000 6.000000
vt -1.000000 5.500000
vt -0.875000 5.500000
vt 2.500000 21.500000
vt 1.750000 21.500000
vt 0.750000 21.500000
vt 0.000000 21.500000
vt -6.000000 156.000000
vt -8.000000 160.000000
vt -8.000000 156.000000
vt 2.750000 19.500000
vt -4.000000 162.000000
vt 0.000000 164.000000
vt -4.000000 164.000000
vt 0.750000 20.250000
vt 16.000000 162.000000
vt 20.000000 164.000000
vt 16.000000 164.000000
vt 0.500000 6.000000
vt -0.750000 6.500000
vt -1.250000 6.000000
vt -2.500000 6.500000
vt 1.000000 6.000000
vt 1.000000 6.500000
vt 6.000000 44.000000
vt 8.000000 48.000000
vt 6.000000 48.000000
vt -2.750000 5.500000
vt -1.750000 11.500000
vt -1.250000 11.000000
vt -1.250000 11.500000
vt 5.250000 11.500000
vt 5.750000 11.000000
vt 5.750000 11.500000
vt 162.000000 44.000000
vt 164.000000 48.000000
vt 162.000000 48.000000
vt 20.250000 5.500000
vt 20.250000 6.000000
vt -40.250000 11.000000
vt -40.750000 11.500000
vt -40.750000 11.000000
vt 40.750000 11.000000
vt 40.250000 11.500000
vt 40.250000 11.000000
vt -5.750000 11.500000
vt -5.250000 11.000000
vt -5.250000 11.500000
vt 5.750000 40.250000
vt 5.250000 40.750000
vt 5.250000 40.250000
vt -162.000000 48.000000
vt -164.000000 44.000000
vt -162.000000 44.000000
vt 16.000000 48.000000
vt 20.000000 44.000000
vt 20.000000 48.000000
vt -20.250000 6.000000
vt -20.250000 5.500000
vt -4.000000 48.000000
vt 0.000000 44.000000
vt 0.000000 48.000000
vt 1.250000 11.500000
vt 1.750000 11.000000
vt 1.750000 11.500000
vt -1.250000 40.250000
vt -1.750000 40.750000
vt -1.750000 40.250000
vt -6.000000 48.000000
vt -8.000000 44.000000
vt -6.000000 44.000000
vt 2.750000 6.000000
vt 2.750000 5.500000
vt 156.000000 48.000000
vt 160.000000 44.000000
vt 160.000000 48.000000
vt 2.000000 6.500000
vt 3.000000 6.500000
vt -21.000000 5.500000
vt -21.000000 6.250000
vt -20.000000 5.500000
vt -1.500000 5.500000
vt -2.000000 19.750000
vt -1.000000 19.750000
vt -1.000000 20.500000
vt -13.435029 5.500000
vt -14.142136 6.250000
vt -14.142136 5.500000
vt -14.495689 5.500000
vt -15.202795 6.250000
vt -15.202795 5.500000
vt 6.500000 6.500000
vt 6.500000 5.500000
vt 7.000000 6.500000
vt -3.500000 6.500000
vt -5.250000 5.500000
vt -5.250000 6.500000
vt -6.500000 6.500000
vt 25.000000 5.000000
vt 26.500000 5.000000
vt 18.750000 5.000000
vt 20.000000 5.000000
vt 17.000000 5.500000
vt 17.000000 5.000000
vt 18.250000 5.000000
vt 21.500000 5.000000
vt 22.000000 5.000000
vt 20.500000 5.000000
vt 21.000000 5.000000
vt -19.000000 5.500000
vt 3.000000 5.000000
vt 4.250000 5.000000
vt 4.750000 5.000000
vt 5.000000 5.500000
vt -17.375000 5.500000
vt -17.625000 5.500000
vt -22.750000 5.000000
vt -22.375000 5.500000
vt -22.625000 5.500000
vt -24.750000 5.000000
vt -24.375000 5.500000
vt -24.625000 5.500000
vt -26.250000 5.000000
vt -25.875000 5.500000
vt -26.125000 5.500000
vt 17.250000 5.000000
vt 17.625000 5.500000
vt 17.375000 5.500000
vt 22.250000 5.000000
vt 22.625000 5.500000
vt 22.375000 5.500000
vt 24.250000 5.000000
vt 24.625000 5.500000
vt 24.375000 5.500000
vt 25.750000 5.000000
vt 26.125000 5.500000
vt 25.875000 5.500000
vt -24.000000 5.000000
vt -17.000000 5.000000
vt -4.750000 5.000000
vt -4.250000 5.000000
vt 4.375000 5.500000
vt -4.000000 5.000000
vt -3.000000 5.000000
vt 19.500000 5.000000
vt 3.500000 5.000000
vt 3.500000 5.500000
vt 12.727922 5.000000
vt 16.617008 5.000000
vt 1.250000 5.000000
vt 2.000000 5.500000
vt 0.000000 5.000000
vt 0.750000 5.500000
vt 0.500000 5.000000
vt -1.250000 5.000000
vt -0.500000 5.000000
vt -2.250000 5.000000
vt 0.750000 5.000000
vt -1.000000 5.000000
vt -2.750000 5.000000
vt 2.250000 5.000000
vt 2.500000 5.000000
vt -2.625000 5.500000
vt -2.375000 5.500000
vt 2.375000 5.500000
vt 2.750000 5.000000
vt 26.250000 5.000000
vt -21.000000 5.000000
vt -13.435029 5.000000
vt -0.750000 5.500000
vt 2.000000 5.000000
vt -20.500000 5.000000
vt -20.000000 5.000000
vt 19.000000 5.000000
vt -1.000000 -5.000000
vt -0.750000 -5.500000
vt -1.000000 -5.500000
vt 3.000000 -5.000000
vt 2.750000 -5.500000
vt 2.500000 -5.000000
vt -0.750000 5.000000
vt -2.500000 5.000000
vt 1.000000 5.000000
vt 1.000000 5.500000
vt -1.500000 5.000000
vt -14.495689 5.000000
vt -17.250000 5.000000
vt 17.750000 5.000000
vt 5.250000 5.000000
vt 6.500000 5.000000
vt 7.000000 5.500000
vt -5.250000 5.000000
vt -3.500000 5.000000
vt 25.750000 5.500000
vt 26.000000 6.000000
vt 25.750000 6.000000
vt 24.750000 5.500000
vt 25.250000 6.000000
vt 24.750000 6.000000
vt 23.750000 5.500000
vt 24.250000 6.000000
vt 23.750000 6.000000
vt 22.750000 5.500000
vt 23.250000 6.000000
vt 22.750000 6.000000
vt 21.750000 5.500000
vt 22.250000 6.000000
vt 21.750000 6.000000
vt 21.250000 6.000000
vt 21.000000 6.000000
vt -7.250000 5.500000
vt -7.000000 6.000000
vt -7.250000 6.000000
vt -8.250000 5.500000
vt -7.750000 6.000000
vt -8.250000 6.000000
vt -9.250000 5.500000
vt -8.750000 6.000000
vt -9.250000 6.000000
vt -10.250000 5.500000
vt -9.750000 6.000000
vt -10.250000 6.000000
vt -11.250000 5.500000
vt -10.750000 6.000000
vt -11.250000 6.000000
vt -11.750000 6.000000
vt 7.250000 31.000000
vt 7.000000 30.500000
vt 7.250000 30.500000
vt 8.250000 31.000000
vt 7.750000 30.500000
vt 8.250000 30.500000
vt 9.250000 31.000000
vt 8.750000 30.500000
vt 9.250000 30.500000
vt 10.250000 31.000000
vt 9.750000 30.500000
vt 10.250000 30.500000
vt 11.250000 31.000000
vt 10.750000 30.500000
vt 11.250000 30.500000
vt 12.000000 31.000000
vt 11.750000 30.500000
vt 12.000000 30.500000
vt 8.750000 30.000000
vt 10.500000 30.500000
vt 12.000000 30.000000
vt 16.500000 22.500000
vt 16.500000 22.750000
vt 16.500000 23.750000
vt 16.500000 24.250000
vt 16.500000 23.250000
vt 16.500000 24.750000
vt 16.500000 25.750000
vt 16.500000 26.000000
vt 16.000000 26.000000
vt 16.500000 25.250000
vt 16.500000 21.250000
vt 16.500000 21.000000
vt 16.500000 22.250000
vt 16.500000 21.750000
vt 17.000000 25.750000
vt 17.000000 24.750000
vt 17.000000 23.750000
vt 17.000000 22.750000
vt 17.000000 21.750000
vt 17.000000 21.000000
vt 19.750000 6.000000
vt 19.750000 7.500000
vt 19.500000 7.500000
vt 18.000000 6.000000
vt 18.000000 7.500000
vt 17.750000 7.500000
vt 16.250000 6.000000
vt 16.250000 7.500000
vt 16.000000 7.500000
vt 14.500000 6.000000
vt 14.500000 7.500000
vt 14.250000 7.500000
vt 12.750000 6.000000
vt 12.750000 7.500000
vt 12.500000 7.500000
vt 21.000000 7.500000
vt 29.500000 6.000000
vt 29.500000 7.500000
vt 28.250000 7.500000
vt 27.750000 6.000000
vt 27.750000 7.500000
vt 26.500000 7.500000
vt 30.000000 7.500000
vt 30.000000 6.000000
vt -10.500000 6.000000
vt -8.500000 6.000000
vt 15.500000 7.500000
vt 13.750000 6.000000
vt 15.500000 6.000000
vt 13.750000 7.500000
vt 12.000000 6.000000
vt 16.000000 6.000000
vt -14.250000 6.000000
vt -13.750000 7.500000
vt -13.000000 6.000000
vt -16.000000 6.000000
vt -15.500000 7.500000
vt -14.750000 6.000000
vt -12.500000 6.000000
vt -24.250000 7.500000
vt -22.500000 6.000000
vt -24.250000 6.000000
vt -26.000000 6.000000
vt -26.000000 7.500000
vt -22.500000 7.500000
vt -21.000000 6.000000
vt -7.250000 30.500000
vt -7.000000 31.000000
vt -7.250000 31.000000
vt -8.250000 30.500000
vt -7.750000 31.000000
vt -8.250000 31.000000
vt -9.250000 30.500000
vt -8.750000 31.000000
vt -9.250000 31.000000
vt -10.250000 30.500000
vt -9.750000 31.000000
vt -10.250000 31.000000
vt -11.250000 30.500000
vt -10.750000 31.000000
vt -11.250000 31.000000
vt -12.000000 30.500000
vt -11.750000 31.000000
vt -12.000000 31.000000
vt -8.500000 30.250000
vt -8.750000 30.500000
vt -9.750000 30.500000
vt -10.250000 30.250000
vt -10.750000 30.500000
vt -11.750000 30.500000
vt -12.000000 30.250000
vt -7.000000 30.250000
vt -7.750000 30.500000
vt -16.250000 24.250000
vt -16.500000 23.750000
vt -16.500000 23.250000
vt -16.500000 22.750000
vt -16.250000 22.500000
vt -16.250000 26.000000
vt -16.500000 25.750000
vt -16.500000 25.250000
vt -16.500000 24.750000
vt -16.500000 21.250000
vt -16.250000 21.000000
vt -16.500000 21.750000
vt -17.000000 26.000000
vt -17.000000 25.750000
vt -17.000000 25.250000
vt -17.000000 24.750000
vt -17.000000 24.250000
vt -17.000000 23.750000
vt -17.000000 23.250000
vt -17.000000 22.750000
vt -17.000000 22.250000
vt -17.000000 21.750000
vt -16.500000 21.000000
vt -17.000000 21.250000
vt -17.000000 21.000000
vt -94.000000 44.000000
vt -90.000000 48.000000
vt -94.000000 48.000000
vt -82.000000 44.000000
vt -82.000000 48.000000
vt -84.000000 48.000000
vt -78.000000 44.000000
vt -74.000000 48.000000
vt -78.000000 48.000000
vt -70.000000 48.000000
vt -70.000000 44.000000
vt -68.000000 44.000000
vt -62.000000 44.000000
vt -58.000000 48.000000
vt -62.000000 48.000000
vt 248.000000 48.000000
vt 244.000000 44.000000
vt 248.000000 44.000000
vt -248.000000 44.000000
vt -244.000000 48.000000
vt -248.000000 48.000000
vt 31.000000 6.000000
vt 30.500000 5.500000
vt 31.000000 5.500000
vt -174.000000 48.000000
vt -170.000000 44.000000
vt -174.000000 44.000000
vt -182.000000 48.000000
vt -180.000000 44.000000
vt -182.000000 44.000000
vt -180.000000 48.000000
vt -190.000000 48.000000
vt -186.000000 44.000000
vt -190.000000 44.000000
vt -198.000000 48.000000
vt -194.000000 44.000000
vt -198.000000 44.000000
vt -206.000000 48.000000
vt -202.000000 44.000000
vt -206.000000 44.000000
vt 18.000000 5.500000
vt 19.750000 5.500000
vt 16.250000 5.500000
vt 14.500000 5.500000
vt 12.750000 5.500000
vt 11.000000 6.000000
vt 11.000000 5.750000
vt 27.750000 5.500000
vt 29.500000 5.500000
vt 26.000000 5.500000
vt 30.250000 5.500000
vt 30.500000 6.000000
vt -14.750000 5.500000
vt -14.500000 5.500000
vt -13.000000 5.500000
vt -16.500000 6.000000
vt -16.500000 5.500000
vt -16.250000 5.500000
vt -12.750000 5.500000
vt 13.750000 5.500000
vt 15.500000 5.500000
vt 12.000000 5.500000
vt 16.500000 5.500000
vt 16.500000 6.000000
vt -136.000000 48.000000
vt -132.000000 44.000000
vt -136.000000 44.000000
vt -17.000000 6.000000
vt 136.000000 44.000000
vt 132.000000 48.000000
vt 136.000000 48.000000
vt 17.000000 6.000000
vt 18.000000 5.000000
vt 16.250000 5.000000
vt 14.500000 5.000000
vt 16.000000 5.000000
vt 12.750000 5.000000
vt 14.250000 5.000000
vt 11.000000 5.500000
vt 11.000000 5.000000
vt 12.500000 5.000000
vt 27.750000 5.000000
vt 28.250000 5.000000
vt 26.000000 5.000000
vt 30.000000 5.000000
vt 29.500000 5.000000
vt -10.250000 5.000000
vt -8.500000 5.500000
vt -7.000000 5.500000
vt 13.750000 5.000000
vt 12.000000 5.000000
vt 15.500000 5.000000
vt -12.750000 5.000000
vt -14.500000 5.000000
vt -24.250000 5.500000
vt -22.500000 5.000000
vt -24.250000 5.000000
vt -26.000000 5.000000
vt -26.000000 5.500000
vt -22.500000 5.500000
vt 0.250000 4.500000
vt 0.250000 5.000000
vt -1.500000 4.500000
vt -3.250000 4.500000
vt -3.250000 5.000000
vt -5.000000 4.500000
vt 0.500000 4.500000
vt 1.000000 4.500000
vt 1.250000 4.500000
vt 1.250000 4.625000
vt 0.750000 4.500000
vt 1.500000 4.625000
vt 1.500000 4.750000
vt 1.750000 4.750000
vt 1.750000 4.875000
vt 1.750000 5.000000
vt -3.250000 4.000000
vt -3.000000 4.000000
vt -5.000000 4.000000
vt -4.250000 4.000000
vt -1.000000 4.000000
vt -1.500000 4.000000
vt -1.250000 4.000000
vt 0.250000 4.125000
vt 0.000000 4.000000
vt 0.250000 4.000000
vt 0.500000 4.125000
vt 0.500000 4.250000
vt 0.750000 4.250000
vt 0.750000 4.375000
vt 4.000000 5.000000
vt 3.250000 4.500000
vt 4.000000 4.500000
vt 2.250000 4.500000
vt 1.500000 4.500000
vt -0.250000 4.500000
vt -1.250000 4.625000
vt -1.250000 4.500000
vt -1.000000 4.500000
vt -0.750000 4.500000
vt -0.500000 4.500000
vt 5.000000 4.500000
vt 5.000000 5.000000
vt -1.500000 4.750000
vt -1.750000 5.000000
vt -1.750000 4.875000
vt -2.000000 4.875000
vt 1.500000 4.000000
vt 2.250000 4.000000
vt 0.500000 4.000000
vt -0.250000 4.125000
vt -0.250000 4.000000
vt 3.250000 4.000000
vt 4.000000 4.000000
vt -0.500000 4.250000
vt -0.750000 4.375000
vt -1.000000 4.375000
vt 23.000000 5.000000
vt 24.000000 4.875000
vt 24.000000 5.000000
vt 23.000000 4.750000
vt 24.000000 4.625000
vt 24.000000 4.750000
vt 23.000000 4.625000
vt 24.000000 4.500000
vt -23.000000 4.500000
vt -23.000000 5.000000
vt 23.000000 4.875000
vt 24.000000 4.375000
vt 23.000000 4.500000
vt 23.000000 4.375000
vt 24.000000 4.125000
vt 23.000000 4.250000
vt 23.000000 4.125000
vt 24.000000 4.000000
vt 23.000000 4.000000
vt -23.000000 4.000000
vt -24.000000 4.500000
vt -24.000000 4.000000
vt -0.500000 24.000000
vt -0.500000 23.000000
vt -0.750000 24.000000
vt 24.000000 4.250000
vt 4.000000 26.500000
vt 4.000000 25.750000
vt 4.000000 24.750000
vt 0.500000 25.750000
vt -2.250000 25.875000
vt -1.250000 25.750000
vt -2.375000 26.250000
vt -2.625000 26.250000
vt -3.000000 25.750000
vt 2.750000 23.375000
vt 2.750000 23.250000
vt 2.750000 23.750000
vt 2.625000 23.750000
vt 2.250000 23.750000
vt 2.375000 23.750000
vt -1.000000 23.250000
vt -0.500000 23.250000
vt -2.250000 23.375000
vt 0.500000 23.250000
vt 2.250000 23.250000
vt 0.500000 24.750000
vt -2.375000 23.750000
vt -2.250000 23.750000
vt -2.750000 23.750000
vt -2.625000 23.750000
vt -2.625000 23.250000
vt -2.750000 23.000000
vt -2.250000 23.250000
vt -2.750000 23.250000
vt 2.000000 19.250000
vt 1.000000 20.250000
vt 1.000000 19.250000
vt 1.250000 21.000000
vt 1.000000 21.000000
vt 1.750000 21.000000
vt 2.000000 20.250000
vt 3.000000 18.500000
vt 2.000000 18.500000
vt 3.000000 19.250000
vt 2.250000 22.000000
vt 2.000000 22.000000
vt 2.000000 21.000000
vt 3.000000 17.500000
vt -1.000000 20.250000
vt -0.500000 18.500000
vt -0.500000 18.000000
vt 0.500000 18.500000
vt 0.500000 19.000000
vt 0.500000 20.250000
vt 0.500000 22.000000
vt -0.250000 22.000000
vt -0.250000 18.000000
vt 1.500000 18.000000
vt 1.000000 21.750000
vt 1.000000 22.000000
vt 2.375000 23.250000
vt -2.000000 21.250000
vt -2.000000 20.250000
vt -0.500000 22.000000
vt -2.000000 18.000000
vt -3.000000 22.250000
vt 0.500000 18.000000
vt -0.250000 17.000000
vt 23.875000 0.750000
vt 24.000000 0.750000
vt 24.000000 2.000000
vt 23.875000 0.625000
vt -26.250000 2.000000
vt -26.500000 2.000000
vt -26.500000 2.500000
vt -25.750000 2.500000
vt -24.750000 2.000000
vt -25.750000 2.000000
vt -24.000000 2.500000
vt -24.000000 2.000000
vt 23.750000 2.500000
vt 23.750000 0.750000
vt 23.625000 2.500000
vt 23.625000 0.875000
vt 23.500000 2.500000
vt 23.500000 1.000000
vt 23.375000 2.500000
vt 23.375000 1.125000
vt 23.250000 2.500000
vt 23.250000 1.250000
vt 23.125000 2.500000
vt 23.125000 1.375000
vt 23.000000 2.500000
vt 23.000000 1.500000
vt 22.875000 2.500000
vt 22.875000 1.625000
vt 22.750000 2.500000
vt 22.750000 1.750000
vt 22.625000 2.500000
vt 22.625000 1.875000
vt 22.500000 2.500000
vt 22.500000 2.000000
vt 22.375000 2.500000
vt 22.375000 2.125000
vt 22.250000 2.500000
vt 22.250000 2.250000
vt 22.125000 2.500000
vt 22.125000 2.375000
vt 22.000000 2.500000
vt 22.000000 2.375000
vt -19.500000 4.000000
vt -19.500000 2.500000
vt -18.500000 2.500000
vt -21.250000 4.000000
vt -21.250000 2.500000
vt -20.250000 2.500000
vt -22.125000 2.500000
vt -22.000000 2.500000
vt -22.500000 2.500000
vt -22.375000 2.500000
vt -23.250000 2.500000
vt -23.125000 2.500000
vt -23.750000 2.500000
vt -23.625000 2.500000
vt -24.750000 4.000000
vt -24.750000 2.500000
vt -17.250000 2.500000
vt -17.000000 4.000000
vt -17.250000 4.000000
vt -24.750000 0.750000
vt -23.875000 2.500000
vt -26.500000 0.750000
vt -24.750000 0.500000
vt -23.875000 0.500000
vt -23.875000 0.625000
vt -23.750000 0.625000
vt -23.875000 0.750000
vt -23.750000 0.750000
vt -23.625000 0.750000
vt -23.625000 0.875000
vt -23.500000 0.875000
vt -23.500000 1.000000
vt -23.375000 1.000000
vt -23.375000 1.125000
vt -23.250000 1.125000
vt -23.250000 1.250000
vt -23.125000 1.250000
vt -23.125000 1.375000
vt -23.000000 1.375000
vt -23.000000 1.500000
vt -22.875000 1.500000
vt -22.875000 1.625000
vt -22.750000 1.625000
vt -22.750000 1.750000
vt -22.625000 1.750000
vt -22.625000 1.875000
vt -22.500000 1.875000
vt -22.500000 2.000000
vt -22.375000 2.000000
vt -22.375000 2.125000
vt -22.250000 2.125000
vt -22.250000 2.250000
vt -22.125000 2.250000
vt -22.125000 2.375000
vt -22.000000 2.375000
vt 4.750000 18.500000
vt 5.000000 18.500000
vt 4.750000 20.250000
vt 5.000000 20.250000
vt 4.750000 17.375000
vt 5.000000 17.250000
vt 4.250000 20.250000
vt 4.250000 18.500000
vt 4.250000 22.000000
vt 4.625000 17.750000
vt 4.375000 17.750000
vt 4.375000 17.250000
vt 5.000000 17.000000
vt 4.000000 20.250000
vt 4.000000 19.250000
vt 4.000000 22.000000
vt 4.000000 18.500000
vt 4.000000 17.500000
vt 5.000000 2.500000
vt 4.000000 2.500000
vt -4.250000 2.500000
vt -4.000000 4.000000
vt -34.750000 6.000000
vt -35.250000 7.000000
vt -35.250000 6.000000
vt 8.750000 7.000000
vt 9.250000 6.000000
vt 9.250000 7.000000
vt 35.250000 6.000000
vt 34.750000 7.000000
vt 34.750000 6.000000
vt 17.625000 3.000000
vt 17.375000 2.500000
vt 17.750000 2.500000
vt 4.750000 4.000000
vt 4.625000 3.500000
vt 4.625000 4.000000
vt 17.375000 -4.000000
vt 17.625000 -3.500000
vt 17.750000 -4.000000
vt -4.625000 2.500000
vt -4.625000 3.000000
vt -4.750000 2.500000
vt -8.750000 7.000000
vt -4.375000 2.500000
vt 4.375000 3.500000
vt 4.375000 4.000000
vt 4.625000 3.000000
vt 4.375000 2.500000
vt 4.750000 2.500000
vt 17.375000 3.000000
vt 17.250000 2.500000
vt -4.375000 4.000000
vt -4.625000 3.500000
vt -4.750000 4.000000
vt 17.250000 -4.000000
vt 17.375000 -3.500000
vt -17.375000 3.000000
vt -17.750000 2.500000
vt 4.375000 3.000000
vt 4.250000 2.500000
vt -4.375000 3.000000
vt -17.625000 -3.500000
vt -17.250000 -4.000000
vt -17.750000 -4.000000
vt -4.375000 3.500000
vt 4.250000 4.000000
vt -4.000000 1.375000
vt -5.000000 1.500000
vt -5.000000 1.375000
vt -4.000000 0.875000
vt -5.000000 1.000000
vt -5.000000 0.875000
vt -4.000000 0.625000
vt -5.000000 0.750000
vt -5.000000 0.625000
vt -4.000000 0.500000
vt -5.000000 0.500000
vt 4.000000 2.000000
vt 5.000000 0.500000
vt 4.000000 0.750000
vt 4.000000 0.500000
vt 5.000000 23.875000
vt 4.000000 23.750000
vt 5.000000 23.750000
vt 5.000000 23.625000
vt 4.000000 23.625000
vt -4.000000 0.750000
vt 4.000000 23.500000
vt 5.000000 23.500000
vt 5.000000 23.375000
vt 4.000000 23.375000
vt -4.000000 1.125000
vt -5.000000 1.250000
vt -5.000000 1.125000
vt -4.000000 1.000000
vt 4.000000 23.250000
vt 5.000000 23.250000
vt 5.000000 23.125000
vt 4.000000 23.125000
vt -4.000000 1.250000
vt -5.000000 2.500000
vt -5.000000 2.375000
vt -4.000000 2.375000
vt 5.000000 22.875000
vt 4.000000 22.875000
vt -4.000000 1.875000
vt -5.000000 2.000000
vt -5.000000 1.875000
vt -4.000000 1.625000
vt -5.000000 1.750000
vt -5.000000 1.625000
vt -4.000000 1.500000
vt 4.000000 22.750000
vt 5.000000 22.750000
vt 5.000000 22.625000
vt 4.000000 22.625000
vt -4.000000 1.750000
vt 4.000000 22.500000
vt 5.000000 22.500000
vt 5.000000 22.375000
vt 4.000000 22.375000
vt -4.000000 2.125000
vt -5.000000 2.250000
vt -5.000000 2.125000
vt -4.000000 2.000000
vt 4.000000 22.250000
vt 5.000000 22.250000
vt 5.000000 22.125000
vt 4.000000 22.125000
vt -4.000000 2.250000
vt 5.000000 22.000000
vt -2.000000 2.500000
vt -2.000000 2.750000
vt -2.250000 2.750000
vt -2.250000 2.875000
vt -2.000000 2.875000
vt -2.750000 2.625000
vt -2.500000 2.500000
vt -2.500000 2.625000
vt -1.000000 3.000000
vt -1.000000 3.250000
vt -1.250000 3.250000
vt -1.250000 3.375000
vt -1.000000 3.375000
vt -1.750000 3.125000
vt -1.500000 3.000000
vt -1.500000 3.125000
vt 0.000000 3.500000
vt 0.000000 3.750000
vt -0.250000 3.750000
vt -0.250000 3.875000
vt 0.000000 3.875000
vt -0.750000 3.625000
vt -0.500000 3.500000
vt -0.500000 3.625000
vt -0.250000 3.000000
vt -0.250000 2.500000
vt 0.500000 2.500000
vt 1.500000 2.500000
vt 1.500000 3.000000
vt 0.750000 3.000000
vt -1.250000 2.500000
vt -2.000000 3.000000
vt 2.750000 2.500000
vt 3.000000 2.500000
vt 3.000000 3.000000
vt 2.250000 2.500000
vt 2.500000 3.000000
vt 0.750000 3.500000
vt 2.500000 3.500000
vt 1.750000 3.500000
vt -1.000000 3.500000
vt 3.000000 3.500000
vt 1.250000 4.000000
vt 1.750000 4.000000
vt 3.000000 4.000000
vt 2.750000 4.000000
vt -3.000000 2.000000
vt 3.750000 25.875000
vt 3.750000 25.750000
vt 3.750000 26.500000
vt 3.750000 26.250000
vt 3.625000 26.250000
vt 3.250000 26.500000
vt 3.250000 26.250000
vt 3.375000 26.250000
vt 3.375000 25.750000
vt 3.250000 25.750000
vt 3.250000 24.750000
vt -2.750000 25.875000
vt -2.375000 25.750000
vt 2.000000 24.000000
vt -2.250000 24.625000
vt -2.625000 24.250000
vt -2.750000 24.250000
vt -2.375000 24.250000
vt -2.750000 24.625000
vt 1.250000 2.500000
vt -0.500000 2.500000
vt -2.000000 4.000000
vt -2.750000 4.000000
vt -3.000000 2.500000
vt -2.750000 2.500000
vt 3.750000 2.500000
vt 3.250000 2.500000
vt 24.750000 4.000000
vt 24.000000 3.500000
vt 24.000000 3.000000
vt 24.750000 2.500000
vt 25.750000 2.500000
vt 26.500000 4.000000
vt 25.750000 4.000000
vt 4.750000 7.000000
vt 5.250000 6.000000
vt 5.250000 7.000000
vt 2.375000 3.000000
vt 2.625000 3.000000
vt -2.250000 4.000000
vt -2.625000 3.500000
vt 51.750000 7.000000
vt 52.250000 6.000000
vt 52.250000 7.000000
vt 26.125000 3.000000
vt 25.875000 3.000000
vt 26.250000 -4.000000
vt 25.875000 -3.500000
vt 26.125000 -3.500000
vt -51.750000 6.000000
vt -52.250000 7.000000
vt -52.250000 6.000000
vt 6.750000 7.000000
vt 7.250000 6.000000
vt 7.250000 7.000000
vt 51.750000 6.000000
vt 25.875000 2.500000
vt 26.250000 2.500000
vt 3.750000 4.000000
vt 3.625000 3.500000
vt 3.625000 4.000000
vt 25.875000 -4.000000
vt -3.625000 2.500000
vt -3.625000 3.000000
vt -3.750000 2.500000
vt -3.375000 2.500000
vt 3.375000 3.500000
vt 3.375000 4.000000
vt -6.750000 7.000000
vt -6.750000 6.000000
vt 3.625000 3.000000
vt 3.375000 2.500000
vt -3.375000 4.000000
vt -3.625000 3.500000
vt -3.750000 4.000000
vt 25.750000 -4.000000
vt -25.875000 3.000000
vt -26.250000 2.500000
vt 3.375000 3.000000
vt -3.250000 2.500000
vt -3.375000 3.000000
vt -26.125000 -3.500000
vt -25.750000 -4.000000
vt -26.250000 -4.000000
vt -3.375000 3.500000
vt 2.375000 4.000000
vt 2.375000 3.500000
vt -2.375000 3.500000
vt -2.375000 4.000000
vt -2.250000 2.500000
vt -2.375000 3.000000
vt -2.375000 2.500000
vt 2.375000 2.500000
vt -4.750000 6.000000
vt -5.250000 7.000000
vt -5.250000 6.000000
vt 4.750000 6.000000
vt 2.625000 2.500000
vt -2.625000 4.000000
vt -25.875000 2.500000
vt -26.125000 3.000000
vt -25.875000 -4.000000
vt -2.625000 3.000000
vt -25.875000 -3.500000
vt 2.625000 3.500000
vt -24.750000 -4.000000
vt -24.625000 -3.500000
vt -24.625000 -4.000000
vt 24.625000 -4.000000
vt 24.625000 -3.500000
vt 24.750000 -4.000000
vt -24.625000 3.000000
vt -24.625000 2.500000
vt 24.625000 3.000000
vt 24.625000 2.500000
vt -49.250000 7.000000
vt -48.750000 6.000000
vt -48.750000 7.000000
vt 49.250000 6.000000
vt 48.750000 7.000000
vt 48.750000 6.000000
vt 24.375000 3.000000
vt 24.375000 -3.500000
vt 24.250000 -4.000000
vt -4.750000 7.000000
vt -2.625000 2.500000
vt 2.625000 4.000000
vt -24.375000 3.000000
vt -24.250000 2.500000
vt -24.375000 -3.500000
vt -24.250000 -4.000000
vt 0.500000 2.000000
vt 0.500000 0.500000
vt 1.250000 0.500000
vt -1.250000 2.000000
vt -1.250000 0.500000
vt -0.500000 0.500000
vt -2.250000 0.500000
vt -2.750000 2.000000
vt -3.000000 0.500000
vt -2.750000 0.500000
vt 2.250000 2.000000
vt 2.250000 0.500000
vt 3.000000 0.500000
vt 25.750000 0.500000
vt 25.750000 2.000000
vt 24.750000 2.000000
vt 26.500000 2.000000
vt -51.750000 3.000000
vt -52.250000 2.000000
vt -51.750000 2.000000
vt -5.250000 3.000000
vt -4.750000 2.000000
vt -4.750000 3.000000
vt 51.750000 3.000000
vt 52.250000 2.000000
vt 52.250000 3.000000
vt 26.125000 1.000000
vt 25.875000 0.500000
vt 26.250000 0.500000
vt -2.250000 2.000000
vt -2.375000 1.500000
vt -2.375000 2.000000
vt 25.875000 -2.000000
vt 26.125000 -1.500000
vt 26.250000 -2.000000
vt 2.375000 0.500000
vt 2.375000 1.000000
vt 4.750000 3.000000
vt 5.250000 2.000000
vt 5.250000 3.000000
vt 2.625000 0.500000
vt -2.625000 1.500000
vt -2.625000 2.000000
vt -2.375000 1.000000
vt -2.625000 0.500000
vt 25.875000 1.000000
vt 2.625000 2.000000
vt 2.375000 1.500000
vt 25.750000 -2.000000
vt 25.875000 -1.500000
vt -25.875000 1.000000
vt -26.250000 0.500000
vt -25.750000 0.500000
vt -2.625000 1.000000
vt 2.750000 0.500000
vt 2.625000 1.000000
vt -26.125000 -1.500000
vt -25.750000 -2.000000
vt -26.250000 -2.000000
vt 2.750000 2.000000
vt 2.625000 1.500000
vt 2.500000 2.500000
vt 2.500000 2.625000
vt 2.500000 2.750000
vt 2.250000 2.750000
vt 2.000000 2.875000
vt 2.250000 2.875000
vt 2.750000 2.625000
vt 1.500000 3.125000
vt 1.500000 3.250000
vt 1.250000 3.250000
vt 1.000000 3.375000
vt 1.250000 3.375000
vt 1.750000 3.000000
vt 1.750000 3.125000
vt 0.500000 3.625000
vt 0.500000 3.750000
vt 0.250000 3.750000
vt 0.250000 3.875000
vt 0.750000 3.625000
vt 2.000000 2.500000
vt 1.250000 2.000000
vt -0.500000 2.000000
vt -3.000000 2.250000
vt 3.000000 2.000000
vt 0.500000 3.000000
vt -1.250000 3.000000
vt -3.000000 3.000000
vt 1.000000 3.000000
vt 2.000000 2.750000
vt 0.500000 3.500000
vt -3.000000 3.500000
vt 1.000000 3.250000
vt 1.000000 3.500000
vt -1.250000 3.500000
vt -0.750000 4.000000
vt 1.750000 23.000000
vt 1.000000 24.000000
vt 24.000000 3.875000
vt 23.000000 3.750000
vt 24.000000 3.625000
vt 24.000000 3.750000
vt 23.000000 3.625000
vt 23.000000 3.875000
vt 24.000000 3.375000
vt 23.000000 3.500000
vt 23.000000 3.375000
vt 24.000000 3.125000
vt 23.000000 3.250000
vt 23.000000 3.125000
vt 23.000000 3.000000
vt 1.500000 24.000000
vt 24.000000 3.250000
vt 24.000000 2.875000
vt 23.000000 2.875000
vt 24.000000 2.625000
vt 23.000000 2.750000
vt 23.000000 2.625000
vt 24.000000 2.500000
vt 2.500000 23.000000
vt 24.000000 2.750000
vt 24.000000 0.500000
vt 23.000000 2.000000
vt 23.000000 0.500000
vt -3.000000 23.250000
vt -2.750000 23.375000
vt 1.250000 23.750000
vt 1.250000 23.250000
vt 0.500000 23.750000
vt -0.500000 23.750000
vt -1.250000 23.250000
vt -1.250000 23.750000
vt 2.250000 23.375000
vt -2.375000 23.250000
vt -2.250000 23.000000
vt 2.625000 23.250000
vt -23.750000 2.000000
vt -24.000000 0.500000
vt -23.250000 0.500000
vt -23.000000 0.500000
vt -23.000000 0.750000
vt -47.250000 2.000000
vt -46.750000 3.000000
vt -47.250000 3.000000
vt 47.250000 2.000000
vt 46.750000 3.000000
vt 46.750000 2.000000
vt 23.625000 1.000000
vt 23.375000 0.500000
vt 23.750000 0.500000
vt 23.375000 -2.000000
vt 23.625000 -1.500000
vt 23.750000 -2.000000
vt -2.375000 0.500000
vt 2.375000 2.000000
vt 23.375000 1.000000
vt 23.250000 0.500000
vt 23.250000 -2.000000
vt 23.375000 -1.500000
vt -23.625000 1.000000
vt -23.750000 -2.000000
vt -23.375000 -1.500000
vt -23.250000 -2.000000
vt -46.750000 2.000000
vt -23.750000 0.500000
vt -23.625000 -1.500000
vt -21.000000 4.000000
vt -21.250000 1.000000
vt -21.250000 0.500000
vt -21.000000 0.500000
vt -21.250000 1.500000
vt -21.750000 0.500000
vt -21.750000 1.000000
vt -170.000000 8.000000
vt -174.000000 12.000000
vt -174.000000 8.000000
vt -21.750000 4.000000
vt -21.750000 2.250000
vt -21.750000 1.500000
vt -22.000000 2.250000
vt -22.000000 4.000000
vt -22.000000 0.500000
vt 1.000000 4.000000
vt 1.250000 2.250000
vt 1.000000 2.250000
vt 1.250000 1.500000
vt 1.000000 0.500000
vt 1.750000 1.000000
vt 1.250000 1.000000
vt 14.000000 8.000000
vt 10.000000 12.000000
vt 10.000000 8.000000
vt 1.750000 2.250000
vt 1.750000 1.500000
vt 2.000000 4.000000
vt 1.750000 0.500000
vt 2.000000 0.500000
vt 2.000000 2.250000
vt -21.000000 0.750000
vt -21.000000 2.500000
vt -23.000000 2.500000
vt -23.000000 2.000000
vt -21.250000 0.750000
vt 3.000000 21.000000
vt -1.000000 2.250000
vt -1.000000 0.500000
vt -2.000000 2.250000
vt -2.000000 0.500000
vt 21.000000 4.000000
vt 22.000000 2.250000
vt 22.000000 4.000000
vt 21.000000 2.250000
vt 22.000000 0.500000
vt -1.250000 0.750000
vt -1.000000 0.750000
vt -3.000000 0.750000
vt -1.500000 0.500000
vt -17.500000 2.500000
vt -17.000000 0.750000
vt -17.000000 2.500000
vt -19.250000 0.750000
vt -17.500000 0.750000
vt -19.250000 2.500000
vt -19.250000 0.500000
vt -18.500000 0.500000
vt -20.250000 0.500000
vt -17.000000 0.500000
vt 22.250000 4.000000
vt 18.750000 2.250000
vt 18.750000 4.000000
vt 18.000000 4.000000
vt 20.500000 2.250000
vt 20.500000 4.000000
vt 19.500000 4.000000
vt 21.250000 4.000000
vt 20.500000 0.500000
vt 21.250000 0.500000
vt 18.750000 0.500000
vt 19.500000 0.500000
vt 17.000000 2.250000
vt 17.000000 0.500000
vt 17.750000 0.500000
vt 22.250000 0.500000
vt -1.000000 1.000000
vt -2.000000 1.000000
vt -2.000000 2.000000
vt -4.000000 3.000000
vt -1.000000 1.500000
vt -2.000000 1.500000
vt -19.000000 0.500000
vt -18.000000 1.000000
vt -19.000000 1.000000
vt -36.000000 2.000000
vt -38.000000 3.000000
vt -38.000000 2.000000
vt -18.000000 2.250000
vt -19.000000 4.000000
vt -19.000000 2.250000
vt -18.000000 1.500000
vt -19.000000 1.500000
vt 18.000000 1.000000
vt 18.000000 0.500000
vt 18.500000 0.500000
vt 38.000000 2.000000
vt 36.000000 3.000000
vt 36.000000 2.000000
vt 19.000000 2.250000
vt 18.000000 2.250000
vt 19.000000 1.500000
vt 18.000000 1.500000
vt 1.000000 1.000000
vt 2.000000 1.000000
vt 2.000000 3.000000
vt 4.000000 3.000000
vt 2.000000 1.500000
vt 2.500000 2.250000
vt 2.500000 4.000000
vt 0.750000 4.000000
vt -1.000000 2.500000
vt 0.750000 2.250000
vt 0.750000 0.500000
vt 0.250000 0.500000
vt 3.000000 2.250000
vt 8.750000 5.250000
vt 8.500000 5.125000
vt 8.750000 5.125000
vt 10.250000 5.125000
vt 10.250000 5.250000
vt 17.375000 3.375000
vt 17.000000 3.500000
vt 17.000000 3.375000
vt 17.625000 3.375000
vt 18.750000 3.375000
vt 17.750000 3.500000
vt 19.500000 3.500000
vt 18.750000 3.500000
vt 13.000000 4.625000
vt 13.000000 4.750000
vt -10.500000 4.250000
vt -10.000000 4.750000
vt -10.500000 4.750000
vt -8.750000 4.250000
vt -8.750000 4.750000
vt -9.000000 4.750000
vt -8.500000 4.750000
vt 10.250000 4.125000
vt 9.250000 4.125000
vt 10.500000 4.250000
vt 11.000000 4.125000
vt 10.500000 4.125000
vt 8.750000 4.250000
vt 8.500000 4.125000
vt 8.500000 4.250000
vt 11.500000 4.125000
vt 8.500000 4.000000
vt 10.500000 4.000000
vt 10.250000 4.000000
vt 12.500000 4.125000
vt 12.000000 3.750000
vt 12.250000 3.625000
vt 12.500000 3.500000
vt 12.750000 3.375000
vt 13.250000 4.625000
vt 13.250000 4.500000
vt 13.250000 3.125000
vt 13.500000 4.500000
vt 13.500000 4.375000
vt 13.500000 3.000000
vt 13.750000 4.375000
vt 13.750000 2.875000
vt 14.250000 4.125000
vt 14.500000 4.000000
vt 14.750000 3.875000
vt 15.750000 3.250000
vt 16.000000 2.250000
vt 15.750000 2.250000
vt 15.500000 2.625000
vt -15.375000 2.625000
vt -15.375000 2.875000
vt -15.250000 3.500000
vt -15.500000 3.500000
vt -15.500000 2.250000
vt -15.000000 2.250000
vt -15.000000 2.375000
vt -15.000000 2.500000
vt -15.000000 2.625000
vt -15.125000 2.625000
vt -30.750000 5.750000
vt -30.250000 5.250000
vt -30.250000 5.750000
vt -15.000000 2.875000
vt -15.125000 2.875000
vt -15.000000 3.000000
vt -15.250000 3.000000
vt -15.000000 3.625000
vt -15.250000 3.625000
vt -24.750000 2.250000
vt -26.000000 2.500000
vt -20.750000 2.500000
vt -20.000000 2.500000
vt -21.875000 2.625000
vt -22.250000 2.625000
vt -20.750000 2.625000
vt -21.125000 2.625000
vt -24.125000 2.625000
vt -23.375000 2.625000
vt -22.500000 2.625000
vt -23.000000 2.625000
vt -25.250000 2.625000
vt -25.625000 2.625000
vt -24.250000 2.625000
vt -24.500000 2.625000
vt -20.000000 2.625000
vt -50.500000 5.750000
vt -51.250000 5.250000
vt -50.500000 5.250000
vt -49.000000 5.750000
vt -49.000000 5.250000
vt -48.500000 5.250000
vt -46.000000 5.750000
vt -46.750000 5.250000
vt -46.000000 5.250000
vt -43.750000 5.750000
vt -44.500000 5.250000
vt -43.750000 5.250000
vt -41.500000 5.750000
vt -42.250000 5.250000
vt -41.500000 5.250000
vt -26.000000 2.625000
vt -25.625000 2.875000
vt -25.250000 3.000000
vt -25.250000 2.875000
vt -24.500000 2.875000
vt -24.125000 2.875000
vt -24.125000 3.000000
vt -24.250000 3.000000
vt -23.375000 2.875000
vt -23.000000 3.000000
vt -23.000000 2.875000
vt -22.500000 3.000000
vt -22.250000 2.875000
vt -22.250000 3.000000
vt -21.875000 3.000000
vt -21.875000 2.875000
vt -21.125000 2.875000
vt -20.750000 3.000000
vt -20.750000 2.875000
vt -20.000000 3.000000
vt -26.000000 3.000000
vt -26.000000 3.250000
vt -26.500000 3.250000
vt -22.500000 3.250000
vt -20.750000 3.250000
vt -21.125000 3.000000
vt -24.250000 3.250000
vt -23.375000 3.000000
vt -25.625000 3.000000
vt -24.500000 3.000000
vt -20.000000 3.250000
vt -7.500000 8.500000
vt -8.500000 8.500000
vt -8.500000 8.250000
vt -11.500000 8.500000
vt -11.500000 8.000000
vt -11.000000 8.000000
vt 17.625000 9.750000
vt 17.750000 9.750000
vt 17.750000 10.000000
vt 16.000000 10.000000
vt 16.000000 9.750000
vt 16.625000 9.750000
vt 17.875000 9.750000
vt 18.875000 9.750000
vt 16.000000 8.750000
vt 16.625000 8.750000
vt 17.750000 8.750000
vt 17.875000 8.750000
vt 19.500000 8.750000
vt 18.875000 8.750000
vt 17.625000 8.500000
vt 17.625000 8.750000
vt 16.000000 8.500000
vt 16.625000 8.500000
vt 18.875000 8.500000
vt 17.750000 8.500000
vt 17.875000 8.500000
vt 16.000000 8.250000
vt 17.875000 8.000000
vt 18.875000 8.000000
vt 19.500000 8.500000
vt 11.500000 9.250000
vt 11.500000 9.500000
vt 11.000000 9.250000
vt 11.500000 10.500000
vt 11.000000 11.000000
vt 11.500000 10.000000
vt 9.250000 9.250000
vt 7.500000 9.500000
vt 7.500000 9.250000
vt 7.500000 10.000000
vt 9.250000 8.000000
vt 11.000000 8.000000
vt 7.500000 8.500000
vt 7.500000 8.000000
vt 11.500000 9.000000
vt 11.500000 8.000000
vt 11.500000 8.500000
vt 10.500000 5.500000
vt 10.500000 4.875000
vt 11.000000 4.875000
vt 10.000000 7.250000
vt 10.000000 5.500000
vt 9.500000 7.250000
vt 9.500000 5.500000
vt 9.500000 4.625000
vt 10.000000 4.625000
vt 9.000000 4.500000
vt 9.500000 4.500000
vt 9.000000 5.500000
vt 8.500000 7.250000
vt 8.500000 5.500000
vt 8.500000 4.375000
vt 9.000000 4.375000
vt 8.000000 7.250000
vt 8.000000 5.500000
vt 8.000000 5.250000
vt 8.000000 4.750000
vt 9.000000 7.250000
vt 8.750000 4.750000
vt 8.500000 4.625000
vt 8.750000 4.625000
vt 10.250000 4.625000
vt 10.250000 4.750000
vt -8.500000 4.375000
vt -7.500000 4.500000
vt -8.500000 4.500000
vt -11.500000 4.500000
vt -10.500000 4.375000
vt -10.500000 4.500000
vt -7.500000 4.625000
vt -8.000000 4.625000
vt -11.500000 4.625000
vt -10.500000 4.625000
vt -9.750000 4.750000
vt -8.000000 4.750000
vt -7.500000 4.750000
vt -7.500000 4.875000
vt -8.000000 11.000000
vt -8.000000 10.500000
vt -9.750000 10.500000
vt -9.750000 11.000000
vt -10.500000 11.000000
vt -7.500000 10.500000
vt -9.750000 4.625000
vt -9.750000 10.000000
vt -8.000000 10.000000
vt -11.500000 10.000000
vt -7.500000 10.000000
vt -9.750000 9.500000
vt -8.750000 9.500000
vt -8.500000 9.500000
vt -11.500000 9.500000
vt -10.500000 9.500000
vt -8.000000 9.500000
vt -7.500000 9.500000
vt -8.500000 9.000000
vt -7.500000 9.000000
vt -11.500000 9.000000
vt -10.500000 9.000000
vt -9.500000 4.625000
vt -9.000000 4.500000
vt -9.000000 4.625000
vt 9.000000 4.625000
vt -8.750000 9.000000
vt -10.250000 9.000000
vt 8.750000 5.000000
vt 8.500000 4.875000
vt 8.750000 4.875000
vt 10.250000 4.875000
vt 10.500000 5.000000
vt 10.250000 5.000000
vt -8.500000 4.250000
vt -7.500000 4.375000
vt -11.500000 4.375000
vt -8.500000 8.750000
vt -10.500000 8.500000
vt -10.500000 8.750000
vt -9.000000 4.375000
vt -8.750000 4.375000
vt 8.750000 4.375000
vt -10.250000 8.750000
vt -8.750000 8.750000
vt -10.250000 8.500000
vt -8.750000 8.500000
vt 8.500000 5.000000
vt 10.500000 5.125000
vt -8.250000 4.250000
vt -8.250000 5.000000
vt 8.250000 4.250000
vt 8.250000 5.000000
vt -10.500000 8.250000
vt -10.250000 8.250000
vt -8.750000 8.250000
vt -8.000000 5.125000
vt -8.250000 5.125000
vt 8.000000 5.125000
vt 8.250000 5.125000
vt -10.500000 8.000000
vt -10.250000 8.000000
vt -8.750000 8.000000
vt -19.000000 9.625000
vt -18.375000 9.750000
vt -19.000000 9.750000
vt -18.125000 9.750000
vt -18.375000 9.625000
vt -17.375000 9.625000
vt -17.375000 9.375000
vt -17.125000 9.375000
vt -17.375000 9.125000
vt -17.125000 9.125000
vt -17.375000 8.750000
vt -17.125000 9.000000
vt -17.375000 9.000000
vt -17.375000 8.250000
vt -17.500000 8.000000
vt -17.375000 8.000000
vt -17.500000 8.375000
vt -17.500000 8.625000
vt -17.625000 8.625000
vt -17.625000 8.000000
vt -17.500000 8.250000
vt 0.000289 0.000178
vt 0.000289 0.000171
vt 0.000295 0.000171
vt 0.000295 0.000167
vt 0.000309 0.000153
vt 0.000307 0.000149
vt 0.000309 0.000149
vt 16.000000 8.625000
vt 17.000000 8.625000
vt 17.000000 9.125000
vt 17.125000 9.000000
vt 17.125000 9.125000
vt 0.000307 0.000162
vt 0.000307 0.000167
vt 17.375000 8.375000
vt 17.125000 8.375000
vt 17.375000 8.250000
vt 17.000000 8.375000
vt 0.000343 0.000178
vt 0.000343 0.000176
vt 0.000349 0.000176
vt 18.125000 9.500000
vt 18.000000 9.375000
vt 18.125000 9.375000
vt 0.000307 0.000176
vt 0.000307 0.000173
vt 0.000311 0.000173
vt 0.000343 0.000171
vt 0.000349 0.000169
vt 0.000349 0.000171
vt 19.375000 9.500000
vt 19.500000 9.375000
vt 19.500000 9.500000
vt 18.375000 9.500000
vt 18.375000 9.375000
vt 18.500000 9.375000
vt 19.000000 9.500000
vt 0.000352 0.000173
vt 0.000352 0.000176
vt 17.500000 8.625000
vt 17.375000 8.750000
vt 17.375000 8.625000
vt 0.000325 0.000162
vt 0.000331 0.000160
vt 0.000331 0.000162
vt 17.375000 9.000000
vt 18.000000 9.125000
vt 17.375000 9.125000
vt 0.000334 0.000167
vt 0.000331 0.000167
vt -8.625000 3.500000
vt -8.375000 3.500000
vt -10.000000 3.500000
vt -9.000000 3.500000
vt -8.750000 3.500000
vt -8.250000 3.500000
vt -8.000000 3.500000
vt -9.000000 3.375000
vt -8.625000 3.375000
vt -8.000000 3.375000
vt -8.250000 3.375000
vt -16.000000 8.250000
vt -16.000000 8.375000
vt -17.000000 8.375000
vt -0.000307 0.000153
vt -0.000316 0.000149
vt -0.000307 0.000149
vt -17.500000 8.750000
vt -17.000000 8.625000
vt -0.000334 0.000160
vt -0.000325 0.000160
vt -0.000325 0.000162
vt -17.000000 9.125000
vt -18.000000 9.000000
vt -17.000000 9.000000
vt -19.000000 9.500000
vt -19.500000 9.500000
vt -19.500000 9.375000
vt -18.500000 9.375000
vt -0.000343 0.000176
vt -0.000343 0.000178
vt -0.000352 0.000178
vt -0.000352 0.000173
vt -0.000343 0.000169
vt -0.000343 0.000173
vt -0.000311 0.000173
vt -0.000311 0.000176
vt -0.000338 0.000176
vt -0.000307 0.000173
vt -0.000307 0.000176
vt -0.000307 0.000178
vt -0.000289 0.000178
vt -0.000307 0.000162
vt -0.000307 0.000160
vt -0.000289 0.000160
vt 8.000000 3.500000
vt 9.375000 3.500000
vt 9.500000 3.500000
vt 9.750000 3.500000
vt 10.000000 3.500000
vt 10.000000 4.125000
vt 37.750000 17.000000
vt 35.750000 16.000000
vt 37.750000 16.000000
vt 35.250000 17.000000
vt 33.250000 16.000000
vt 35.250000 16.000000
vt 37.750000 19.500000
vt 35.750000 17.500000
vt 37.750000 17.500000
vt 35.250000 19.500000
vt 33.250000 17.500000
vt 35.250000 17.500000
vt 37.750000 8.500000
vt 35.750000 8.250000
vt 37.750000 8.250000
vt 35.250000 8.500000
vt 33.250000 8.250000
vt 35.250000 8.250000
vt -19.500000 4.125000
vt -17.750000 4.125000
vt -16.000000 4.125000
vt -37.750000 8.250000
vt -35.750000 8.500000
vt -37.750000 8.500000
vt -35.250000 8.250000
vt -33.250000 8.500000
vt -35.250000 8.500000
vt -19.500000 8.500000
vt -17.500000 8.500000
vt 17.500000 8.500000
vt 19.500000 8.250000
vt 17.000000 8.250000
vt 17.000000 8.500000
vt -17.000000 8.500000
vt -16.000000 8.500000
vt -19.000000 3.500000
vt 9.375000 3.375000
vt 8.000000 3.375000
vt -0.000307 0.000060
vt -0.000289 0.000062
vt -0.000307 0.000062
vt -0.000334 0.000062
vt -0.000334 0.000060
vt -0.000331 0.000060
vt -17.125000 3.375000
vt -17.250000 3.375000
vt -17.250000 3.500000
vt -19.000000 3.375000
vt -0.000180 0.000062
vt -0.000178 0.000060
vt -0.000178 0.000062
vt -0.000169 0.000060
vt -0.000165 0.000060
vt -0.000165 0.000062
vt -0.000176 0.000062
vt -18.500000 3.375000
vt -18.500000 3.500000
vt 19.000000 3.500000
vt 18.375000 3.375000
vt 19.000000 3.375000
vt 18.000000 3.500000
vt -0.000343 0.000060
vt -0.000343 0.000062
vt -0.000327 0.000060
vt -0.000311 0.000060
vt -0.000311 0.000062
vt 0.000178 0.000062
vt 0.000180 0.000060
vt 0.000180 0.000062
vt 0.000338 0.000062
vt 0.000327 0.000060
vt 0.000338 0.000060
vt 0.000311 0.000062
vt 0.000343 0.000060
vt 0.000343 0.000062
vt 0.000171 0.000062
vt 0.000171 0.000060
vt 0.000174 0.000060
vt 9.500000 3.375000
vt 0.000165 0.000062
vt 0.000169 0.000060
vt 0.000169 0.000062
vt 18.000000 3.375000
vt -0.000169 0.000062
vt -0.000162 0.000060
vt -0.000162 0.000062
vt -8.375000 3.375000
vt -0.000156 0.000060
vt -0.000151 0.000062
vt -0.000156 0.000062
vt -8.750000 3.375000
vt 17.500000 3.375000
vt 17.500000 3.500000
vt 16.000000 3.500000
vt 16.000000 3.375000
vt 17.125000 3.375000
vt 0.000151 0.000062
vt 0.000156 0.000060
vt 0.000156 0.000062
vt -17.500000 3.500000
vt -17.500000 3.375000
vt 8.375000 3.250000
vt 8.375000 3.375000
vt 8.250000 3.375000
vt -9.375000 3.375000
vt -9.625000 3.250000
vt -9.375000 3.250000
vt -9.125000 3.375000
vt -9.125000 3.250000
vt -8.625000 3.250000
vt 17.375000 9.375000
vt 17.125000 9.375000
vt 16.375000 9.625000
vt 16.375000 9.375000
vt -16.375000 3.250000
vt -16.375000 3.375000
vt 17.375000 3.250000
vt -17.375000 3.250000
vt -10.000000 3.375000
vt -9.625000 3.375000
vt 9.625000 3.250000
vt 9.625000 3.375000
vt -17.125000 3.250000
vt 9.125000 3.375000
vt 9.375000 3.250000
vt 8.750000 3.375000
vt 8.625000 3.375000
vt -8.375000 3.250000
vt -8.250000 3.250000
vt -17.375000 2.250000
vt -17.375000 10.000000
vt -16.000000 8.000000
vt -10.000000 3.250000
vt -10.000000 2.250000
vt -8.250000 2.250000
vt -8.000000 3.250000
vt 9.750000 3.375000
vt 9.750000 2.250000
vt 8.000000 3.250000
vt 8.000000 2.500000
vt 8.250000 2.250000
vt 10.000000 2.250000
vt 10.000000 3.250000
vt 17.625000 8.625000
vt 18.375000 9.125000
vt 19.375000 9.875000
vt 18.375000 9.625000
vt 19.375000 9.625000
vt 18.125000 3.250000
vt 18.125000 3.375000
vt 19.375000 3.250000
vt 19.375000 3.375000
vt 18.375000 3.250000
vt -9.500000 3.375000
vt 9.875000 3.250000
vt 9.875000 3.375000
vt -9.875000 3.375000
vt -18.375000 3.250000
vt -18.375000 3.375000
vt 17.625000 3.250000
vt -17.750000 8.250000
vt -17.750000 10.000000
vt -19.500000 10.000000
vt -19.500000 9.750000
vt -17.750000 8.000000
vt -19.500000 8.250000
vt -19.500000 8.000000
vt 13.750000 7.000000
vt 13.750000 8.000000
vt 16.625000 8.000000
vt 16.625000 7.500000
vt 17.625000 8.000000
vt 17.625000 7.500000
vt 18.875000 7.500000
vt 16.000000 7.000000
vt 17.750000 7.000000
vt 19.500000 7.000000
vt 17.875000 7.500000
vt 10.500000 7.000000
vt 7.500000 7.000000
vt 11.000000 7.000000
vt -7.000000 4.750000
vt -7.000000 4.625000
vt -13.000000 7.000000
vt -11.500000 7.000000
vt 10.000000 7.000000
vt 10.500000 8.000000
vt 10.000000 7.750000
vt 9.000000 7.000000
vt 20.000000 14.500000
vt 18.000000 15.500000
vt 18.000000 14.500000
vt 9.000000 8.000000
vt 9.000000 7.750000
vt 8.500000 7.000000
vt -8.500000 7.000000
vt -8.500000 8.000000
vt 7.000000 5.250000
vt 7.000000 7.250000
vt -7.000000 5.250000
vt -8.000000 5.250000
vt 7.000000 4.750000
vt -8.000000 4.375000
vt -7.000000 4.250000
vt -8.000000 4.500000
vt -7.000000 4.500000
vt -13.250000 7.000000
vt -13.000000 8.000000
vt -7.000000 4.375000
vt -13.500000 7.000000
vt -13.250000 8.000000
vt -13.750000 7.000000
vt -13.500000 8.000000
vt -8.000000 3.750000
vt -7.000000 3.875000
vt -7.000000 3.750000
vt -7.000000 2.375000
vt -8.000000 2.500000
vt -8.000000 2.375000
vt -7.000000 3.500000
vt -8.000000 3.625000
vt 8.000000 4.125000
vt 7.500000 4.125000
vt 7.000000 4.250000
vt 10.250000 8.000000
vt 10.250000 7.500000
vt 9.250000 7.500000
vt 10.500000 7.500000
vt 11.750000 7.000000
vt 11.500000 7.000000
vt 11.500000 7.500000
vt 9.750000 7.000000
vt 8.500000 7.500000
vt 8.000000 7.000000
vt 11.000000 7.500000
vt -11.500000 4.125000
vt -11.500000 4.000000
vt -8.500000 4.000000
vt -7.500000 4.125000
vt -8.500000 4.125000
vt -7.500000 8.000000
vt -8.000000 4.125000
vt 7.500000 4.000000
vt 8.000000 4.000000
vt 7.000000 3.875000
vt 8.000000 3.875000
vt 7.000000 3.750000
vt 8.000000 3.750000
vt 12.000000 8.000000
vt 12.000000 7.000000
vt 7.000000 3.625000
vt 8.000000 3.625000
vt 12.250000 8.000000
vt 12.250000 7.000000
vt 12.500000 8.000000
vt 12.500000 7.000000
vt -7.000000 4.125000
vt -7.000000 4.000000
vt -7.000000 2.625000
vt -8.000000 2.750000
vt -8.000000 2.625000
vt -7.000000 2.750000
vt -8.000000 2.875000
vt -7.000000 3.125000
vt -8.000000 3.125000
vt -7.000000 3.375000
vt 12.750000 8.000000
vt 12.750000 7.000000
vt -7.000000 3.250000
vt 13.000000 8.000000
vt 13.000000 7.000000
vt 13.250000 8.000000
vt 13.250000 7.000000
vt -7.000000 3.000000
vt -8.000000 3.000000
vt 13.500000 8.000000
vt 13.500000 7.000000
vt -7.000000 2.875000
vt 14.000000 7.000000
vt -14.250000 7.000000
vt -14.000000 8.000000
vt -14.000000 7.000000
vt 14.250000 8.000000
vt 14.250000 7.000000
vt -8.000000 3.875000
vt -7.000000 2.500000
vt -14.500000 7.000000
vt -14.250000 8.000000
vt 14.500000 8.000000
vt 14.500000 7.000000
vt -14.750000 7.000000
vt -14.500000 8.000000
vt 14.750000 8.000000
vt 14.750000 7.000000
vt -19.500000 7.000000
vt -19.250000 7.000000
vt -16.000000 7.000000
vt -17.750000 7.000000
vt -17.500000 7.000000
vt 15.750000 8.000000
vt 15.750000 7.000000
vt 15.500000 7.000000
vt 15.000000 8.000000
vt 15.500000 8.000000
vt 24.750000 8.000000
vt 24.750000 7.000000
vt 24.500000 7.000000
vt 23.000000 8.000000
vt 23.000000 7.000000
vt 22.750000 7.000000
vt 21.250000 8.000000
vt 21.250000 7.000000
vt 21.000000 7.000000
vt 26.500000 7.000000
vt 7.250000 3.500000
vt 7.000000 3.500000
vt 7.125000 3.500000
vt 7.625000 3.500000
vt 7.500000 3.500000
vt 7.625000 3.375000
vt 7.875000 3.500000
vt 7.250000 3.375000
vt 7.125000 3.375000
vt 7.000000 3.375000
vt 7.000000 3.250000
vt 7.875000 3.375000
vt -15.750000 8.000000
vt -15.500000 7.000000
vt -15.750000 7.000000
vt 0.000307 0.000125
vt 0.000313 0.000125
vt 0.000313 0.000131
vt 17.375000 8.000000
vt 17.000000 7.875000
vt 17.375000 7.875000
vt 0.000318 0.000131
vt 19.500000 7.125000
vt 18.000000 7.250000
vt 18.000000 7.125000
vt 18.000000 7.625000
vt 0.000325 0.000129
vt 0.000325 0.000125
vt 0.000325 0.000127
vt 0.000325 0.000136
vt 0.000325 0.000140
vt 0.000318 0.000140
vt 19.500000 7.875000
vt 19.500000 8.000000
vt 18.750000 8.000000
vt 17.625000 7.875000
vt 18.000000 7.875000
vt -18.000000 7.500000
vt -19.500000 7.625000
vt -18.000000 7.875000
vt -17.750000 7.875000
vt -18.750000 8.000000
vt -17.000000 7.875000
vt -17.000000 8.000000
vt -18.000000 7.125000
vt -19.500000 7.250000
vt -19.500000 7.125000
vt -0.000320 0.000140
vt -0.000325 0.000136
vt -0.000325 0.000133
vt -0.000325 0.000127
vt -0.000320 0.000125
vt -0.000325 0.000129
vt -15.500000 8.000000
vt -15.250000 7.000000
vt -7.000000 3.625000
vt -15.000000 7.000000
vt -14.750000 8.000000
vt -15.000000 8.000000
vt 35.750000 15.000000
vt 33.250000 15.000000
vt 15.000000 8.250000
vt -15.000000 8.500000
vt -0.000142 0.000060
vt -0.000138 0.000062
vt -0.000142 0.000062
vt -0.000135 0.000060
vt -0.000131 0.000062
vt -0.000135 0.000062
vt -0.000129 0.000060
vt -0.000126 0.000062
vt -0.000129 0.000062
vt 0.000142 0.000062
vt 0.000126 0.000060
vt 0.000142 0.000060
vt 19.500000 3.375000
vt 17.375000 7.375000
vt 17.625000 7.375000
vt -7.375000 3.250000
vt -7.375000 3.375000
vt -7.875000 3.375000
vt -8.000000 2.250000
vt 15.000000 7.000000
vt -7.000000 2.250000
vt -21.250000 7.000000
vt -22.500000 8.000000
vt -21.250000 8.000000
vt -22.750000 7.000000
vt -23.000000 7.000000
vt -24.250000 8.000000
vt -23.000000 8.000000
vt -24.500000 7.000000
vt -26.500000 7.000000
vt -26.500000 8.000000
vt -26.000000 8.000000
vt -20.000000 8.000000
vt -21.000000 7.000000
vt -20.750000 8.000000
vt 2.250000 -7.250000
vt 3.218750 -7.250000
vt 3.218750 -6.156250
vt 3.218750 -6.093750
vt 2.250000 -5.500000
vt 0.500000 -5.500000
vt 0.500000 -6.250000
vt 3.218750 -5.500000
vt 3.218750 -4.656250
vt 3.218750 -4.593750
vt 2.250000 -3.750000
vt 0.500000 -3.750000
vt 0.500000 -4.500000
vt 3.218750 -3.750000
vt 3.218750 -3.156250
vt 2.375000 -2.000000
vt 3.218750 -3.093750
vt 2.250000 -2.000000
vt 1.625000 -2.000000
vt 1.250000 -2.000000
vt 0.500000 -2.000000
vt 0.500000 -2.750000
vt 0.500000 -7.250000
vt 2.250000 -8.000000
vt 2.500000 -8.000000
vt 3.281250 -2.000000
vt 3.281250 -3.093750
vt 3.281250 -3.750000
vt 3.281250 -3.156250
vt 3.281250 -5.500000
vt 3.281250 -7.250000
vt 3.281250 -6.156250
vt 0.500000 -9.000000
vt 2.250000 -9.000000
vt 2.500000 -9.000000
vt 3.968750 -7.250000
vt 3.968750 -6.156250
vt 3.968750 -6.093750
vt 3.968750 -5.500000
vt 3.281250 -6.093750
vt 3.281250 -4.656250
vt 3.968750 -4.656250
vt 3.968750 -4.593750
vt 3.968750 -3.750000
vt 3.281250 -4.593750
vt 3.968750 -3.156250
vt 3.500000 -2.000000
vt 3.968750 -3.093750
vt 3.968750 -2.000000
vt 3.281250 -8.000000
vt 3.500000 -8.000000
vt 4.031250 -3.093750
vt 4.031250 -4.593750
vt 4.031250 -3.750000
vt 4.031250 -5.500000
vt 4.000000 -8.000000
vt 4.031250 -8.000000
vt 4.031250 -7.250000
vt 4.031250 -6.156250
vt 25.000000 2.000000
vt 25.500000 3.000000
vt 25.000000 3.000000
vt 25.500000 2.000000
vt 23.250000 2.000000
vt 23.750000 3.000000
vt 23.250000 3.000000
vt 23.750000 2.000000
vt 21.500000 2.000000
vt 22.000000 3.000000
vt 21.500000 3.000000
vt 22.000000 2.000000
vt 19.750000 2.000000
vt 20.250000 3.000000
vt 19.750000 3.000000
vt 20.250000 2.000000
vt 18.000000 2.000000
vt 18.500000 3.000000
vt 18.000000 3.000000
vt 18.500000 2.000000
vt 16.250000 2.000000
vt 16.750000 3.000000
vt 16.250000 3.000000
vt 16.750000 2.000000
vt 14.500000 2.000000
vt 14.500000 3.000000
vt 15.000000 2.000000
vt 12.750000 2.000000
vt 13.250000 3.000000
vt 12.750000 3.000000
vt 13.250000 2.000000
vt 11.000000 2.000000
vt 11.250000 3.000000
vt 11.000000 3.000000
vt 11.500000 2.000000
vt 11.500000 3.000000
vt 10.750000 3.000000
vt 10.250000 2.000000
vt 10.500000 3.000000
vt 8.250000 3.000000
vt 7.750000 3.000000
vt 7.500000 2.750000
vt 9.250000 2.000000
vt 9.250000 3.000000
vt 8.750000 3.000000
vt 7.500000 2.250000
vt 7.500000 2.000000
vt 8.500000 2.000000
vt 26.750000 2.000000
vt 27.250000 3.000000
vt 26.750000 3.000000
vt 27.250000 2.000000
vt 7.500000 0.250000
vt 7.500000 -0.000000
vt 8.500000 0.250000
vt 7.500000 -0.750000
vt 7.500000 -1.000000
vt 8.500000 -1.000000
vt 7.500000 -0.250000
vt 7.531250 -7.250000
vt 8.500000 -7.250000
vt 8.500000 -6.750000
vt 5.781250 -7.250000
vt 5.781250 -5.500000
vt 7.531250 -5.500000
vt 8.500000 -5.500000
vt 8.500000 -5.000000
vt 5.781250 -3.750000
vt 4.031250 -4.656250
vt 7.531250 -3.750000
vt 8.500000 -3.750000
vt 8.500000 -3.250000
vt 4.031250 -3.156250
vt 5.250000 -2.000000
vt 7.000000 -2.000000
vt 5.781250 -2.000000
vt 5.781250 -8.000000
vt 7.500000 -8.000000
vt 5.750000 -8.000000
vt 8.500000 -8.000000
vt 10.500000 -14.750000
vt 11.500000 -14.750000
vt 11.500000 -14.500000
vt 11.500000 -13.500000
vt 5.250000 -14.750000
vt 4.000000 -13.000000
vt 3.500000 -14.250000
vt 7.000000 -14.750000
vt 7.000000 -13.000000
vt 5.750000 -13.000000
vt 8.750000 -14.750000
vt 8.750000 -13.000000
vt 7.500000 -13.000000
vt 10.500000 -13.000000
vt 9.250000 -13.000000
vt 8.750000 -16.000000
vt 10.250000 -16.000000
vt 7.000000 -16.000000
vt 7.500000 -16.000000
vt 8.500000 -16.000000
vt 5.250000 -16.000000
vt 5.750000 -16.000000
vt 3.500000 -14.750000
vt 3.500000 -16.000000
vt 4.000000 -16.000000
vt 10.500000 -16.000000
vt 11.500000 -16.000000
vt 11.500000 -15.500000
vt 11.000000 -12.500000
vt 11.500000 -12.500000
vt 11.500000 -11.250000
vt 2.250000 -10.750000
vt 0.500000 -10.750000
vt 0.500000 -11.250000
vt 4.000000 -12.500000
vt 2.250000 -12.500000
vt 5.750000 -12.500000
vt 4.000000 -10.750000
vt 7.500000 -12.500000
vt 5.750000 -10.750000
vt 9.250000 -12.500000
vt 7.500000 -10.750000
vt 9.250000 -10.750000
vt 11.000000 -10.750000
vt 11.500000 -10.750000
vt 11.500000 -9.500000
vt 0.500000 -9.500000
vt 4.000000 -9.000000
vt 3.500000 -9.000000
vt 5.750000 -9.000000
vt 5.250000 -9.000000
vt 7.500000 -9.000000
vt 7.000000 -9.000000
vt 9.250000 -9.000000
vt 8.500000 -9.000000
vt 11.000000 -9.000000
vt 10.250000 -9.000000
vt 5.250000 -13.000000
vt 2.250000 -13.000000
vt 3.500000 -13.000000
vt 0.500000 -12.500000
vt 0.500000 -13.000000
vt 1.750000 -13.000000
vt 11.500000 -13.000000
vt 10.250000 -8.500000
vt 11.500000 -8.500000
vt 11.500000 -7.750000
vt 10.250000 -6.750000
vt 8.500000 -8.250000
vt 11.500000 -6.750000
vt 11.500000 -6.000000
vt 10.250000 -5.000000
vt 11.500000 -5.000000
vt 11.500000 -4.250000
vt 10.250000 -3.250000
vt 11.500000 -3.250000
vt 11.500000 -2.500000
vt 8.500000 -2.000000
vt 10.250000 -1.500000
vt 11.500000 -1.500000
vt 11.500000 -1.000000
vt 10.250000 0.250000
vt 8.500000 -1.250000
vt 11.500000 0.250000
vt 8.500000 -8.750000
vt 10.000000 -17.000000
vt 10.250000 -17.000000
vt 8.500000 -16.750000
vt 11.500000 -16.500000
vt 27.500000 0.250000
vt 27.500000 2.000000
vt 13.250000 0.250000
vt 15.000000 0.250000
vt 16.750000 0.250000
vt 18.500000 0.250000
vt 20.250000 0.250000
vt 22.000000 0.250000
vt 23.750000 0.250000
vt 25.500000 0.250000
vt 27.250000 0.250000
vt 25.500000 -1.000000
vt 25.750000 -1.000000
vt 23.750000 -1.000000
vt 24.000000 -1.000000
vt 22.000000 -1.000000
vt 22.250000 -1.000000
vt 20.250000 -1.000000
vt 20.500000 -1.000000
vt 18.500000 -1.000000
vt 18.750000 -1.000000
vt 16.750000 -1.000000
vt 17.000000 -1.000000
vt 15.000000 -1.000000
vt 15.250000 -1.000000
vt 13.250000 -1.000000
vt 13.500000 -1.000000
vt 11.750000 -1.000000
vt 27.500000 -1.000000
vt 0.500000 -1.000000
vt 0.500000 -1.500000
vt 1.750000 -1.500000
vt 2.250000 -1.500000
vt 3.500000 -1.000000
vt 2.250000 -1.000000
vt 13.250000 -16.750000
vt 13.500000 -16.750000
vt 13.500000 -16.000000
vt 11.500000 -16.750000
vt 13.250000 -15.000000
vt 11.500000 -15.000000
vt 13.250000 -13.250000
vt 13.500000 -15.000000
vt 13.500000 -13.250000
vt 11.500000 -13.250000
vt 13.250000 -11.500000
vt 13.500000 -11.500000
vt 11.500000 -11.500000
vt 13.250000 -9.750000
vt 13.500000 -9.750000
vt 11.500000 -9.750000
vt 11.500000 -10.500000
vt 13.250000 -8.000000
vt 13.500000 -8.000000
vt 11.500000 -8.000000
vt 11.500000 -8.750000
vt 13.250000 -6.250000
vt 13.500000 -6.250000
vt 11.500000 -6.250000
vt 11.500000 -6.500000
vt 11.500000 -7.500000
vt 13.250000 -4.500000
vt 13.500000 -4.500000
vt 11.500000 -4.500000
vt 11.500000 -4.750000
vt 13.250000 -2.750000
vt 13.500000 -2.750000
vt 11.500000 -2.750000
vt 11.500000 -3.500000
vt 12.000000 -1.000000
vt 13.000000 -1.000000
vt 11.500000 -17.000000
vt 11.750000 -17.000000
vt 13.500000 -17.000000
vt 14.500000 -15.000000
vt 14.500000 -13.250000
vt 14.500000 -11.500000
vt 14.500000 -9.750000
vt 14.500000 -8.000000
vt 14.500000 -6.250000
vt 14.500000 -4.500000
vt 14.500000 -2.750000
vt 14.500000 -1.000000
vt 14.000000 -1.000000
vt 14.500000 -16.000000
vt 25.000000 -16.750000
vt 26.500000 -16.750000
vt 26.500000 -15.750000
vt 16.250000 -15.000000
vt 18.000000 -16.750000
vt 18.000000 -15.000000
vt 19.750000 -16.750000
vt 19.750000 -15.000000
vt 21.500000 -16.750000
vt 21.500000 -15.000000
vt 23.250000 -16.750000
vt 23.250000 -15.000000
vt 25.000000 -15.000000
vt 26.500000 -15.000000
vt 26.500000 -14.000000
vt 16.250000 -13.250000
vt 18.000000 -13.250000
vt 19.750000 -13.250000
vt 21.500000 -13.250000
vt 23.250000 -13.250000
vt 25.000000 -13.250000
vt 26.500000 -13.250000
vt 26.500000 -12.250000
vt 16.250000 -11.500000
vt 18.000000 -11.500000
vt 19.750000 -11.500000
vt 21.500000 -11.500000
vt 23.250000 -11.500000
vt 25.000000 -11.500000
vt 26.500000 -11.500000
vt 26.500000 -10.500000
vt 16.250000 -9.750000
vt 18.000000 -9.750000
vt 19.750000 -9.750000
vt 21.500000 -9.750000
vt 23.250000 -9.750000
vt 25.000000 -9.750000
vt 26.500000 -9.750000
vt 26.500000 -8.750000
vt 16.250000 -8.000000
vt 18.000000 -8.000000
vt 19.750000 -8.000000
vt 21.500000 -8.000000
vt 23.250000 -8.000000
vt 25.000000 -8.000000
vt 26.500000 -8.000000
vt 26.500000 -7.000000
vt 16.250000 -6.250000
vt 18.000000 -6.250000
vt 19.750000 -6.250000
vt 21.500000 -6.250000
vt 23.250000 -6.250000
vt 25.000000 -6.250000
vt 26.500000 -6.250000
vt 26.500000 -6.000000
vt 16.250000 -4.500000
vt 18.000000 -4.500000
vt 19.750000 -4.500000
vt 21.500000 -4.500000
vt 23.250000 -4.500000
vt 25.000000 -4.500000
vt 25.000000 -2.750000
vt 26.500000 -4.500000
vt 26.500000 -2.750000
vt 16.250000 -2.750000
vt 18.000000 -2.750000
vt 19.750000 -2.750000
vt 21.500000 -2.750000
vt 23.250000 -2.750000
vt 26.500000 -1.000000
vt 26.000000 -1.000000
vt 16.250000 -1.000000
vt 18.000000 -1.000000
vt 19.750000 -1.000000
vt 19.250000 -1.000000
vt 21.500000 -1.000000
vt 21.000000 -1.000000
vt 23.250000 -1.000000
vt 25.000000 -1.000000
vt 23.250000 -17.000000
vt 24.000000 -17.000000
vt 21.500000 -17.000000
vt 22.250000 -17.000000
vt 19.750000 -17.000000
vt 20.500000 -17.000000
vt 18.000000 -17.000000
vt 18.750000 -17.000000
vt 16.250000 -16.750000
vt 16.250000 -17.000000
vt 17.000000 -17.000000
vt 14.500000 -16.750000
vt 14.500000 -17.000000
vt 15.250000 -17.000000
vt 25.000000 -17.000000
vt 25.750000 -17.000000
vt 27.500000 -4.500000
vt 27.500000 -2.750000
vt 27.000000 -1.000000
vt 27.500000 -6.000000
vt 27.500000 -14.000000
vt 27.500000 -12.250000
vt 27.500000 -10.500000
vt 27.500000 -8.750000
vt 27.500000 -7.000000
vt 27.500000 -15.750000
vt 3.500000 8.500000
vt 2.250000 10.250000
vt 3.500000 10.250000
vt 2.250000 8.500000
vt 0.500000 10.250000
vt 0.500000 7.250000
vt 0.500000 8.500000
vt 2.250000 7.250000
vt -26.000000 17.000000
vt -24.000000 15.500000
vt -24.000000 17.000000
vt -12.000000 10.250000
vt -13.000000 8.750000
vt -12.000000 8.750000
vt -11.500000 10.250000
vt -12.000000 8.500000
vt -12.000000 7.750000
vt -11.750000 7.750000
vt -13.000000 8.500000
vt -14.000000 8.750000
vt -14.000000 8.500000
vt -13.500000 10.250000
vt -14.000000 10.250000
vt -14.000000 7.750000
vt -13.500000 7.750000
vt -48.000000 17.500000
vt -50.000000 17.500000
vt -50.000000 17.000000
vt -23.000000 7.750000
vt -23.000000 8.750000
vt -23.250000 8.750000
vt -46.000000 17.500000
vt -44.500000 15.500000
vt -44.000000 17.000000
vt -42.000000 17.000000
vt -42.000000 15.500000
vt -41.000000 15.500000
vt -40.000000 15.500000
vt -40.000000 17.500000
vt -19.000000 7.750000
vt -19.000000 8.750000
vt -19.250000 8.750000
vt -38.000000 17.500000
vt -38.000000 15.500000
vt -37.500000 15.500000
vt -36.000000 15.500000
vt -36.000000 17.000000
vt -32.000000 17.500000
vt -34.000000 17.500000
vt -34.000000 17.000000
vt -15.250000 7.750000
vt -15.000000 8.750000
vt -15.250000 8.750000
vt -30.000000 15.500000
vt -28.000000 15.500000
vt -28.000000 17.000000
vt -25.000000 8.750000
vt -26.000000 10.250000
vt -26.000000 8.750000
vt -26.000000 8.500000
vt -26.000000 7.750000
vt -25.750000 7.750000
vt -25.000000 10.250000
vt -24.000000 8.750000
vt -23.250000 10.250000
vt -21.000000 8.750000
vt -21.000000 10.250000
vt -21.500000 10.250000
vt -22.000000 10.250000
vt -22.000000 8.750000
vt -22.000000 8.500000
vt -21.000000 7.750000
vt -21.000000 8.500000
vt -20.000000 8.750000
vt -19.250000 10.250000
vt -19.750000 10.250000
vt -17.000000 8.750000
vt -18.000000 10.250000
vt -18.000000 8.750000
vt -18.000000 8.500000
vt -17.000000 7.750000
vt -15.250000 10.250000
vt -16.000000 8.750000
vt -16.250000 10.250000
vt -14.500000 10.250000
vt -11.750000 7.250000
vt -13.250000 7.250000
vt -13.000000 7.750000
vt -15.000000 7.750000
vt -15.250000 7.250000
vt -15.000000 7.250000
vt -13.500000 7.250000
vt -17.000000 7.250000
vt -16.750000 7.250000
vt -16.000000 7.750000
vt -18.750000 7.750000
vt -18.750000 7.250000
vt -18.500000 7.250000
vt -18.000000 7.750000
vt -20.250000 7.250000
vt -20.000000 7.750000
vt -22.000000 7.750000
vt -22.250000 7.250000
vt -22.000000 7.250000
vt -20.500000 7.250000
vt -20.500000 7.750000
vt -24.000000 7.750000
vt -24.000000 7.250000
vt -23.750000 7.250000
vt -22.250000 7.750000
vt -25.750000 7.250000
vt -25.500000 7.250000
vt -25.000000 7.750000
vt -27.250000 7.250000
vt -27.000000 7.750000
vt -11.500000 7.750000
vt -52.000000 15.500000
vt -54.000000 17.000000
vt -54.000000 15.500000
vt -52.000000 17.000000
vt -27.500000 8.500000
vt -27.000000 8.500000
vt -27.000000 8.750000
vt -26.500000 10.250000
vt -16.750000 10.250000
vt -16.500000 10.250000
vt -16.500000 8.750000
vt -16.500000 8.500000
vt -16.500000 7.750000
vt -15.500000 7.750000
vt -15.500000 7.250000
vt -16.000000 7.250000
vt -33.000000 15.500000
vt -31.000000 17.000000
vt -31.000000 15.500000
vt -33.000000 17.000000
vt -15.500000 10.250000
vt -15.500000 8.750000
vt -15.000000 10.250000
vt -14.500000 8.750000
vt -14.500000 7.750000
vt -14.500000 7.250000
vt -14.750000 7.250000
vt -29.000000 15.500000
vt -27.000000 17.000000
vt -27.000000 15.500000
vt -29.000000 17.000000
vt -13.500000 8.750000
vt -13.500000 8.500000
vt -4.250000 7.250000
vt -4.250000 7.750000
vt -3.500000 7.750000
vt -2.500000 7.750000
vt -2.500000 7.250000
vt -3.250000 7.250000
vt -4.500000 7.750000
vt -6.000000 7.250000
vt -6.000000 7.750000
vt -5.500000 7.750000
vt -5.000000 7.250000
vt -6.500000 7.750000
vt -7.750000 7.250000
vt -7.750000 7.750000
vt -7.500000 7.750000
vt -6.750000 7.250000
vt -9.000000 7.250000
vt -9.500000 7.250000
vt -9.500000 7.750000
vt -8.500000 7.750000
vt -8.500000 7.250000
vt -10.500000 7.750000
vt -10.750000 7.250000
vt -11.250000 7.250000
vt -11.250000 7.750000
vt -12.500000 7.250000
vt -12.500000 7.750000
vt -1.500000 7.750000
vt -1.000000 7.250000
vt -1.500000 7.250000
vt -25.000000 17.000000
vt -23.000000 17.500000
vt -23.000000 17.000000
vt -19.000000 15.500000
vt -21.000000 15.500000
vt -21.000000 17.000000
vt -9.500000 8.750000
vt -15.500000 15.500000
vt -17.000000 15.500000
vt -17.000000 17.500000
vt -15.000000 17.500000
vt -15.000000 17.000000
vt -13.000000 17.000000
vt -13.000000 17.500000
vt -11.000000 17.500000
vt -11.000000 15.500000
vt -12.000000 15.500000
vt -5.500000 8.750000
vt -4.750000 8.750000
vt -8.500000 15.500000
vt -9.000000 15.500000
vt -9.000000 17.500000
vt -7.000000 17.500000
vt -7.000000 17.000000
vt -5.000000 17.000000
vt -13.000000 10.250000
vt -12.500000 10.250000
vt -12.500000 8.750000
vt -12.500000 8.500000
vt -11.500000 8.750000
vt -10.500000 10.250000
vt -9.750000 10.250000
vt -8.750000 10.250000
vt -8.000000 10.250000
vt -7.500000 10.250000
vt -7.500000 8.750000
vt -6.500000 10.250000
vt -6.500000 8.750000
vt -6.500000 8.500000
vt -6.250000 10.250000
vt -4.750000 10.250000
vt -4.500000 10.250000
vt -3.500000 8.750000
vt -4.500000 8.750000
vt -3.500000 10.250000
vt -2.750000 10.250000
vt -2.500000 10.250000
vt -2.500000 8.750000
vt -2.500000 8.500000
vt -3.500000 8.500000
vt -1.500000 8.750000
vt -1.500000 10.250000
vt -1.000000 8.500000
vt -1.500000 8.500000
vt 1.500000 10.250000
vt 1.000000 8.500000
vt 1.000000 10.250000
vt 1.500000 8.500000
vt 1.000000 7.250000
vt -1.750000 8.500000
vt -0.500000 10.250000
vt -0.500000 8.500000
vt -2.250000 10.250000
vt -3.500000 7.250000
vt -0.500000 7.250000
vt -1.750000 7.250000
vt -1.000000 10.250000
vt 4.500000 8.500000
vt 6.000000 10.250000
vt 6.000000 8.500000
vt 2.750000 10.250000
vt 2.750000 8.500000
vt 4.500000 10.250000
vt 4.500000 7.250000
vt 3.250000 7.250000
vt 1.000000 7.750000
vt 1.500000 7.250000
vt 6.000000 7.250000
vt 5.000000 7.250000
vt 15.750000 8.500000
vt 17.000000 10.250000
vt 7.000000 8.500000
vt 8.750000 10.250000
vt 8.750000 8.500000
vt 10.500000 10.250000
vt 10.500000 8.500000
vt 12.250000 10.250000
vt 12.250000 8.500000
vt 14.000000 10.250000
vt 14.000000 8.500000
vt 15.750000 10.250000
vt 15.750000 7.250000
vt 14.000000 7.250000
vt 12.250000 7.250000
vt 8.750000 7.250000
vt 17.000000 7.250000
vt -11.750000 8.500000
vt -13.250000 10.250000
vt -15.250000 8.500000
vt -14.500000 8.500000
vt -27.500000 10.250000
vt -25.750000 8.500000
vt -25.750000 10.250000
vt -24.000000 8.500000
vt -24.000000 10.250000
vt -22.250000 8.500000
vt -22.250000 10.250000
vt -20.500000 8.500000
vt -20.500000 10.250000
vt -18.750000 8.500000
vt -18.750000 10.250000
vt -17.000000 10.250000
vt -21.250000 7.250000
vt -23.000000 7.250000
vt -24.750000 7.250000
vt -26.500000 7.250000
vt 16.000000 10.250000
vt 16.750000 10.250000
vt 16.000000 7.250000
vt 6.250000 10.250000
vt 27.500000 10.250000
vt 26.500000 8.500000
vt 26.500000 10.250000
vt 27.500000 8.500000
vt 26.500000 7.250000
vt -26.500000 8.500000
vt -27.500000 7.250000
vt -10.750000 5.500000
vt -11.250000 5.750000
vt -86.000000 46.000000
vt -90.000000 50.000000
vt -90.000000 46.000000
vt -7.750000 5.250000
vt -7.750000 5.500000
vt -7.750000 5.750000
vt -8.250000 5.750000
vt -62.000000 46.000000
vt -66.000000 50.000000
vt -66.000000 46.000000
vt -11.250000 6.250000
vt -11.250000 5.250000
vt -10.750000 6.250000
vt -10.500000 6.500000
vt -10.500000 7.250000
vt -10.750000 5.750000
vt -10.500000 5.500000
vt -10.500000 5.250000
vt -8.750000 6.500000
vt -8.750000 7.250000
vt -10.250000 6.500000
vt -8.500000 6.500000
vt -8.250000 6.250000
vt -8.250000 5.250000
vt -8.250000 7.250000
vt -7.750000 6.250000
vt -7.500000 5.250000
vt -9.250000 5.000000
vt -9.750000 5.000000
vt -8.000000 5.000000
vt 27.500000 5.500000
vt 27.250000 7.250000
vt 27.500000 7.250000
vt 11.500000 5.500000
vt 11.500000 7.250000
vt 12.750000 7.250000
vt 13.250000 5.500000
vt 13.250000 7.250000
vt 14.500000 7.250000
vt 15.000000 5.500000
vt 15.000000 7.250000
vt 16.250000 7.250000
vt 16.750000 5.500000
vt 16.750000 7.250000
vt 18.500000 5.500000
vt 18.500000 7.250000
vt 19.750000 7.250000
vt 20.250000 7.250000
vt 21.500000 7.250000
vt 22.000000 7.250000
vt 23.250000 7.250000
vt 23.750000 7.250000
vt 25.000000 7.250000
vt 25.500000 5.500000
vt 25.500000 7.250000
vt 26.750000 7.250000
vt 27.250000 5.500000
vt 27.250000 5.250000
vt 26.500000 5.250000
vt 25.500000 5.250000
vt 25.000000 5.250000
vt 23.750000 5.250000
vt 23.250000 5.250000
vt 22.000000 5.250000
vt 21.500000 5.250000
vt 20.250000 5.250000
vt 19.750000 5.250000
vt 18.000000 5.250000
vt 17.875000 5.250000
vt 17.125000 5.250000
vt 17.000000 5.250000
vt 16.750000 5.250000
vt 15.250000 5.250000
vt 15.000000 5.250000
vt 13.500000 5.250000
vt 12.000000 5.250000
vt 11.750000 5.250000
vt 12.500000 5.250000
vt 12.250000 5.250000
vt 11.750000 5.125000
vt 11.500000 5.187500
vt 11.750000 5.187500
vt 11.500000 5.000000
vt 11.750000 5.062500
vt 12.000000 5.125000
vt 12.000000 5.062500
vt 12.000000 4.937500
vt 12.250000 5.000000
vt 12.250000 4.875000
vt 12.250000 4.937500
vt 12.250000 4.812500
vt 12.500000 4.875000
vt 12.500000 4.750000
vt 12.500000 4.812500
vt 12.500000 4.687500
vt 12.750000 4.750000
vt 12.750000 4.625000
vt 12.750000 4.687500
vt 12.750000 4.562500
vt 13.000000 4.500000
vt 13.000000 4.562500
vt 13.000000 4.437500
vt 13.250000 4.312500
vt 13.250000 4.437500
vt 13.250000 4.375000
vt 13.500000 4.312500
vt 23.500000 4.250000
vt 23.250000 4.250000
vt 25.000000 4.250000
vt 24.500000 4.250000
vt 23.750000 4.250000
vt 22.750000 4.250000
vt 21.750000 4.250000
vt 21.500000 4.250000
vt 22.250000 4.250000
vt 22.000000 4.250000
vt 21.000000 4.250000
vt 21.250000 4.250000
vt 20.000000 4.250000
vt 19.750000 4.250000
vt 20.500000 4.250000
vt 20.250000 4.250000
vt 18.000000 4.250000
vt 18.500000 5.250000
vt 26.500000 4.250000
vt 26.250000 4.250000
vt 15.250000 4.250000
vt 14.500000 4.250000
vt 16.250000 4.250000
vt 12.750000 -8.000000
vt 13.500000 -8.062500
vt 9.250000 -8.000000
vt 7.500000 -9.750000
vt 11.000000 -8.000000
vt 9.250000 -9.750000
vt 11.000000 -9.750000
vt 12.750000 -6.250000
vt 13.500000 -6.312500
vt 9.250000 -6.250000
vt 7.500000 -6.250000
vt 11.000000 -6.250000
vt 12.750000 -4.500000
vt 13.500000 -4.562500
vt 9.250000 -4.500000
vt 7.500000 -4.500000
vt 11.000000 -4.500000
vt 12.750000 -2.750000
vt 13.500000 -2.812500
vt 9.250000 -2.750000
vt 7.500000 -2.750000
vt 11.000000 -2.750000
vt 12.750000 -1.000000
vt 13.500000 -1.062500
vt 9.250000 -1.000000
vt 11.000000 -1.000000
vt 12.750000 0.750000
vt 13.500000 0.750000
vt 13.500000 0.687500
vt 9.250000 0.750000
vt 7.500000 0.750000
vt 11.000000 0.750000
vt 12.750000 2.500000
vt 13.500000 2.500000
vt 13.500000 2.437500
vt 9.250000 2.500000
vt 7.500000 2.500000
vt 11.000000 2.500000
vt 11.750000 4.250000
vt 12.250000 4.250000
vt 12.750000 -9.750000
vt 12.750000 -10.750000
vt 11.750000 -10.750000
vt 10.000000 -10.750000
vt 8.250000 -10.750000
vt 13.500000 -9.812500
vt 13.750000 -9.812500
vt 13.750000 -8.062500
vt 13.750000 -8.250000
vt 13.750000 -6.312500
vt 13.750000 -6.500000
vt 13.750000 -4.562500
vt 13.750000 -4.750000
vt 13.750000 -2.812500
vt 13.750000 -3.000000
vt 13.750000 -1.062500
vt 13.750000 -1.250000
vt 13.750000 0.687500
vt 13.750000 0.500000
vt 13.750000 2.437500
vt 13.750000 2.250000
vt 13.500000 4.187500
vt 13.750000 4.187500
vt 13.750000 4.000000
vt 13.750000 -10.000000
vt 19.000000 -8.250000
vt 19.500000 -8.250000
vt 19.500000 -9.812500
vt 15.500000 -10.000000
vt 17.250000 -8.250000
vt 15.500000 -8.250000
vt 17.250000 -10.000000
vt 19.000000 -6.500000
vt 19.500000 -6.500000
vt 19.500000 -8.062500
vt 15.500000 -6.500000
vt 19.000000 -4.750000
vt 19.500000 -4.750000
vt 19.500000 -6.312500
vt 17.250000 -4.750000
vt 15.500000 -4.750000
vt 19.000000 -3.000000
vt 19.500000 -3.000000
vt 19.500000 -4.562500
vt 17.250000 -3.000000
vt 15.500000 -3.000000
vt 19.000000 -1.250000
vt 19.500000 -1.250000
vt 19.500000 -2.812500
vt 17.250000 -1.250000
vt 15.500000 -1.250000
vt 19.000000 0.500000
vt 19.500000 -1.062500
vt 17.250000 0.500000
vt 15.500000 0.500000
vt 19.500000 2.250000
vt 19.500000 0.687500
vt 17.250000 2.250000
vt 15.500000 2.250000
vt 19.000000 4.000000
vt 19.500000 2.437500
vt 15.500000 4.000000
vt 17.250000 4.000000
vt 19.000000 -10.000000
vt 19.000000 -10.750000
vt 18.750000 -10.750000
vt 17.250000 -10.750000
vt 17.000000 -10.750000
vt 15.500000 -10.750000
vt 15.250000 -10.750000
vt 19.500000 -10.000000
vt 19.750000 -9.812500
vt 19.750000 -8.062500
vt 19.750000 -8.187500
vt 19.750000 -6.312500
vt 19.750000 -6.437500
vt 19.750000 -4.562500
vt 19.750000 -4.687500
vt 19.750000 -2.812500
vt 19.750000 -2.937500
vt 19.750000 -1.062500
vt 19.750000 -1.187500
vt 19.750000 0.687500
vt 19.750000 0.562500
vt 19.750000 2.437500
vt 19.750000 2.312500
vt 19.750000 4.125000
vt 19.500000 4.187500
vt 19.750000 4.187500
vt 19.750000 4.062500
vt 19.750000 -10.750000
vt 19.500000 -10.750000
vt 19.750000 -9.937500
vt 20.000000 4.125000
vt 20.000000 -9.937500
vt 20.000000 -8.187500
vt 20.000000 -8.312500
vt 20.000000 -6.437500
vt 20.000000 -6.562500
vt 20.000000 -4.687500
vt 20.000000 -4.812500
vt 20.000000 -2.937500
vt 20.000000 -3.062500
vt 20.000000 -1.187500
vt 20.000000 -1.312500
vt 20.000000 0.562500
vt 20.000000 0.437500
vt 20.000000 2.312500
vt 20.000000 2.187500
vt 20.000000 4.000000
vt 20.000000 4.062500
vt 20.000000 3.937500
vt 20.000000 -10.062500
vt 20.250000 4.000000
vt 20.250000 -10.062500
vt 20.250000 -8.312500
vt 20.250000 -8.437500
vt 20.250000 -6.562500
vt 20.250000 -6.687500
vt 20.250000 -4.812500
vt 20.250000 -4.937500
vt 20.250000 -3.062500
vt 20.250000 -3.187500
vt 20.250000 -1.312500
vt 20.250000 -1.437500
vt 20.250000 0.437500
vt 20.250000 0.312500
vt 20.250000 2.187500
vt 20.250000 2.062500
vt 20.250000 3.875000
vt 20.250000 3.937500
vt 20.250000 3.812500
vt 20.250000 -10.187500
vt 20.500000 3.875000
vt 20.500000 -10.187500
vt 20.500000 -8.437500
vt 20.500000 -8.562500
vt 20.500000 -6.687500
vt 20.500000 -6.812500
vt 20.500000 -4.937500
vt 20.500000 -5.062500
vt 20.500000 -3.187500
vt 20.500000 -3.312500
vt 20.500000 -1.437500
vt 20.500000 -1.562500
vt 20.500000 0.312500
vt 20.500000 0.187500
vt 20.500000 2.062500
vt 20.500000 1.937500
vt 20.500000 3.750000
vt 20.500000 3.812500
vt 20.500000 3.687500
vt 20.500000 -10.312500
vt 20.750000 3.750000
vt 20.750000 -10.312500
vt 20.750000 -8.562500
vt 20.750000 -8.687500
vt 20.750000 -6.812500
vt 20.750000 -6.937500
vt 20.750000 -5.062500
vt 20.750000 -5.187500
vt 20.750000 -3.312500
vt 20.750000 -3.437500
vt 20.750000 -1.562500
vt 20.750000 -1.687500
vt 20.750000 0.187500
vt 20.750000 0.062500
vt 20.750000 1.937500
vt 20.750000 1.812500
vt 20.750000 3.625000
vt 20.750000 3.687500
vt 20.750000 3.562500
vt 20.750000 -10.437500
vt 21.000000 3.625000
vt 21.000000 -10.437500
vt 21.000000 -8.687500
vt 21.000000 -8.812500
vt 21.000000 -6.937500
vt 21.000000 -7.062500
vt 21.000000 -5.187500
vt 21.000000 -5.312500
vt 21.000000 -3.437500
vt 21.000000 -3.562500
vt 21.000000 -1.687500
vt 21.000000 -1.812500
vt 21.000000 0.062500
vt 21.000000 -0.062500
vt 21.000000 1.812500
vt 21.000000 1.687500
vt 21.000000 3.500000
vt 21.000000 3.562500
vt 21.000000 3.437500
vt 21.000000 -10.562500
vt 21.250000 3.500000
vt 21.250000 -10.562500
vt 21.250000 -8.812500
vt 21.250000 -8.937500
vt 21.250000 -7.062500
vt 21.250000 -7.187500
vt 21.250000 -5.312500
vt 21.250000 -5.437500
vt 21.250000 -3.562500
vt 21.250000 -3.687500
vt 21.250000 -1.812500
vt 21.250000 -1.937500
vt 21.250000 -0.062500
vt 21.250000 -0.187500
vt 21.250000 1.687500
vt 21.250000 1.562500
vt 21.250000 3.375000
vt 21.250000 3.437500
vt 21.250000 3.312500
vt 21.000000 -10.750000
vt 21.500000 3.375000
vt 21.500000 -8.937500
vt 21.500000 -7.187500
vt 21.500000 -7.312500
vt 21.500000 -5.437500
vt 21.500000 -5.562500
vt 21.500000 -3.687500
vt 21.500000 -3.812500
vt 21.500000 -1.937500
vt 21.500000 -2.062500
vt 21.500000 -0.187500
vt 21.500000 -0.312500
vt 21.500000 1.562500
vt 21.500000 1.437500
vt 21.500000 3.250000
vt 21.500000 3.312500
vt 21.500000 3.187500
vt 21.500000 -10.750000
vt 21.250000 -10.750000
vt 21.500000 -9.062500
vt 21.750000 3.250000
vt 21.750000 -9.062500
vt 21.750000 -7.312500
vt 21.750000 -7.437500
vt 21.750000 -5.562500
vt 21.750000 -5.687500
vt 21.750000 -3.812500
vt 21.750000 -3.937500
vt 21.750000 -2.062500
vt 21.750000 -2.187500
vt 21.750000 -0.312500
vt 21.750000 -0.437500
vt 21.750000 1.437500
vt 21.750000 1.312500
vt 21.750000 3.125000
vt 21.750000 3.187500
vt 21.750000 3.062500
vt 21.750000 -9.187500
vt 22.000000 3.125000
vt 22.000000 -9.187500
vt 22.000000 -7.437500
vt 22.000000 -7.562500
vt 22.000000 -5.687500
vt 22.000000 -5.812500
vt 22.000000 -3.937500
vt 22.000000 -4.062500
vt 22.000000 -2.187500
vt 22.000000 -2.312500
vt 22.000000 -0.437500
vt 22.000000 -0.562500
vt 22.000000 1.312500
vt 22.000000 1.187500
vt 22.000000 3.062500
vt 22.000000 2.937500
vt 22.000000 -9.312500
vt 22.250000 3.000000
vt 22.250000 -9.312500
vt 22.250000 -7.562500
vt 22.250000 -7.687500
vt 22.250000 -5.812500
vt 22.250000 -5.937500
vt 22.250000 -4.062500
vt 22.250000 -4.187500
vt 22.250000 -2.312500
vt 22.250000 -2.437500
vt 22.250000 -0.562500
vt 22.250000 -0.687500
vt 22.250000 1.187500
vt 22.250000 1.062500
vt 22.250000 2.875000
vt 22.250000 2.937500
vt 22.250000 2.812500
vt 22.250000 -9.437500
vt 22.500000 2.875000
vt 22.500000 -9.437500
vt 22.500000 -7.687500
vt 22.500000 -7.812500
vt 22.500000 -5.937500
vt 22.500000 -6.062500
vt 22.500000 -4.187500
vt 22.500000 -4.312500
vt 22.500000 -2.437500
vt 22.500000 -2.562500
vt 22.500000 -0.687500
vt 22.500000 -0.812500
vt 22.500000 1.062500
vt 22.500000 0.937500
vt 22.500000 2.750000
vt 22.500000 2.812500
vt 22.500000 2.687500
vt 22.500000 -9.562500
vt 22.750000 2.750000
vt 22.750000 -9.562500
vt 22.750000 -7.812500
vt 22.750000 -7.937500
vt 22.750000 -6.062500
vt 22.750000 -6.187500
vt 22.750000 -4.312500
vt 22.750000 -4.437500
vt 22.750000 -2.562500
vt 22.750000 -2.687500
vt 22.750000 -0.812500
vt 22.750000 -0.937500
vt 22.750000 0.937500
vt 22.750000 0.812500
vt 22.750000 2.625000
vt 22.750000 2.687500
vt 22.750000 2.562500
vt 22.750000 -9.687500
vt 23.000000 -9.687500
vt 23.000000 -7.937500
vt 23.000000 -8.062500
vt 23.000000 -6.187500
vt 23.000000 -6.312500
vt 23.000000 -4.437500
vt 23.000000 -4.562500
vt 23.000000 -2.687500
vt 23.000000 -2.812500
vt 23.000000 -0.937500
vt 23.000000 -1.062500
vt 23.000000 0.812500
vt 23.000000 0.687500
vt 23.000000 2.562500
vt 23.000000 2.437500
vt 23.000000 -9.812500
vt 23.250000 -9.812500
vt 23.250000 -8.062500
vt 23.250000 -8.187500
vt 23.250000 -6.312500
vt 23.250000 -6.437500
vt 23.250000 -4.562500
vt 23.250000 -4.687500
vt 23.250000 -2.812500
vt 23.250000 -2.937500
vt 23.250000 -1.062500
vt 23.250000 -1.187500
vt 23.250000 0.687500
vt 23.250000 0.562500
vt 23.250000 2.375000
vt 23.250000 2.437500
vt 23.250000 2.312500
vt 23.250000 -9.937500
vt 23.500000 2.375000
vt 23.500000 -9.937500
vt 23.500000 -8.187500
vt 23.500000 -8.500000
vt 23.500000 -6.437500
vt 23.500000 -6.750000
vt 23.500000 -4.687500
vt 23.500000 -5.000000
vt 23.500000 -2.937500
vt 23.500000 -3.250000
vt 23.500000 -1.187500
vt 23.500000 -1.500000
vt 23.500000 0.562500
vt 23.500000 0.250000
vt 23.500000 2.250000
vt 23.500000 2.312500
vt 23.500000 2.000000
vt 23.500000 -10.250000
vt 27.250000 3.250000
vt 27.250000 4.250000
vt 27.500000 4.250000
vt 27.500000 2.500000
vt 27.250000 2.250000
vt 27.250000 2.500000
vt 26.750000 2.500000
vt 27.250000 2.750000
vt 214.000000 22.000000
vt 218.000000 26.000000
vt 218.000000 22.000000
vt 26.750000 3.250000
vt 26.500000 3.500000
vt 26.750000 4.250000
vt 26.750000 2.750000
vt 26.500000 2.500000
vt 26.500000 2.250000
vt 24.500000 3.500000
vt 26.250000 3.500000
vt 24.500000 2.500000
vt 24.250000 2.500000
vt 24.250000 2.750000
vt 24.250000 3.250000
vt 24.250000 2.250000
vt 24.000000 2.250000
vt 23.750000 2.250000
vt 23.750000 2.750000
vt 190.000000 22.000000
vt 194.000000 26.000000
vt 194.000000 22.000000
vt 23.750000 3.250000
vt 24.250000 4.250000
vt 27.500000 -8.500000
vt 27.000000 -10.250000
vt 27.000000 -8.500000
vt 25.250000 -10.250000
vt 25.250000 -8.500000
vt 27.500000 -6.750000
vt 27.000000 -6.750000
vt 25.250000 -6.750000
vt 27.500000 -5.000000
vt 27.000000 -5.000000
vt 25.250000 -5.000000
vt 27.500000 -3.250000
vt 27.000000 -3.250000
vt 25.250000 -3.250000
vt 27.500000 -1.500000
vt 27.000000 -1.500000
vt 25.250000 -1.500000
vt 27.000000 0.250000
vt 25.250000 0.250000
vt 27.000000 2.000000
vt 25.250000 2.000000
vt 27.000000 -10.750000
vt 25.750000 -10.750000
vt 25.250000 -10.750000
vt 24.000000 -10.750000
vt 27.500000 -10.250000
vt -17.125000 3.500000
vt -17.125000 3.125000
vt -17.250000 3.000000
vt -17.125000 3.000000
vt -17.687500 3.312500
vt -17.750000 3.312500
vt -17.750000 3.125000
vt -17.250000 3.125000
vt -17.250000 3.312500
vt -17.437500 3.312500
vt -17.500000 3.312500
vt -17.875000 3.000000
vt -17.750000 3.000000
vt -18.000000 3.000000
vt -17.875000 3.125000
vt 9.750000 3.750000
vt 10.250000 3.750000
vt 10.125000 3.750000
vt 8.500000 3.500000
vt 8.875000 3.750000
vt 8.500000 3.750000
vt 8.500000 3.000000
vt 10.250000 3.000000
vt 10.500000 3.750000
vt 20.250000 9.500000
vt 20.250000 7.500000
vt 9.750000 4.750000
vt 9.250000 3.750000
vt 18.500000 9.500000
vt 18.500000 7.500000
vt 8.875000 4.750000
vt 9.750000 5.500000
vt 10.125000 4.750000
vt 10.250000 5.500000
vt 10.125000 5.500000
vt 8.875000 5.500000
vt 9.250000 5.500000
vt 20.250000 13.000000
vt 19.500000 11.000000
vt 20.250000 11.000000
vt 9.750000 6.500000
vt 18.500000 13.000000
vt 17.750000 11.000000
vt 18.500000 11.000000
vt 8.875000 6.500000
vt 10.250000 7.000000
vt -8.750000 5.250000
vt -8.500000 3.500000
vt -8.500000 5.250000
vt -10.500000 7.000000
vt -10.500000 3.500000
vt -10.500000 3.000000
vt -9.750000 3.000000
vt -8.500000 3.000000
vt -17.000000 3.000000
vt -17.312500 3.125000
vt -17.437500 3.125000
vt -17.875000 3.500000
vt -17.875000 3.375000
vt -5.250000 5.250000
vt -3.500000 5.250000
vt -3.000000 5.250000
vt 4.750000 5.250000
vt 5.250000 5.250000
vt 6.500000 5.250000
vt 5.500000 6.500000
vt 3.000000 5.250000
vt 3.500000 5.250000
vt 3.750000 6.500000
vt -17.000000 5.250000
vt -17.125000 5.250000
vt -17.125000 4.500000
vt -18.000000 4.250000
vt -17.875000 5.250000
vt -18.000000 5.250000
vt -3.500000 4.250000
vt -3.000000 4.250000
vt 3.500000 4.250000
vt 26.500000 36.000000
vt 26.000000 37.000000
vt 26.500000 37.000000
vt 139.500000 26.000000
vt 138.500000 26.500000
vt 138.500000 26.000000
vt -26.500000 37.000000
vt -26.000000 36.000000
vt -26.500000 36.000000
vt 3.375000 5.250000
vt 3.125000 5.250000
vt 3.125000 5.000000
vt 3.312500 4.500000
vt 3.250000 4.875000
vt 3.312500 4.875000
vt -3.375000 5.250000
vt -3.500000 4.500000
vt 17.125000 3.913319
vt 17.250000 3.913319
vt 17.250000 3.597091
vt 17.312500 3.312500
vt 17.250000 3.312500
vt 17.250000 3.250000
vt 17.312500 5.250000
vt 17.250000 5.250000
vt 17.312500 3.623443
vt 17.250000 3.755205
vt 17.312500 3.755205
vt 17.250000 4.875000
vt 17.312500 4.875000
vt 17.312500 4.625000
vt -138.500000 26.000000
vt -139.500000 26.500000
vt -139.500000 26.000000
vt 17.437500 3.166667
vt 17.312500 3.166667
vt 17.437500 5.250000
vt 17.312500 5.000000
vt 17.437500 3.623443
vt 17.437500 3.755205
vt 17.437500 4.625000
vt 17.437500 4.875000
vt 139.500000 36.000000
vt 138.500000 37.000000
vt 139.500000 37.000000
vt 3.125000 4.500000
vt 3.312500 4.250000
vt 3.125000 4.250000
vt -3.125000 4.250000
vt -3.125000 4.500000
vt 17.250000 4.500000
vt 17.125000 4.250000
vt 17.125000 4.500000
vt 17.250000 4.250000
vt 17.312500 4.500000
vt -3.312500 4.875000
vt -3.250000 4.875000
vt -3.166667 4.875000
vt -3.125000 5.000000
vt 17.500000 3.312500
vt 17.437500 3.312500
vt 17.750000 3.250000
vt 17.750000 3.312500
vt 17.687500 3.312500
vt 17.750000 3.166667
vt 17.750000 5.250000
vt 17.437500 5.000000
vt 17.750000 3.623443
vt 17.750000 3.755205
vt 17.687500 4.437500
vt 17.750000 4.250000
vt 17.687500 4.250000
vt 17.750000 4.875000
vt 17.687500 4.687500
vt 17.500000 4.250000
vt 17.500000 4.437500
vt 141.500000 37.500000
vt 140.000000 35.500000
vt 140.000000 37.500000
vt 17.500000 4.875000
vt 17.500000 4.687500
vt 17.437500 4.500000
vt 17.875000 4.500000
vt 17.750000 4.500000
vt 17.875000 3.280863
vt 17.750000 3.280863
vt 17.750000 3.597091
vt -24.500000 4.750000
vt -26.500000 5.250000
vt -26.500000 3.500000
vt -24.750000 5.250000
vt -24.500000 5.250000
vt -24.500000 6.500000
vt -26.500000 3.000000
vt -25.750000 3.000000
vt -24.750000 3.000000
vt 6.500000 2.250000
vt 5.250000 3.500000
vt 6.500000 3.500000
vt 5.250000 2.250000
vt 3.500000 2.250000
vt 3.500000 3.500000
vt -5.250000 3.500000
vt -3.500000 2.250000
vt -5.250000 2.250000
vt -3.500000 3.500000
vt 26.250000 5.250000
vt 24.500000 5.250000
vt 24.500000 4.750000
vt 26.250000 7.000000
vt 24.500000 6.500000
vt 26.250000 3.000000
vt 24.500000 3.000000
vt 26.500000 3.000000
vt -2.250000 5.500000
vt -2.750000 5.750000
vt -18.000000 46.000000
vt -22.000000 50.000000
vt -22.000000 46.000000
vt -2.000000 7.250000
vt -2.250000 7.250000
vt -2.250000 5.750000
vt -2.000000 5.500000
vt -2.250000 6.250000
vt -2.000000 5.250000
vt -2.750000 6.250000
vt -2.750000 7.250000
vt -3.000000 7.250000
vt -2.750000 5.250000
vt 3.000000 -9.750000
vt 2.000000 -9.750000
vt 2.000000 -9.250000
vt 3.000000 -8.000000
vt 2.000000 -8.000000
vt 2.000000 -7.500000
vt 3.000000 -6.250000
vt 2.000000 -6.250000
vt 2.000000 -5.750000
vt 3.000000 -4.500000
vt 2.000000 -4.500000
vt 2.000000 -4.000000
vt 3.000000 -2.750000
vt 2.000000 -2.750000
vt 2.000000 -2.250000
vt 3.000000 -1.000000
vt 2.000000 -1.000000
vt 2.000000 -0.500000
vt 3.000000 0.750000
vt 2.000000 0.750000
vt 2.000000 1.250000
vt 2.000000 4.250000
vt 3.000000 4.250000
vt 2.000000 -10.750000
vt 0.250000 5.750000
vt 0.250000 5.500000
vt 6.000000 46.000000
vt 2.000000 50.000000
vt 2.000000 46.000000
vt 0.750000 5.750000
vt 0.750000 7.250000
vt 1.000000 5.250000
vt 0.250000 6.250000
vt 0.250000 7.250000
vt 0.000000 6.500000
vt 0.250000 5.250000
vt -0.250000 7.250000
vt 0.000000 7.250000
vt -1.250000 4.250000
vt -0.750000 4.250000
vt -0.250000 5.000000
vt -2.000000 4.250000
vt -2.000000 5.000000
vt 1.000000 4.250000
vt -2.000000 3.250000
vt -2.000000 3.750000
vt -7.250000 5.250000
vt -6.375000 5.250000
vt -6.250000 5.250000
vt -6.250000 3.500000
vt -5.875000 5.250000
vt -4.875000 5.250000
vt -4.500000 3.500000
vt -4.500000 5.250000
vt -4.375000 5.250000
vt -2.875000 5.250000
vt -2.750000 3.500000
vt -2.750000 2.250000
vt -3.750000 2.250000
vt -4.500000 2.250000
vt -5.500000 2.250000
vt -7.250000 2.250000
vt -2.000000 3.500000
vt -9.000000 2.250000
vt 1.500000 -7.500000
vt -14.250000 -9.250000
vt -16.000000 -9.250000
vt -16.000000 -8.000000
vt -12.500000 -7.500000
vt -14.250000 -7.500000
vt -10.750000 -7.500000
vt -12.500000 -9.250000
vt -9.000000 -7.500000
vt -10.750000 -9.250000
vt -7.250000 -7.500000
vt -9.000000 -9.250000
vt -5.500000 -7.500000
vt -7.250000 -9.250000
vt -3.750000 -7.500000
vt -5.500000 -9.250000
vt -2.000000 -7.500000
vt -3.750000 -9.250000
vt -0.250000 -7.500000
vt -2.000000 -9.250000
vt -0.250000 -9.250000
vt 1.500000 -5.750000
vt -16.000000 -7.500000
vt -16.000000 -6.250000
vt -12.500000 -5.750000
vt -14.250000 -5.750000
vt -10.750000 -5.750000
vt -9.000000 -5.750000
vt -7.250000 -5.750000
vt -5.500000 -5.750000
vt -3.750000 -5.750000
vt -2.000000 -5.750000
vt -0.250000 -5.750000
vt 1.500000 -4.000000
vt -16.000000 -5.750000
vt -16.000000 -4.500000
vt -12.500000 -4.000000
vt -14.250000 -4.000000
vt -10.750000 -4.000000
vt -9.000000 -4.000000
vt -7.250000 -4.000000
vt -5.500000 -4.000000
vt -3.750000 -4.000000
vt -2.000000 -4.000000
vt -0.250000 -4.000000
vt 1.500000 -2.250000
vt -16.000000 -4.000000
vt -16.000000 -2.750000
vt -12.500000 -2.250000
vt -14.250000 -2.250000
vt -10.750000 -2.250000
vt -9.000000 -2.250000
vt -7.250000 -2.250000
vt -5.500000 -2.250000
vt -3.750000 -2.250000
vt -2.000000 -2.250000
vt -0.250000 -2.250000
vt 1.500000 -0.500000
vt -16.000000 -2.250000
vt -16.000000 -1.750000
vt -12.500000 -0.500000
vt -14.250000 -0.500000
vt -10.750000 -0.500000
vt -9.000000 -0.500000
vt -7.250000 -0.500000
vt -5.500000 -0.500000
vt -3.750000 -0.500000
vt -2.000000 -0.500000
vt -0.250000 -0.500000
vt 1.500000 1.250000
vt -16.000000 -0.500000
vt -16.000000 -0.250000
vt -14.250000 1.250000
vt -12.500000 1.250000
vt -10.750000 1.250000
vt -9.000000 1.250000
vt -7.250000 1.250000
vt -5.500000 1.250000
vt -3.750000 1.250000
vt -2.000000 1.250000
vt -1.000000 1.250000
vt -0.250000 1.250000
vt 0.750000 1.250000
vt 1.500000 -9.250000
vt 1.500000 -10.750000
vt 0.250000 -10.750000
vt -0.250000 -10.750000
vt -1.500000 -10.750000
vt -2.000000 -10.750000
vt -3.250000 -10.750000
vt -3.750000 -10.750000
vt -5.000000 -10.750000
vt -5.500000 -10.750000
vt -6.750000 -10.750000
vt -7.250000 -10.750000
vt -8.500000 -10.750000
vt -9.000000 -10.750000
vt -10.250000 -10.750000
vt -10.750000 -10.750000
vt -12.000000 -10.750000
vt -12.500000 -10.750000
vt -13.750000 -10.750000
vt -16.000000 -9.750000
vt -15.500000 -10.750000
vt -10.750000 1.750000
vt -9.000000 1.750000
vt -10.750000 3.500000
vt -14.250000 1.750000
vt -16.000000 1.750000
vt -12.500000 3.500000
vt -12.500000 1.750000
vt -10.750000 5.250000
vt -9.000000 5.250000
vt -9.000000 3.750000
vt -14.250000 3.500000
vt -16.000000 3.750000
vt -12.500000 5.250000
vt -16.000000 1.250000
vt -16.000000 1.500000
vt -6.250000 2.250000
vt 0.750000 2.500000
vt 1.250000 4.250000
vt -17.000000 -0.250000
vt -17.000000 1.500000
vt -17.000000 2.250000
vt -17.000000 3.250000
vt -17.000000 -1.750000
vt -17.000000 -1.000000
vt -17.000000 -8.000000
vt -17.000000 -6.250000
vt -17.000000 -4.500000
vt -17.000000 -2.750000
vt -17.000000 -10.750000
vt -17.000000 -9.750000
vt -4.000000 0.250000
vt -3.500000 2.000000
vt -5.750000 0.250000
vt -7.500000 2.000000
vt -7.500000 0.250000
vt -5.750000 2.000000
vt -5.750000 -0.000000
vt -5.250000 -0.000000
vt -7.500000 -0.000000
vt -7.000000 -0.000000
vt -3.500000 -0.000000
vt -3.500000 0.250000
vt -5.750000 -2.875000
vt -5.250000 -2.000000
vt -5.750000 -2.000000
vt -4.500000 -2.875000
vt -4.125000 -2.875000
vt -4.000000 -2.000000
vt -7.500000 -2.750000
vt -7.000000 -2.000000
vt -4.000000 -2.875000
vt -3.875000 -2.875000
vt -1.750000 -1.500000
vt -0.500000 -1.500000
vt -0.500000 -0.250000
vt -3.500000 -1.000000
vt -3.500000 -1.500000
vt -1.750000 0.250000
vt -0.500000 0.250000
vt -0.500000 1.500000
vt -1.750000 2.000000
vt -2.625000 -2.875000
vt -2.750000 -2.875000
vt -3.500000 -2.000000
vt -0.875000 -2.875000
vt -0.500000 -2.000000
vt -0.875000 -3.375000
vt -1.750000 -2.875000
vt -2.625000 -3.000000
vt -2.625000 -3.250000
vt -2.250000 -3.375000
vt -0.500000 -2.875000
vt -2.750000 -3.375000
vt -2.625000 -3.375000
vt -4.625000 -3.250000
vt -4.625000 -3.375000
vt -4.500000 -3.375000
vt -4.625000 -3.000000
vt -4.625000 -2.875000
vt -5.750000 -3.375000
vt -7.500000 -2.875000
vt -7.500000 -3.375000
vt -3.125000 -4.375000
vt -3.125000 -3.375000
vt -3.875000 -4.375000
vt -3.375000 -3.375000
vt -3.875000 -3.375000
vt -2.625000 -4.375000
vt -2.250000 -4.375000
vt -2.750000 -4.375000
vt -3.375000 -4.375000
vt -4.625000 -4.375000
vt -4.000000 -3.375000
vt -4.125000 -4.375000
vt -4.000000 -4.375000
vt -4.500000 -4.375000
vt -4.125000 -3.375000
vt -7.500000 -4.375000
vt -5.750000 -4.375000
vt -0.875000 -4.375000
vt -0.500000 -4.375000
vt -0.500000 -3.750000
vt -0.500000 -3.375000
vt -2.625000 -4.500000
vt -2.625000 -4.750000
vt -2.250000 -4.875000
vt -0.875000 -4.875000
vt -2.750000 -4.875000
vt -2.625000 -4.875000
vt -4.625000 -4.750000
vt -4.625000 -4.875000
vt -4.500000 -4.875000
vt -4.625000 -4.500000
vt -7.500000 -4.500000
vt -5.750000 -4.875000
vt -3.125000 -5.875000
vt -3.125000 -4.875000
vt -3.875000 -5.875000
vt -3.375000 -4.875000
vt -3.875000 -4.875000
vt -2.625000 -5.875000
vt -2.250000 -5.875000
vt -2.750000 -5.875000
vt -3.375000 -5.875000
vt -4.625000 -5.875000
vt -4.000000 -4.875000
vt -4.125000 -5.875000
vt -4.000000 -5.875000
vt -4.500000 -5.875000
vt -4.125000 -4.875000
vt -7.500000 -5.875000
vt -5.750000 -5.875000
vt -0.875000 -5.875000
vt -0.500000 -5.875000
vt -0.500000 -5.500000
vt -0.500000 -4.875000
vt -2.625000 -6.000000
vt -2.625000 -6.250000
vt -2.250000 -6.375000
vt -0.875000 -6.375000
vt -2.750000 -6.375000
vt -2.625000 -6.375000
vt -4.625000 -6.250000
vt -4.625000 -6.375000
vt -4.500000 -6.375000
vt -4.625000 -6.000000
vt -7.500000 -6.250000
vt -5.750000 -6.375000
vt -2.500000 -7.250000
vt -2.250000 -7.250000
vt -3.375000 -6.375000
vt -4.000000 -6.375000
vt -4.000000 -7.250000
vt -3.125000 -6.375000
vt -2.750000 -7.250000
vt -4.500000 -7.250000
vt -4.250000 -7.250000
vt -4.125000 -6.375000
vt -7.500000 -6.375000
vt -7.500000 -7.250000
vt -6.250000 -7.250000
vt -6.000000 -7.250000
vt -0.750000 -7.250000
vt -0.500000 -7.250000
vt -0.500000 -6.375000
vt -6.250000 -8.000000
vt -7.500000 -8.000000
vt -2.500000 -8.000000
vt -0.750000 -9.000000
vt -0.500000 -9.000000
vt -0.500000 -8.000000
vt -0.750000 -10.750000
vt -0.500000 -10.750000
vt -0.500000 -10.500000
vt -2.500000 -10.750000
vt -2.500000 -9.000000
vt -3.500000 -9.000000
vt -2.500000 -12.250000
vt -2.250000 -12.250000
vt -4.250000 -10.750000
vt -4.250000 -12.250000
vt -3.500000 -12.250000
vt -0.500000 -12.250000
vt -4.250000 -14.250000
vt -4.250000 -14.000000
vt -5.750000 -14.250000
vt -4.250000 -13.000000
vt -7.500000 -12.500000
vt -7.500000 -14.250000
vt -5.750000 -12.500000
vt -4.250000 -12.500000
vt -7.500000 -10.750000
vt -4.250000 -9.000000
vt -5.250000 -9.000000
vt -5.750000 -10.750000
vt -5.750000 -9.000000
vt -7.000000 -9.000000
vt -7.500000 -16.000000
vt -5.750000 -16.000000
vt -4.250000 -16.000000
vt -4.250000 -15.750000
vt -0.000058 -0.000110
vt -0.000058 -0.000111
vt -0.000052 -0.000111
vt -0.000052 -0.000107
vt -0.000058 -0.000107
vt -0.000058 -0.000108
vt -0.000058 -0.000083
vt -0.000058 -0.000085
vt -0.000052 -0.000085
vt -0.000052 -0.000080
vt -0.000058 -0.000080
vt -0.000058 -0.000082
vt -0.000058 -0.000056
vt -0.000058 -0.000058
vt -0.000052 -0.000058
vt -0.000052 -0.000053
vt -0.000058 -0.000053
vt -0.000058 -0.000055
vt -0.000059 -0.000053
vt -0.000059 -0.000080
vt -0.000059 -0.000056
vt -0.000059 -0.000107
vt -0.000059 -0.000083
vt -0.000059 -0.000110
vt -0.000059 -0.000108
vt -0.000072 -0.000107
vt -0.000072 -0.000108
vt -0.000059 -0.000111
vt -0.000072 -0.000110
vt -0.000072 -0.000111
vt -0.000059 -0.000082
vt -0.000072 -0.000080
vt -0.000072 -0.000082
vt -0.000059 -0.000085
vt -0.000072 -0.000083
vt -0.000072 -0.000085
vt -0.000059 -0.000055
vt -0.000072 -0.000053
vt -0.000072 -0.000055
vt -0.000059 -0.000058
vt -0.000072 -0.000056
vt -0.000072 -0.000058
vt -0.000073 -0.000053
vt -0.000073 -0.000080
vt -0.000073 -0.000056
vt -0.000073 -0.000107
vt -0.000073 -0.000083
vt -0.000073 -0.000110
vt -0.000079 -0.000111
vt -0.000073 -0.000111
vt -0.000073 -0.000108
vt -0.000079 -0.000107
vt -0.000079 -0.000085
vt -0.000073 -0.000085
vt -0.000073 -0.000082
vt -0.000079 -0.000080
vt -0.000079 -0.000058
vt -0.000073 -0.000058
vt -0.000073 -0.000055
vt -0.000079 -0.000053
vt 5.500000 -3.500000
vt 4.750000 -4.000000
vt 5.500000 -4.000000
vt 3.250000 -3.500000
vt 2.500000 -4.000000
vt 3.250000 -4.000000
vt 3.500000 -1.500000
vt 2.750000 -1.500000
vt 2.750000 -1.750000
vt 2.375000 -1.750000
vt 1.625000 -1.750000
vt 1.625000 -1.500000
vt 1.250000 -1.750000
vt 3.500000 2.000000
vt 2.750000 1.250000
vt 2.750000 0.750000
vt 3.500000 0.250000
vt 2.750000 -0.250000
vt 2.750000 -1.000000
vt 3.500000 -0.000000
vt 2.250000 -0.250000
vt 4.500000 0.500000
vt 5.500000 -0.500000
vt 5.500000 0.500000
vt 2.250000 0.750000
vt 2.750000 0.250000
vt 4.500000 2.500000
vt 5.500000 1.500000
vt 5.500000 2.500000
vt 1.750000 0.750000
vt 2.250000 0.250000
vt 1.750000 2.000000
vt 2.250000 1.250000
vt 1.750000 1.250000
vt 1.750000 0.250000
vt 1.750000 -0.250000
vt 1.250000 -0.250000
vt 1.750000 -1.000000
vt 2.500000 0.500000
vt 3.500000 -0.500000
vt 3.500000 0.500000
vt 1.250000 0.750000
vt 3.500000 1.500000
vt 3.500000 2.500000
vt 0.500000 0.250000
vt 1.250000 0.250000
vt 0.500000 1.500000
vt 1.250000 1.250000
vt 0.500000 -0.250000
vt 6.750000 1.250000
vt 6.750000 2.000000
vt 6.750000 1.625000
vt 6.750000 0.750000
vt 6.750000 0.375000
vt 6.750000 0.250000
vt 6.750000 -0.000000
vt 7.000000 -0.000000
vt 5.750000 0.375000
vt 5.750000 0.250000
vt 11.500000 1.500000
vt 13.500000 1.500000
vt 5.750000 1.250000
vt 11.500000 3.250000
vt 13.500000 3.250000
vt 5.750000 1.625000
vt 5.000000 1.250000
vt 5.750000 0.750000
vt 5.000000 2.000000
vt 5.000000 1.625000
vt 5.000000 0.375000
vt 5.000000 0.250000
vt 5.000000 0.750000
vt 5.000000 -0.000000
vt 5.250000 -0.000000
vt 4.000000 0.375000
vt 4.000000 0.250000
vt 8.000000 1.500000
vt 10.000000 0.750000
vt 10.000000 1.500000
vt 4.000000 1.250000
vt 10.000000 2.500000
vt 4.000000 1.625000
vt 4.000000 -0.000000
vt -13.000000 6.500000
vt -14.250000 7.250000
vt -13.000000 7.250000
vt 1.750000 6.500000
vt 1.250000 6.500000
vt 3.500000 7.250000
vt 3.500000 6.500000
vt 5.500000 13.000000
vt 4.750000 14.000000
vt 5.500000 14.000000
vt 3.250000 13.000000
vt 2.500000 14.000000
vt 3.250000 14.000000
vt 2.750000 7.000000
vt 2.375000 7.250000
vt 2.750000 7.250000
vt 1.625000 7.000000
vt 1.625000 7.250000
vt 2.375000 7.000000
vt 1.250000 7.250000
vt 1.250000 7.000000
vt 3.281250 7.250000
vt 3.218750 7.250000
vt -1.750000 6.500000
vt -1.625000 6.500000
vt -0.500000 6.500000
vt -1.500000 6.500000
vt -3.281250 7.250000
vt -3.218750 7.250000
vt -4.500000 7.250000
vt -3.750000 6.500000
vt -4.500000 6.500000
vt -3.750000 7.250000
vt -6.250000 7.250000
vt -5.500000 6.500000
vt -6.250000 6.500000
vt -5.500000 7.250000
vt -7.250000 6.500000
vt -7.250000 7.250000
vt -0.000110 0.000116
vt -0.000111 0.000129
vt -0.000110 0.000129
vt -0.000083 0.000116
vt -0.000084 0.000129
vt -0.000083 0.000129
vt -0.000056 0.000116
vt -0.000057 0.000129
vt -0.000056 0.000129
vt 0.000110 0.000129
vt 0.000111 0.000116
vt 0.000110 0.000116
vt 0.000083 0.000129
vt 0.000084 0.000116
vt 0.000083 0.000116
vt 0.000056 0.000129
vt 0.000057 0.000116
vt 0.000056 0.000116
vt 0.000059 0.000129
vt 0.000058 0.000116
vt 0.000058 0.000129
vt -0.000058 0.000129
vt -0.000059 0.000116
vt -0.000059 0.000129
vt 2.500000 6.500000
vt 2.500000 7.250000
vt -9.000000 6.500000
vt 8.000000 6.500000
vt -9.500000 6.500000
vt -11.250000 6.500000
vt -12.250000 6.500000
vt 5.250000 6.500000
vt 5.250000 7.250000
vt 5.781250 7.250000
vt 3.968750 7.250000
vt 4.031250 7.250000
vt -5.750000 7.250000
vt -5.750000 6.500000
vt -4.031250 7.250000
vt -7.500000 6.500000
vt -5.781250 7.250000
vt -4.000000 6.500000
vt -4.000000 7.250000
vt -3.968750 7.250000
vt 0.000073 0.000129
vt 0.000072 0.000116
vt 0.000072 0.000129
vt -0.000072 0.000129
vt -0.000073 0.000116
vt -0.000073 0.000129
vt 5.750000 7.250000
vt 4.000000 7.250000
vt -5.250000 7.250000
vt -7.000000 7.250000
vt -6.000000 6.250000
vt -6.250000 6.250000
vt -4.250000 6.250000
vt -4.500000 6.250000
vt -6.250000 5.750000
vt -5.000000 12.500000
vt -5.500000 11.500000
vt -5.500000 12.500000
vt -12.500000 11.500000
vt -12.500000 12.500000
vt -9.000000 11.500000
vt -9.000000 12.500000
vt -6.000000 5.750000
vt -6.000000 5.500000
vt -4.500000 5.500000
vt -5.750000 5.250000
vt -4.250000 5.500000
vt -4.000000 5.250000
vt -2.500000 5.250000
vt 5.750000 5.250000
vt 4.000000 5.250000
vt 1.500000 5.250000
vt -1.000000 6.500000
vt 0.000000 5.250000
vt 2.250000 5.250000
vt 1.750000 5.250000
vt 0.500000 5.250000
vt 0.250000 6.500000
vt -0.250000 5.250000
vt -1.500000 5.250000
vt 2.000000 5.250000
vt 5.750000 6.500000
vt 6.750000 6.500000
vt 5.000000 6.500000
vt -6.750000 6.500000
vt -5.500000 5.250000
vt -3.750000 5.250000
vt 3.875000 -2.875000
vt 4.125000 -2.875000
vt 4.375000 -2.750000
vt 2.750000 -2.750000
vt 2.750000 -2.875000
vt 3.125000 -2.875000
vt 4.375000 -2.875000
vt 4.500000 -2.875000
vt 4.500000 -2.750000
vt 2.500000 -3.250000
vt 2.625000 -3.375000
vt 2.625000 -3.250000
vt 2.625000 -3.000000
vt 2.500000 -3.000000
vt 2.625000 -2.875000
vt 2.750000 -3.375000
vt 4.500000 -3.375000
vt 4.625000 -3.375000
vt 4.625000 -3.250000
vt 4.625000 -3.000000
vt 4.625000 -2.875000
vt 4.750000 -3.250000
vt 4.750000 -3.000000
vt 3.875000 -4.375000
vt 4.125000 -4.375000
vt 4.375000 -4.250000
vt 2.750000 -4.250000
vt 2.750000 -4.375000
vt 3.125000 -4.375000
vt 4.375000 -4.375000
vt 4.500000 -4.375000
vt 4.500000 -4.250000
vt 3.125000 -3.375000
vt 2.750000 -3.500000
vt 4.375000 -3.500000
vt 4.125000 -3.375000
vt 3.875000 -3.375000
vt 4.500000 -3.500000
vt 2.500000 -4.750000
vt 2.625000 -4.875000
vt 2.625000 -4.750000
vt 2.625000 -4.500000
vt 2.500000 -4.500000
vt 2.625000 -4.375000
vt 2.750000 -4.875000
vt 4.500000 -4.875000
vt 4.625000 -4.875000
vt 4.625000 -4.750000
vt 4.625000 -4.500000
vt 4.625000 -4.375000
vt 4.750000 -4.750000
vt 4.750000 -4.500000
vt 3.875000 -5.875000
vt 4.125000 -5.875000
vt 4.375000 -5.750000
vt 2.750000 -5.750000
vt 2.750000 -5.875000
vt 3.125000 -5.875000
vt 4.375000 -5.875000
vt 4.500000 -5.875000
vt 4.500000 -5.750000
vt 3.125000 -4.875000
vt 2.750000 -5.000000
vt 4.375000 -5.000000
vt 4.125000 -4.875000
vt 3.875000 -4.875000
vt 4.500000 -5.000000
vt 2.500000 -6.250000
vt 2.625000 -6.375000
vt 2.625000 -6.250000
vt 2.625000 -6.000000
vt 2.500000 -6.000000
vt 2.625000 -5.875000
vt 2.750000 -6.375000
vt 4.500000 -6.375000
vt 4.625000 -6.375000
vt 4.625000 -6.250000
vt 4.625000 -6.000000
vt 4.625000 -5.875000
vt 4.750000 -6.250000
vt 4.750000 -6.000000
vt 3.125000 -6.375000
vt 2.750000 -6.500000
vt 4.375000 -6.500000
vt 4.125000 -6.375000
vt 3.875000 -6.375000
vt 4.500000 -6.500000
vt -3.000000 -6.500000
vt -3.000000 -5.750000
vt -4.500000 -5.750000
vt -2.500000 -6.000000
vt -2.750000 -5.750000
vt -2.500000 -6.250000
vt -3.000000 -5.000000
vt -3.000000 -4.250000
vt -4.500000 -4.250000
vt -2.500000 -4.500000
vt -2.750000 -4.250000
vt -2.500000 -4.750000
vt -3.000000 -3.500000
vt -3.000000 -2.750000
vt -4.500000 -2.750000
vt -2.500000 -3.000000
vt -2.750000 -2.750000
vt -2.500000 -3.250000
vt -12.000000 12.875000
vt -12.500000 12.937500
vt -12.000000 12.937500
vt -0.000113 0.000115
vt -0.000108 0.000116
vt -0.000108 0.000115
vt -9.000000 12.875000
vt -9.500000 12.937500
vt -9.000000 12.937500
vt -0.000086 0.000115
vt -0.000081 0.000116
vt -0.000081 0.000115
vt -6.000000 12.875000
vt -6.500000 12.937500
vt -6.000000 12.937500
vt -0.000059 0.000115
vt -0.000054 0.000116
vt -0.000054 0.000115
vt 12.000000 12.937500
vt 12.500000 12.875000
vt 12.000000 12.875000
vt 0.000108 0.000115
vt 0.000113 0.000116
vt 0.000113 0.000115
vt 9.000000 12.937500
vt 9.500000 12.875000
vt 9.000000 12.875000
vt 0.000081 0.000115
vt 0.000086 0.000116
vt 0.000086 0.000115
vt 6.000000 12.937500
vt 6.500000 12.875000
vt 6.000000 12.875000
vt 0.000054 0.000115
vt 0.000059 0.000116
vt 0.000059 0.000115
vt 8.750000 -12.500000
vt 5.750000 -12.000000
vt 8.750000 -9.500000
vt 5.750000 -9.500000
vt 8.750000 -6.500000
vt 5.750000 -6.000000
vt 5.750000 -6.500000
vt 8.750000 12.937500
vt 5.750000 12.875000
vt 5.750000 12.937500
vt 0.000052 0.000115
vt 0.000052 0.000116
vt 0.000073 0.000116
vt 0.000079 0.000115
vt -5.750000 12.937500
vt -8.750000 12.875000
vt -8.750000 12.937500
vt -0.000079 0.000115
vt -0.000079 0.000116
vt -0.000058 0.000116
vt -0.000052 0.000115
vt 6.000000 5.500000
vt 6.250000 5.625000
vt 6.000000 5.625000
vt 4.500000 5.500000
vt 4.750000 5.625000
vt 4.500000 5.625000
vt 3.250000 5.625000
vt 3.000000 5.625000
vt -6.000000 5.625000
vt -6.250000 5.500000
vt -4.500000 5.625000
vt -4.750000 5.500000
vt -3.000000 5.625000
vt -2.750000 5.625000
vt 5.126524 5.625000
vt 5.126524 5.500000
vt 5.303301 5.500000
vt -4.419417 5.625000
vt -4.419417 5.500000
vt -4.242640 5.500000
vt -0.353553 5.625000
vt -0.353553 5.500000
vt -0.176777 5.500000
vt -1.060660 5.625000
vt -1.060660 5.500000
vt -0.883883 5.500000
vt 6.187184 5.625000
vt 6.187184 5.500000
vt 6.363961 5.500000
vt -5.480078 5.625000
vt -5.480078 5.500000
vt -5.303301 5.500000
vt -1.414213 5.625000
vt -1.414213 5.500000
vt -1.237437 5.500000
vt 0.000000 5.625000
vt 0.176777 5.500000
vt 7.247845 5.625000
vt 7.247845 5.500000
vt 7.424621 5.500000
vt -6.540737 5.625000
vt -6.540737 5.500000
vt -6.363961 5.500000
vt -2.474874 5.625000
vt -2.474874 5.500000
vt -2.298097 5.500000
vt 1.060660 5.625000
vt 1.060660 5.500000
vt 1.237437 5.500000
vt -4.125000 5.250000
vt -4.125000 5.500000
vt -8.250000 11.000000
vt -8.250000 10.500000
vt -3.875000 5.250000
vt -3.375000 5.500000
vt -3.875000 5.500000
vt -6.750000 10.500000
vt -6.250000 11.000000
vt -6.750000 11.000000
vt -3.125000 5.250000
vt -3.125000 5.500000
vt 4.500000 5.250000
vt 7.750000 11.000000
vt 7.750000 10.500000
vt 8.000000 10.500000
vt 3.875000 5.500000
vt 3.875000 5.250000
vt 6.750000 11.000000
vt 6.250000 10.500000
vt 6.750000 10.500000
vt 3.125000 5.500000
vt 2.750000 5.250000
vt 3.375000 5.500000
vt 3.250000 5.500000
vt -3.250000 5.250000
vt 5.214912 5.500000
vt 5.391689 5.250000
vt 5.391689 5.500000
vt -0.972272 5.500000
vt -0.795495 5.250000
vt -0.795495 5.500000
vt -0.265165 5.500000
vt -0.088388 5.250000
vt -0.088388 5.500000
vt -4.331029 5.500000
vt -4.154252 5.250000
vt -4.154252 5.500000
vt -4.750000 5.250000
vt 6.275573 5.500000
vt 6.452349 5.250000
vt 6.452349 5.500000
vt 0.088388 5.500000
vt 0.265165 5.250000
vt 0.265165 5.500000
vt -1.325825 5.500000
vt -1.149049 5.250000
vt -1.149049 5.500000
vt -5.391689 5.500000
vt -5.214912 5.250000
vt -5.214912 5.500000
vt 6.000000 5.250000
vt 6.250000 5.500000
vt -6.000000 5.250000
vt 7.336232 5.500000
vt 7.513009 5.250000
vt 7.513009 5.500000
vt 1.149049 5.500000
vt 1.325825 5.250000
vt 1.325825 5.500000
vt -2.386485 5.500000
vt -2.209708 5.250000
vt -2.209708 5.500000
vt -6.452350 5.500000
vt -6.275573 5.250000
vt -6.275573 5.500000
vt 7.333333 5.750000
vt 7.250000 5.500000
vt 7.250000 5.750000
vt 14.666667 11.500000
vt 14.500000 12.500000
vt 15.000000 12.500000
vt -7.250000 5.750000
vt -7.333333 5.750000
vt -14.500000 12.500000
vt -14.666667 11.500000
vt -15.000000 12.500000
vt 8.000000 5.750000
vt 7.250000 5.250000
vt 16.000000 12.500000
vt 14.500000 11.500000
vt -8.000000 6.500000
vt -5.000000 -14.500000
vt -5.500000 -14.500000
vt -5.500000 -15.000000
vt -4.250000 -7.500000
vt -4.250000 -8.000000
vt -3.500000 -8.000000
vt -4.250000 2.925107
vt -2.750000 3.135925
vt -2.750000 2.925107
vt -4.250000 3.135925
vt -8.500000 -16.000000
vt -9.000000 -15.000000
vt -9.000000 -16.000000
vt -8.500000 -15.000000
vt -4.500000 -8.000000
vt -6.000000 -7.500000
vt -6.000000 -8.000000
vt -6.000000 2.925107
vt -4.500000 3.135925
vt -4.500000 2.925107
vt -6.000000 3.135925
vt -8.000000 5.750000
vt -16.000000 11.500000
vt -16.000000 12.500000
vt -12.500000 -16.000000
vt -12.000000 -16.000000
vt -12.000000 -15.000000
vt 12.333333 5.750000
vt 12.250000 5.500000
vt 12.250000 5.750000
vt -12.500000 6.250000
vt -12.333333 5.750000
vt -12.500000 5.750000
vt -14.250000 6.250000
vt -15.750000 6.250000
vt -13.000000 6.250000
vt -14.000000 6.250000
vt -3.500000 6.250000
vt -0.500000 6.250000
vt -2.500000 5.500000
vt -5.000000 11.500000
vt -4.500000 12.500000
vt -4.500000 11.500000
vt -0.750000 5.250000
vt -2.250000 5.250000
vt -0.500000 5.250000
vt -1.500000 11.500000
vt -1.000000 12.500000
vt -1.000000 11.500000
vt 3.500000 5.750000
vt 9.000000 5.250000
vt 8.000000 6.250000
vt 9.000000 6.500000
vt -12.250000 5.250000
vt -12.250000 5.750000
vt -12.250000 6.250000
vt 24.666666 11.500000
vt 24.500000 12.500000
vt 25.000000 12.500000
vt -12.250000 5.500000
vt -24.500000 12.500000
vt -24.666666 11.500000
vt -25.000000 12.500000
vt -1.000000 -24.500000
vt -1.500000 -24.500000
vt -1.500000 -25.000000
vt -2.250000 -12.500000
vt -2.250000 -13.000000
vt -1.750000 -13.000000
vt -2.250000 1.343968
vt -0.750000 1.554786
vt -0.750000 1.343968
vt -2.250000 1.554786
vt -4.500000 -26.000000
vt -5.000000 -25.000000
vt -5.000000 -26.000000
vt -4.500000 -25.000000
vt -3.500000 -12.500000
vt -2.500000 -13.000000
vt -2.500000 -12.500000
vt -2.500000 1.554786
vt -3.500000 1.343968
vt -3.500000 1.554786
vt -4.166667 5.750000
vt -4.250000 5.750000
vt -8.333333 11.500000
vt -8.000000 12.500000
vt -4.000000 6.250000
vt -4.000000 5.750000
vt 4.166667 5.750000
vt 4.250000 5.750000
vt 4.250000 5.500000
vt -4.000000 -12.500000
vt -3.500000 -12.333333
vt -4.166667 -13.000000
vt -4.000000 -13.000000
vt 7.000000 5.750000
vt 5.250000 5.750000
vt 7.500000 5.750000
vt -25.000000 11.500000
vt -26.000000 12.500000
vt -7.000000 12.500000
vt -8.000000 11.500000
vt -7.000000 -25.000000
vt -8.000000 -26.000000
vt -7.000000 -26.000000
vt 4.250000 5.250000
vt -4.250000 5.250000
vt 8.333333 11.500000
vt 8.000000 12.500000
vt 13.000000 5.500000
vt 14.000000 5.250000
vt 14.000000 5.500000
vt -3.500000 -13.000000
vt -4.000000 -14.000000
vt -3.500000 -14.000000
vt 15.099876 1.027740
vt 14.309306 1.818310
vt 14.151193 1.343968
vt 14.000000 5.750000
vt 14.250000 5.500000
vt 14.250000 5.750000
vt 28.000000 12.500000
vt 28.500000 11.500000
vt 28.500000 12.500000
vt -7.000000 -28.000000
vt -8.000000 -28.500000
vt -7.000000 -28.500000
vt -8.000000 -28.000000
vt 15.750000 5.250000
vt 15.750000 5.500000
vt -3.500000 -14.250000
vt -4.000000 -15.750000
vt -3.500000 -15.750000
vt 16.760071 0.474341
vt 15.495161 1.423025
vt 15.337048 0.948683
vt 16.000000 5.750000
vt 15.750000 5.750000
vt 31.500000 12.500000
vt 32.000000 11.500000
vt 32.000000 12.500000
vt -7.000000 -32.000000
vt -7.000000 -31.500000
vt -8.000000 -31.500000
vt 9.750000 5.250000
vt 9.250000 5.000000
vt 19.500000 4.250000
vt 15.500000 4.250000
vt 19.000000 4.250000
vt 25.250000 2.250000
vt 25.750000 2.250000
vt 27.500000 2.250000
vt -16.250000 3.000000
vt -16.250000 2.000000
vt -15.500000 2.000000
vt -14.500000 2.000000
vt -14.500000 3.000000
vt -18.000000 2.000000
vt -17.250000 2.000000
vt -19.000000 2.000000
vt -19.750000 3.000000
vt -13.750000 2.000000
vt 27.500000 3.000000
vt 3.000000 5.187500
vt 2.000000 5.187500
vt 9.750000 3.000000
vt 8.000000 3.000000
vt 7.500000 3.000000
vt -8.250000 3.000000
vt -8.000000 2.000000
vt -8.750000 3.000000
vt -9.750000 2.000000
vt -8.500000 2.000000
vt -10.750000 3.000000
vt -11.500000 3.000000
vt -11.500000 2.000000
vt -10.250000 2.000000
vt -7.500000 2.750000
vt -7.750000 3.000000
vt -7.500000 2.250000
vt -27.250000 3.000000
vt -11.750000 2.000000
vt -11.750000 3.000000
vt -3.000000 4.687500
vt -2.000000 4.750000
vt -2.000000 4.687500
vt 2.000000 4.812500
vt 3.000000 4.875000
vt 3.000000 4.812500
vt -3.000000 4.937500
vt -2.000000 4.937500
vt 2.000000 5.062500
vt 3.000000 5.125000
vt 3.000000 5.062500
vt -3.000000 5.062500
vt -2.000000 5.125000
vt -2.000000 5.062500
vt 11.750000 2.000000
vt 12.000000 2.000000
vt 11.750000 3.000000
vt -12.000000 3.000000
vt -12.000000 2.000000
vt -3.000000 4.812500
vt -2.000000 4.812500
vt 2.000000 4.937500
vt 3.000000 4.937500
vt 12.250000 2.000000
vt 12.000000 3.000000
vt -12.250000 3.000000
vt -12.250000 2.000000
vt 12.500000 2.000000
vt 12.250000 3.000000
vt -12.500000 3.000000
vt -12.500000 2.000000
vt -3.000000 4.437500
vt -2.000000 4.500000
vt -2.000000 4.437500
vt 2.000000 4.562500
vt 3.000000 4.625000
vt 3.000000 4.562500
vt -3.000000 4.562500
vt -2.000000 4.625000
vt -2.000000 4.562500
vt 2.000000 4.687500
vt 3.000000 4.750000
vt 3.000000 4.687500
vt 12.500000 3.000000
vt -12.750000 3.000000
vt -12.750000 2.000000
vt 13.000000 2.000000
vt -13.000000 3.000000
vt -13.000000 2.000000
vt -3.000000 4.312500
vt -2.000000 4.375000
vt -2.000000 4.312500
vt 2.000000 4.437500
vt 3.000000 4.500000
vt 3.000000 4.437500
vt 13.000000 3.000000
vt -13.250000 3.000000
vt -13.250000 2.000000
vt 2.000000 4.312500
vt 3.000000 4.375000
vt 3.000000 4.312500
vt 13.500000 2.000000
vt -13.500000 3.000000
vt -13.500000 2.000000
vt -9.250000 3.000000
vt -10.000000 2.000000
vt -8.750000 2.000000
vt -10.000000 3.000000
vt -10.500000 2.000000
vt -11.000000 3.000000
vt -15.250000 2.000000
vt -14.000000 2.000000
vt -13.750000 3.000000
vt -17.000000 2.000000
vt -15.750000 2.000000
vt -18.750000 3.000000
vt -18.750000 2.000000
vt -17.500000 2.000000
vt -20.250000 3.000000
vt -20.500000 2.000000
vt -19.000000 3.000000
vt -19.250000 2.000000
vt -19.500000 3.000000
vt -21.750000 3.000000
vt -22.000000 3.000000
vt -22.250000 2.000000
vt -20.500000 3.000000
vt -21.250000 3.000000
vt -21.500000 3.000000
vt -21.000000 2.000000
vt -23.250000 3.000000
vt -24.000000 3.000000
vt -22.750000 2.000000
vt -24.500000 2.000000
vt -27.000000 3.000000
vt -7.500000 3.000000
vt 3.000000 4.187500
vt -2.000000 4.187500
vt -3.000000 4.187500
vt 13.750000 2.000000
vt 17.250000 2.000000
vt 19.000000 3.000000
vt 17.250000 3.000000
vt 15.500000 2.000000
vt 19.000000 2.000000
vt 19.500000 3.000000
vt 2.000000 2.312500
vt 3.000000 2.375000
vt 3.000000 2.312500
vt -3.000000 3.187500
vt -2.000000 3.187500
vt 2.000000 3.312500
vt 3.000000 3.375000
vt 3.000000 3.312500
vt -3.000000 3.687500
vt -2.000000 3.687500
vt 2.000000 3.812500
vt 3.000000 3.875000
vt 3.000000 3.812500
vt -3.000000 3.937500
vt -2.000000 3.937500
vt 2.000000 4.062500
vt 3.000000 4.125000
vt 3.000000 4.062500
vt -3.000000 4.062500
vt -2.000000 4.125000
vt -2.000000 4.062500
vt 2.000000 4.187500
vt 19.500000 2.000000
vt 20.000000 2.000000
vt -19.750000 2.000000
vt -20.000000 2.000000
vt -3.000000 3.812500
vt -2.000000 3.875000
vt -2.000000 3.812500
vt 2.000000 3.937500
vt 3.000000 3.937500
vt 20.000000 3.000000
vt -20.250000 2.000000
vt 20.500000 2.000000
vt -3.000000 3.437500
vt -2.000000 3.437500
vt 2.000000 3.562500
vt 3.000000 3.625000
vt 3.000000 3.562500
vt -3.000000 3.562500
vt -2.000000 3.625000
vt -2.000000 3.562500
vt 2.000000 3.687500
vt 3.000000 3.750000
vt 3.000000 3.687500
vt 20.750000 2.000000
vt 20.500000 3.000000
vt -20.750000 2.000000
vt 21.000000 2.000000
vt 20.750000 3.000000
vt -21.000000 3.000000
vt -3.000000 3.312500
vt -2.000000 3.375000
vt -2.000000 3.312500
vt 2.000000 3.437500
vt 3.000000 3.437500
vt 21.250000 2.000000
vt 21.000000 3.000000
vt -21.250000 2.000000
vt 21.250000 3.000000
vt -21.500000 2.000000
vt -3.000000 2.687500
vt -2.000000 2.687500
vt 2.000000 2.812500
vt 3.000000 2.875000
vt 3.000000 2.812500
vt -3.000000 2.937500
vt -2.000000 2.937500
vt 2.000000 3.062500
vt 3.000000 3.125000
vt 3.000000 3.062500
vt -3.000000 3.062500
vt -2.000000 3.125000
vt -2.000000 3.062500
vt 2.000000 3.187500
vt 3.000000 3.250000
vt 3.000000 3.187500
vt 21.750000 2.000000
vt -21.750000 2.000000
vt 21.750000 3.000000
vt -22.000000 2.000000
vt -3.000000 2.812500
vt -2.000000 2.812500
vt 2.000000 2.937500
vt 3.000000 2.937500
vt 22.250000 2.000000
vt -3.000000 2.437500
vt -2.000000 2.437500
vt 2.000000 2.562500
vt 3.000000 2.625000
vt 3.000000 2.562500
vt -3.000000 2.562500
vt -2.000000 2.625000
vt -2.000000 2.562500
vt 2.000000 2.687500
vt 3.000000 2.750000
vt 3.000000 2.687500
vt 22.750000 2.000000
vt 22.500000 3.000000
vt -22.750000 3.000000
vt 22.750000 3.000000
vt -3.000000 2.312500
vt -2.000000 2.375000
vt -2.000000 2.312500
vt 2.000000 2.437500
vt 3.000000 2.437500
vt -23.250000 2.000000
vt -23.500000 3.000000
vt -23.500000 2.000000
vt -3.000000 -8.500000
vt -2.000000 -8.500000
vt -2.000000 -9.000000
vt -3.000000 -6.750000
vt -2.000000 -6.750000
vt -2.000000 -7.250000
vt -2.000000 -5.000000
vt -2.000000 -5.500000
vt -3.000000 -3.250000
vt -2.000000 -3.250000
vt -2.000000 -3.750000
vt -3.000000 -1.500000
vt -2.000000 -1.500000
vt -2.000000 -2.750000
vt -3.000000 0.250000
vt -2.000000 0.250000
vt -2.000000 -1.000000
vt -2.000000 0.750000
vt -3.000000 -10.250000
vt -3.000000 -10.750000
vt 27.000000 3.000000
vt 25.250000 3.000000
vt 23.500000 3.000000
vt -25.250000 2.000000
vt -27.500000 3.000000
vt -27.500000 2.000000
vt -27.000000 2.000000
vt -26.750000 3.000000
vt -23.750000 3.000000
vt -9.000000 5.500000
vt -8.750000 5.500000
vt -17.500000 10.000000
vt -16.500000 11.000000
vt -16.500000 10.000000
vt -17.500000 11.000000
vt -8.000000 5.500000
vt -8.250000 6.500000
vt -3.500000 10.000000
vt -2.500000 11.000000
vt -2.500000 10.000000
vt -3.500000 11.000000
vt -1.000000 5.250000
vt 0.750000 5.250000
vt -16.750000 5.500000
vt -16.250000 4.250000
vt -16.250000 5.000000
vt -33.500000 10.000000
vt -32.500000 11.000000
vt -32.500000 10.000000
vt -33.500000 11.000000
vt -16.250000 7.250000
vt -16.250000 6.500000
vt -16.000000 5.500000
vt -8.250000 9.503289
vt -8.000000 9.503289
vt -8.000000 9.056075
vt -9.000000 9.056075
vt -8.750000 9.503289
vt -1.250000 9.503289
vt -1.000000 8.608862
vt -2.000000 9.056075
vt -16.750000 9.503289
vt -16.250000 9.503289
vt -16.000000 9.056075
vt 8.250000 3.750000
vt -7.500000 3.250000
vt 8.500000 0.750000
vt 7.500000 1.250000
vt 7.500000 -0.500000
vt -8.500000 0.750000
vt -7.500000 -0.750000
vt -8.500000 -1.000000
vt -7.500000 -1.000000
vt -8.500000 0.250000
vt -7.500000 -0.250000
vt 7.500000 -2.000000
vt 8.000000 -1.000000
vt -7.500000 3.750000
vt -8.250000 3.750000
vt -7.531250 7.250000
vt -7.500000 3.500000
vt 8.000000 -8.000000
vt -7.625000 2.500000
vt 7.500000 -17.000000
vt 8.000000 -16.000000
vt -8.500000 -15.500000
vt -7.500000 -15.500000
vt -8.500000 -13.750000
vt -7.500000 -13.750000
vt -8.500000 -12.000000
vt -7.500000 -12.000000
vt -8.500000 -10.250000
vt -7.500000 -10.250000
vt -7.500000 -9.000000
vt -8.500000 -8.500000
vt -7.500000 -8.500000
vt -8.500000 -6.750000
vt -7.500000 -6.750000
vt -7.500000 -5.500000
vt -8.500000 -5.000000
vt -7.500000 -5.000000
vt -7.500000 -3.750000
vt -8.500000 -3.250000
vt -7.500000 -3.250000
vt -7.500000 -2.000000
vt -8.500000 -1.500000
vt -7.500000 -1.500000
vt -8.250000 2.000000
vt -7.500000 1.500000
vt -8.500000 -17.000000
vt -7.500000 -17.000000
vt -8.500000 2.500000
vt -8.500000 3.750000
vt -7.500000 -1.750000
vt -8.500000 -1.750000
vt -7.500000 -9.750000
vt -8.500000 -9.750000
vt -8.500000 -9.250000
vt -8.500000 -8.000000
vt -8.500000 -7.500000
vt -8.500000 -6.250000
vt -8.500000 -5.750000
vt -8.500000 -4.500000
vt -7.500000 -2.250000
vt -11.750000 -10.000000
vt -10.500000 -10.000000
vt -10.500000 -8.500000
vt -13.500000 -8.250000
vt -13.500000 -10.000000
vt -11.750000 -8.250000
vt -10.500000 -8.250000
vt -10.500000 -6.750000
vt -13.500000 -6.500000
vt -11.750000 -6.500000
vt -10.500000 -6.500000
vt -10.500000 -5.000000
vt -13.500000 -4.750000
vt -11.750000 -4.750000
vt -10.500000 -4.750000
vt -10.500000 -3.250000
vt -11.750000 -3.000000
vt -12.250000 -3.000000
vt -13.500000 -11.000000
vt -11.750000 -11.000000
vt -10.500000 -11.000000
vt -10.500000 -10.250000
vt -14.000000 -1.750000
vt -13.500000 -1.750000
vt -13.500000 -1.250000
vt -19.250000 -1.750000
vt -21.000000 -0.000000
vt -21.000000 -1.750000
vt -17.500000 -1.750000
vt -19.250000 -0.000000
vt -15.750000 -1.750000
vt -17.500000 -0.000000
vt -15.750000 -0.000000
vt -15.750000 -3.000000
vt -14.000000 -3.000000
vt -17.500000 -3.000000
vt -19.250000 -3.000000
vt -21.000000 -3.000000
vt -13.500000 -3.000000
vt -24.500000 -0.000000
vt -24.000000 -1.250000
vt -24.000000 -0.000000
vt -24.500000 -1.500000
vt -24.500000 -1.750000
vt -24.000000 -3.000000
vt -24.000000 -1.750000
vt -10.500000 0.250000
vt -22.750000 0.250000
vt -21.000000 0.250000
vt -19.250000 0.250000
vt -17.500000 0.250000
vt -15.750000 0.250000
vt -14.000000 0.250000
vt -12.250000 0.250000
vt -14.000000 -0.000000
vt -13.500000 -0.000000
vt -22.750000 -0.000000
vt -22.250000 -0.000000
vt -24.500000 0.250000
vt -12.250000 -0.000000
vt -11.750000 -0.000000
vt -14.000000 -15.250000
vt -13.500000 -15.250000
vt -13.500000 -14.000000
vt -22.750000 -13.500000
vt -24.500000 -13.500000
vt -24.500000 -13.750000
vt -21.000000 -15.250000
vt -21.000000 -13.500000
vt -19.250000 -15.250000
vt -19.250000 -13.500000
vt -17.500000 -15.250000
vt -17.500000 -13.500000
vt -15.750000 -15.250000
vt -15.750000 -13.500000
vt -14.000000 -13.500000
vt -13.500000 -13.500000
vt -13.500000 -12.250000
vt -22.750000 -11.750000
vt -24.500000 -11.750000
vt -24.500000 -12.000000
vt -21.000000 -11.750000
vt -19.250000 -11.750000
vt -17.500000 -11.750000
vt -15.750000 -11.750000
vt -14.000000 -11.750000
vt -13.500000 -11.750000
vt -22.750000 -10.000000
vt -24.500000 -10.000000
vt -24.500000 -10.250000
vt -21.000000 -10.000000
vt -19.250000 -10.000000
vt -17.500000 -10.000000
vt -15.750000 -10.000000
vt -14.000000 -10.000000
vt -14.000000 -8.250000
vt -22.750000 -8.250000
vt -24.500000 -8.250000
vt -24.500000 -8.500000
vt -21.000000 -8.250000
vt -19.250000 -8.250000
vt -17.500000 -8.250000
vt -15.750000 -8.250000
vt -14.000000 -6.500000
vt -24.500000 -6.500000
vt -24.500000 -6.750000
vt -21.000000 -6.500000
vt -19.250000 -6.500000
vt -17.500000 -6.500000
vt -15.750000 -6.500000
vt -14.000000 -4.750000
vt -22.750000 -4.750000
vt -24.500000 -4.750000
vt -24.500000 -5.000000
vt -21.000000 -4.750000
vt -19.250000 -4.750000
vt -17.500000 -4.750000
vt -15.750000 -4.750000
vt -22.750000 -3.000000
vt -14.000000 -16.000000
vt -15.750000 -16.000000
vt -19.250000 -16.000000
vt -18.500000 -16.000000
vt -22.750000 -15.250000
vt -21.000000 -16.000000
vt -24.500000 -15.250000
vt -24.500000 -15.500000
vt -13.500000 -16.000000
vt -13.500000 -15.750000
vt -15.750000 -17.000000
vt -14.000000 -17.000000
vt -17.500000 -17.000000
vt -13.500000 -17.000000
vt -11.750000 -15.750000
vt -10.500000 -15.750000
vt -10.500000 -15.500000
vt -12.250000 -14.000000
vt -12.250000 -17.000000
vt -11.750000 -17.000000
vt -10.500000 -17.000000
vt -8.750000 -13.750000
vt -8.750000 -15.500000
vt -10.500000 -13.750000
vt -10.500000 -14.000000
vt -8.750000 -12.000000
vt -10.500000 -12.000000
vt -10.500000 -12.750000
vt -8.750000 -10.250000
vt -8.750000 -8.500000
vt -8.750000 -6.750000
vt -8.750000 -5.000000
vt -8.750000 -3.250000
vt -8.750000 -1.500000
vt -10.500000 -1.500000
vt -10.500000 -1.750000
vt -10.500000 -3.000000
vt -8.750000 0.250000
vt -10.500000 -0.000000
vt -8.750000 -17.000000
vt -24.750000 -15.500000
vt -24.750000 -13.750000
vt -26.500000 -13.750000
vt -26.500000 -15.250000
vt -24.750000 -12.000000
vt -26.500000 -12.000000
vt -26.500000 -13.500000
vt -24.750000 -10.250000
vt -26.500000 -10.250000
vt -26.500000 -11.750000
vt -24.750000 -8.500000
vt -26.500000 -8.500000
vt -26.500000 -9.000000
vt -26.500000 -10.000000
vt -24.750000 -6.750000
vt -26.500000 -6.750000
vt -26.500000 -8.000000
vt -24.750000 -5.000000
vt -26.500000 -5.000000
vt -26.500000 -6.250000
vt -24.750000 -3.250000
vt -26.500000 -3.250000
vt -26.500000 -4.500000
vt -24.750000 -1.500000
vt -24.500000 -3.250000
vt -24.500000 -3.000000
vt -26.500000 -1.500000
vt -26.500000 -2.750000
vt -26.500000 -1.000000
vt -24.750000 0.250000
vt -26.500000 -17.000000
vt -24.750000 -17.000000
vt -24.500000 -17.000000
vt -24.500000 -16.000000
vt -21.000000 -17.000000
vt -19.500000 -17.000000
vt -22.750000 -16.000000
vt -22.750000 -17.000000
vt -21.250000 -17.000000
vt -23.000000 -17.000000
vt -19.250000 -17.000000
vt -18.500000 -17.000000
vt -27.500000 0.250000
vt -26.500000 -0.000000
vt -26.500000 0.250000
vt -27.500000 -8.000000
vt -27.500000 -6.250000
vt -27.500000 -4.500000
vt -27.500000 -2.750000
vt -27.500000 -9.000000
vt -27.500000 -15.250000
vt -27.500000 -13.500000
vt -27.500000 -11.750000
vt -27.500000 -17.000000
vt -26.500000 -15.500000
vt 0.000000 -10.000000
vt 1.000000 -8.250000
vt 1.000000 -10.000000
vt 0.000000 -8.250000
vt 1.000000 -6.500000
vt 0.000000 -6.500000
vt 1.000000 -4.750000
vt 1.000000 -10.750000
vt 0.000000 -10.750000
vt 10.000000 -4.750000
vt 9.910076 -4.750000
vt 10.500000 -4.400814
vt 11.599503 -3.750000
vt 11.660076 -4.750000
vt 11.750000 -4.750000
vt 11.660076 -3.714145
vt 12.000000 -3.512939
vt 12.000000 -3.750000
vt 10.000000 -8.250000
vt 9.000000 -10.000000
vt 9.000000 -8.250000
vt 10.000000 -6.500000
vt 9.000000 -6.500000
vt 9.000000 -4.750000
vt 10.000000 -10.000000
vt 9.000000 -10.750000
vt 10.500000 -3.750000
vt 8.750000 -3.750000
vt 8.750000 -4.750000
vt 8.000000 -4.750000
vt 7.000000 -3.750000
vt 7.000000 -4.750000
vt 6.250000 -4.750000
vt 5.250000 -3.750000
vt 5.250000 -4.750000
vt 4.500000 -4.750000
vt 3.500000 -3.750000
vt 3.500000 -4.750000
vt 2.750000 -4.750000
vt 1.750000 -3.750000
vt 1.750000 -4.750000
vt 11.000000 -3.750000
vt 12.000000 0.750000
vt 12.000000 2.500000
vt 12.000000 4.250000
vt 12.000000 -2.750000
vt 13.750000 5.250000
vt 10.250000 4.250000
vt 6.750000 4.250000
vt 6.750000 5.250000
vt 5.000000 4.250000
vt 5.000000 5.250000
vt 3.250000 5.250000
vt 3.250000 4.250000
vt 1.500000 4.250000
vt -0.250000 4.250000
vt 15.500000 5.250000
vt -10.000000 -1.750000
vt -10.000000 -2.750000
vt -10.250000 -2.750000
vt -11.750000 -1.750000
vt -11.750000 -2.750000
vt -12.000000 -2.750000
vt -8.500000 -2.750000
vt -14.500000 -3.250000
vt -13.500000 -2.750000
vt -13.500000 -3.250000
vt -14.500000 -1.500000
vt -13.500000 0.250000
vt -13.500000 -1.500000
vt -14.500000 0.250000
vt -13.500000 3.750000
vt -14.500000 3.750000
vt -13.500000 5.500000
vt -13.500000 -4.500000
vt -18.500000 -9.250000
vt -17.500000 -7.500000
vt -17.500000 -9.250000
vt -18.500000 -7.500000
vt -18.500000 -5.750000
vt -18.000000 -5.750000
vt -17.500000 -10.750000
vt -18.500000 -10.750000
vt -16.250000 -4.750000
vt -15.250000 -5.750000
vt -16.250000 -5.750000
vt -15.250000 -4.750000
vt -18.000000 -4.750000
vt -17.500000 -5.750000
vt -17.000000 -4.750000
vt -17.000000 -5.750000
vt -19.750000 -5.750000
vt -19.750000 -4.750000
vt -18.750000 -4.750000
vt -20.250000 -5.750000
vt -21.500000 -5.750000
vt -21.500000 -4.750000
vt -20.500000 -4.750000
vt -14.500000 -4.750000
vt -13.500000 -5.750000
vt -14.500000 -5.750000
vt -20.500000 -3.500000
vt -21.500000 -3.500000
vt -21.500000 -2.750000
vt -20.500000 -1.750000
vt -21.500000 -1.750000
vt -21.500000 -1.000000
vt -20.500000 -0.000000
vt -21.500000 -0.000000
vt -21.500000 0.750000
vt -20.500000 1.750000
vt -21.500000 1.750000
vt -21.500000 2.500000
vt -21.500000 3.500000
vt -21.500000 4.222870
vt -21.474731 4.250000
vt -21.250000 4.491277
vt -20.500000 3.500000
vt -21.500000 -4.500000
vt -21.500000 4.250000
vt -23.000000 5.250000
vt -23.000000 4.250000
vt -23.250000 4.250000
vt -24.750000 4.250000
vt -25.000000 4.250000
vt -21.250000 5.250000
vt -20.543310 5.250000
vt 0.000000 -10.500000
vt -1.250000 -8.750000
vt 0.000000 -8.750000
vt -3.000000 -10.500000
vt -3.000000 -8.750000
vt -1.750000 -8.750000
vt -1.250000 -10.500000
vt -1.250000 -10.750000
vt -1.750000 -10.750000
vt -11.000000 -10.500000
vt -12.250000 -8.750000
vt -11.000000 -8.750000
vt -14.000000 -10.500000
vt -14.000000 -8.750000
vt -12.750000 -8.750000
vt -12.250000 -10.500000
vt -12.250000 -10.750000
vt -13.500000 -10.750000
vt -11.000000 -10.750000
vt -11.750000 -10.750000
vt -11.000000 -11.000000
vt -11.000000 -11.500000
vt -11.000000 -12.750000
vt -11.000000 -13.250000
vt -11.000000 -13.500000
vt -11.000000 -0.000000
vt -11.000000 -0.500000
vt -11.000000 -1.750000
vt -11.000000 -2.250000
vt -11.000000 -2.500000
vt -11.250000 -0.500000
vt -11.250000 -0.000000
vt -11.250000 -11.500000
vt -11.250000 -11.000000
vt -12.750000 -2.500000
vt -13.000000 -2.500000
vt -13.000000 -3.000000
vt -11.250000 -3.000000
vt -11.250000 -2.500000
vt -12.750000 -13.500000
vt -13.000000 -13.500000
vt -13.000000 -14.000000
vt -11.250000 -14.000000
vt -11.250000 -13.500000
vt -13.000000 -12.750000
vt -13.500000 -12.750000
vt -13.000000 -11.500000
vt -13.000000 -11.000000
vt -13.000000 -11.750000
vt -13.000000 -1.750000
vt -13.000000 -0.500000
vt -13.000000 -0.000000
vt -13.000000 -0.750000
vt -27.000000 -17.500000
vt -27.000000 -14.500000
vt -26.500000 -14.500000
vt -23.500000 -14.500000
vt -23.500000 -17.500000
vt -25.500000 -17.500000
vt -23.000000 -17.500000
vt -23.000000 -14.500000
vt -5.000000 -17.500000
vt -4.500000 -14.500000
vt -1.500000 -14.500000
vt -1.500000 -17.500000
vt -3.500000 -17.500000
vt -1.000000 -17.500000
vt -1.000000 -14.500000
vt 26.500000 -14.500000
vt 26.500000 -17.500000
vt 25.500000 -17.500000
vt 27.000000 -17.500000
vt 4.500000 -14.500000
vt 4.500000 -17.500000
vt 3.500000 -17.500000
vt 5.000000 -17.500000
vt -22.500000 -26.500000
vt -22.000000 -23.000000
vt -22.500000 -23.000000
vt -26.000000 -23.000000
vt -26.000000 -23.500000
vt -26.000000 -26.500000
vt -26.000000 -27.000000
vt -25.500000 -27.000000
vt -22.000000 -27.000000
vt -22.000000 -26.500000
vt -22.500000 -4.500000
vt -22.000000 -1.000000
vt -22.500000 -1.000000
vt -26.000000 -1.000000
vt -26.000000 -1.500000
vt -26.000000 -4.500000
vt -26.000000 -5.000000
vt -25.500000 -5.000000
vt -22.000000 -5.000000
vt -22.000000 -4.500000
vt 22.500000 -14.500000
vt 25.500000 -14.500000
vt 22.500000 -17.500000
vt 26.000000 -14.500000
vt 26.000000 -17.500000
vt -22.500000 -17.500000
vt -26.000000 -14.500000
vt -22.500000 -14.500000
vt -22.000000 -14.500000
vt -22.000000 -17.500000
vt 12.750000 -10.500000
vt 14.000000 -8.750000
vt 14.000000 -10.500000
vt 11.000000 -10.500000
vt 12.750000 -8.750000
vt 12.000000 -10.750000
vt 14.000000 -10.750000
vt 13.750000 -10.750000
vt 1.750000 -10.500000
vt 3.000000 -8.750000
vt 3.000000 -10.500000
vt 1.750000 -8.750000
vt 1.750000 -10.750000
vt 3.000000 -10.750000
vt 12.250000 -10.500000
vt 12.250000 -8.750000
vt 13.000000 -8.750000
vt 11.250000 -8.750000
vt 10.500000 -10.500000
vt 12.250000 -10.750000
vt 13.500000 -10.500000
vt 13.500000 -10.750000
vt -10.500000 -8.750000
vt -10.500000 -10.500000
vt -11.250000 -8.750000
vt -11.750000 -10.500000
vt -13.500000 -10.500000
vt -13.500000 -8.750000
vt -13.000000 -8.750000
vt -10.500000 -10.750000
vt 22.750000 -10.500000
vt 22.750000 -8.750000
vt 23.500000 -8.750000
vt 21.750000 -8.750000
vt 21.000000 -10.500000
vt 24.000000 -10.500000
vt 22.750000 -10.750000
vt -21.500000 -0.500000
vt -21.500000 -2.500000
vt -21.500000 -3.000000
vt -21.500000 -2.250000
vt -21.750000 -0.500000
vt -21.750000 -0.000000
vt -21.750000 -2.500000
vt -21.750000 -3.000000
vt -23.250000 -2.500000
vt -23.500000 -1.750000
vt -23.500000 -0.500000
vt -23.500000 -0.000000
vt -23.500000 -0.750000
vt -23.500000 -3.000000
vt -23.500000 -2.500000
vt 43.500000 -17.500000
vt 43.000000 -14.500000
vt 43.500000 -14.500000
vt 46.500000 -14.500000
vt 47.000000 -17.500000
vt 46.500000 -17.500000
vt -43.500000 -14.500000
vt -47.000000 -17.500000
vt -47.000000 -14.500000
vt -43.000000 -17.500000
vt -43.500000 -17.500000
vt -43.000000 -4.500000
vt -43.500000 -1.000000
vt -43.500000 -4.500000
vt -47.000000 -1.000000
vt -47.000000 -1.500000
vt -47.000000 -4.500000
vt -47.000000 -5.000000
vt -46.500000 -5.000000
vt -43.500000 -5.000000
vt -43.000000 -5.000000
vt -21.500000 -8.750000
vt -21.000000 -8.750000
vt -21.000000 -10.500000
vt -21.750000 -8.750000
vt -22.250000 -10.500000
vt -24.000000 -10.500000
vt -24.000000 -8.750000
vt -23.500000 -8.750000
vt -22.250000 -10.750000
vt -22.750000 -10.750000
vt -21.000000 -10.750000
vt -7.056053 -18.832464
vt -8.434337 -17.859921
vt -7.198874 -17.888166
vt 15.463592 -10.234942
vt 17.185019 -10.437282
vt 16.134413 -11.064906
vt -8.260519 -20.554163
vt -7.203814 -21.911596
vt -7.166121 -20.967300
vt -12.673140 -17.169268
vt -13.528481 -16.241190
vt -13.140390 -15.761878
vt -11.010425 -17.724461
vt -12.478610 -18.229368
vt -12.177031 -17.253145
vt 7.509010 -15.395436
vt 8.180153 -13.859168
vt 7.063792 -14.507171
vt 12.898592 -13.018506
vt 12.388596 -11.385461
vt 13.218555 -11.987307
vt 10.701451 -4.390630
vt 11.124249 -6.135777
vt 11.679085 -5.047152
vt 6.401573 17.950191
vt 7.993740 17.408171
vt 6.873773 16.924494
vt -20.366343 5.651847
vt -20.980795 7.058737
vt -20.102438 6.844028
vt 17.850176 -0.544791
vt 18.035057 -1.722769
vt 18.590685 -1.671142
vt 7.214549 13.525662
vt 8.040035 12.816676
vt 8.454892 13.190390
vt 9.629578 5.610417
vt 9.487009 5.995608
vt 9.446316 5.748960
vt 9.934923 6.211822
vt 10.077492 5.826631
vt 4.750436 6.105816
vt 4.583204 5.914271
vt 4.610507 5.614618
vt 4.999574 5.398405
vt 5.166805 5.589951
vt 5.139503 5.889603
vt 1.202146 -22.903736
vt 2.312640 -23.701748
vt 1.077177 -23.729994
vt 14.811525 18.130770
vt 14.185985 18.200575
vt 14.565394 18.508490
vt -1.539906 15.264833
vt -1.249632 15.354327
vt -1.091603 15.589794
vt -1.356094 15.881741
vt -1.646369 15.792248
vt -1.804399 15.556782
vt -16.337244 -15.112444
vt -17.192842 -13.944177
vt -17.453611 -14.464441
vt -15.981076 -14.401835
vt -17.008392 -13.576178
vt 8.054703 -24.307648
vt 6.586516 -23.802736
vt 7.710039 -23.191959
vt 9.478965 -22.575047
vt 10.334308 -21.646965
vt 10.906237 -22.353317
vt -3.039001 -21.035753
vt -1.944602 -20.622616
vt -1.976642 -19.819963
vt -21.647839 -7.910745
vt -20.597235 -8.538371
vt -21.248890 -9.344618
vt 21.929668 5.619371
vt 21.051311 5.404662
vt 20.840187 6.358406
vt -5.450667 21.408068
vt -5.762875 20.313274
vt -6.530851 20.644936
vt -18.084457 0.836497
vt -17.661659 2.581644
vt -18.517090 2.007187
vt -6.587058 -21.228031
vt -7.025588 -20.282810
vt -6.883307 -20.179636
vt 12.476398 6.564712
vt 11.775220 5.720651
vt 12.564914 4.984445
vt 12.965586 5.466765
vt 12.201483 -21.306328
vt 13.589367 -21.060152
vt 12.560963 -21.921333
vt 6.864298 -23.021788
vt 6.242440 -22.885002
vt 6.471769 -21.786022
vt 12.364511 20.991098
vt 11.194931 21.563198
vt 11.115222 20.936069
vt 22.961954 7.178502
vt 23.249062 6.648902
vt 22.023056 6.245987
vt -6.470897 22.827991
vt -5.996634 22.450197
vt -6.715824 21.725147
vt 22.713238 -7.438675
vt 23.185387 -7.144891
vt 22.249456 -6.210896
vt 6.956569 -21.786022
vt 6.218702 -22.506372
vt 5.897797 -21.885902
vt 23.859882 6.494419
vt 23.515600 6.431376
vt 22.871679 6.455134
vt 22.532318 7.774256
vt 23.659178 7.732679
vt 22.271448 -7.579887
vt 22.931347 -7.519134
vt 22.464874 -6.289872
vt 22.023056 7.172421
vt 22.103504 6.094920
vt 21.434542 6.173781
vt 21.862822 -7.492914
vt 22.483055 -7.813937
vt 22.669006 -6.515621
vt 22.249456 -7.203994
vt 21.645819 -6.202456
vt 21.173672 -6.523232
vt 22.718246 -6.715824
vt 21.523090 -7.227289
vt 21.914120 -7.701551
vt 9.846778 21.420147
vt 8.897693 20.231749
vt 9.976637 20.740101
vt 22.464874 -7.128537
vt 21.380384 -6.450907
vt 21.108227 -7.010375
vt 22.669006 -6.912717
vt 21.311871 -6.795962
vt 21.472425 -7.429689
vt 22.069702 -8.171971
vt 23.506504 -7.446032
vt 22.895584 -7.117120
vt -18.306097 9.383957
vt -18.490976 8.205978
vt -17.657532 8.128538
vt 21.173672 -8.167014
vt 21.035753 -6.946125
vt 20.209494 -7.304316
vt 22.196388 -8.740705
vt 22.623514 -7.227289
vt 21.490431 -7.910745
vt -7.890841 21.686344
vt -6.953687 20.893391
vt -8.002313 20.457977
vt 22.300076 -7.102969
vt 21.365952 -8.406447
vt 22.493443 -7.749374
vt -1.551401 22.263086
vt -2.376888 21.554100
vt -2.065746 21.273815
vt 13.991766 5.901613
vt 12.616020 5.508123
vt 13.648551 5.301154
vt 4.724092 -22.008661
vt 5.977407 -21.862377
vt 5.955984 -22.004021
vt 10.902214 -21.508917
vt 9.976871 -22.761213
vt 9.675291 -21.784988
vt 12.623497 -18.885965
vt 12.483067 -20.696987
vt 11.768154 -19.814047
vt -18.758999 -9.616592
vt -18.475048 -11.192744
vt -19.429821 -10.446552
vt -11.031254 -18.210491
vt -11.131395 -18.381815
vt -11.232471 -17.716148
vt 8.976899 -17.978519
vt 9.166604 -18.116085
vt 8.889194 -18.167564
vt -11.100433 7.283144
vt -11.181881 8.069924
vt -11.512291 8.003694
vt 15.766260 1.798039
vt 15.472971 1.994996
vt 15.385801 1.051554
vt 2.680989 19.621153
vt 2.058703 19.060583
vt 2.624752 18.574421
vt 3.169404 18.608524
vt 3.791691 19.169094
vt 3.652522 19.334248
vt -8.030546 18.105043
vt -6.438378 18.647068
vt -6.750584 17.552275
vt -0.154980 -19.678318
vt -0.133556 -19.819963
vt -0.550327 -19.669279
vt -9.567381 5.808161
vt -9.675285 6.477835
vt -9.927987 6.242249
vt -10.885001 7.550529
vt 14.771489 1.004849
vt 15.211425 0.709415
vt 2.884190 18.351597
vt 19.736252 5.321961
vt 18.731960 6.512686
vt 19.648018 6.557084
vt -4.832871 -21.759956
vt -4.970737 -22.206230
vt -5.766157 -21.382904
vt 19.650072 -5.528921
vt 20.287472 -5.193196
vt 19.824347 -5.886847
vt -0.012159 -20.622616
vt -1.014811 -20.505589
vt -1.294038 -20.287472
vt -1.390442 -19.650072
vt -9.070270 5.749532
vt -9.400825 6.147445
vt 14.650185 2.079940
vt 14.355996 1.283870
vt 1.858173 -19.721645
vt 1.820720 -18.783243
vt 0.948967 -19.208185
vt 0.738570 -19.503279
vt 0.764014 -20.140678
vt 0.731030 -19.314419
vt -7.277721 -21.682194
vt -7.522837 -21.984921
vt -7.934280 -21.132286
vt -5.177534 -22.875643
vt -5.947956 -22.456821
vt -6.206277 -21.958055
vt -5.999478 -21.288641
vt -20.923317 5.569659
vt -21.559265 5.624873
vt -20.969259 5.986077
vt 20.054518 -5.765616
vt -1.265474 -20.476332
vt -16.473503 -1.415408
vt -16.040869 -2.586098
vt -15.649816 -2.323490
vt -7.925186 -16.401630
vt -7.782902 -16.298452
vt -7.462940 -17.329655
vt -8.292908 -17.931505
vt -8.731437 -16.986282
vt -8.589149 -16.883102
vt -4.129322 19.495625
vt -4.954808 18.786640
vt -4.643667 18.506355
vt -13.736627 -15.766546
vt -12.620266 -16.414549
vt -12.264094 -15.703940
vt -8.235196 -20.880249
vt -8.459882 -21.157745
vt -22.167776 -6.504702
vt -22.285439 -6.088211
vt -22.621443 -6.269111
vt -6.301059 -22.264868
vt -21.941582 5.950201
vt -21.696024 5.541149
vt -22.050177 5.528082
vt -18.637135 5.441326
vt -18.822014 4.263348
vt -17.988575 4.185908
vt -21.526251 5.965525
vt 9.257510 8.867097
vt 9.188085 7.434072
vt 9.648860 7.988742
vt -21.856262 -8.443439
vt -21.892775 -8.693570
vt -22.160898 -8.409741
vt -22.834919 -9.052265
vt -22.399231 -8.157452
vt 21.330376 10.049006
vt 22.457237 10.007428
vt 22.369894 9.215802
vt 21.938118 -9.692942
vt 20.574856 -10.158573
vt 21.643965 -10.734169
vt 20.831707 -9.069830
vt 20.631199 -10.446552
vt 21.295620 -9.615230
vt 19.871105 -9.818550
vt 20.550724 -8.549524
vt 19.532715 -8.687341
vt -8.038368 19.691450
vt -8.997816 20.238726
vt -8.308721 20.524858
vt -21.010658 6.361284
vt 20.085760 -6.423736
vt 19.918745 -6.080723
vt -8.985476 5.939841
vt -8.835459 6.276546
vt -9.296232 6.831213
vt 20.628731 -3.987067
vt 20.140678 -3.174100
vt 19.503279 -3.450419
vt -22.586256 -6.730006
vt -22.071827 -6.844340
vt -21.476940 6.440401
vt -21.038177 6.610701
vt 20.592218 -5.887616
vt 20.628731 -6.137747
vt 8.947945 -21.731138
vt 9.534435 -20.638044
vt 9.770666 -21.042191
vt 10.391094 8.046994
vt 9.170375 7.522045
vt 9.996398 7.356467
vt 8.298076 20.134233
vt 7.451837 21.295527
vt 7.315752 20.224810
vt -22.693844 -7.507687
vt -21.991285 -7.129438
vt -21.853024 6.294428
vt -21.778685 6.583379
vt 5.083917 19.650570
vt 5.797734 20.839304
vt 4.856664 20.840649
vt -9.018256 15.344043
vt -7.426089 15.886068
vt -7.738296 14.791274
vt -7.208195 -17.660955
vt -7.814592 -17.859806
vt -7.331602 -17.557617
vt -6.551158 8.691878
vt -6.348495 8.110560
vt -6.456396 8.780221
vt -7.310994 9.098276
vt -7.217981 9.177151
vt -7.439354 9.564447
vt -15.870157 -11.322440
vt -15.586206 -12.898592
vt -16.540979 -12.152400
vt 17.935854 3.436559
vt 17.556110 3.162244
vt 17.645908 2.590083
vt -6.102188 18.348730
vt -6.569771 18.899864
vt -6.476451 18.165659
vt 10.863852 -13.156841
vt 10.780771 -13.205067
vt 11.086065 -13.814160
vt -7.418235 -18.020292
vt 11.322996 -15.146263
vt 11.512707 -15.283833
vt 11.488895 -15.360576
vt 14.772258 -17.935987
vt 14.912687 -16.124964
vt 15.729731 -17.134039
vt 14.232256 -20.272148
vt 12.764068 -19.767239
vt 13.887591 -19.156462
vt 9.499354 -20.967300
vt 8.121073 -21.939842
vt 8.246039 -21.113585
vt 17.630270 6.302617
vt 17.015812 4.895728
vt 16.714209 6.258219
vt -7.921645 -19.742207
vt -8.059513 -20.188484
vt -8.854933 -19.365154
vt 18.754999 -7.889144
vt 19.392397 -7.553413
vt 18.929272 -8.247065
vt -4.612346 -18.761858
vt -4.815984 -19.392397
vt -4.912395 -18.754999
vt -4.536757 -19.610512
vt -3.534994 -19.721645
vt -5.851380 8.051918
vt -6.181935 8.449832
vt 12.417474 -1.854412
vt 12.312408 -2.138730
vt 12.727909 -2.417758
vt -13.574480 -4.263541
vt -13.997281 -6.008694
vt -13.019646 -5.352173
vt 4.534045 -18.419342
vt 4.567027 -19.245600
vt 5.311224 -18.964664
vt -9.566909 -18.921192
vt -9.812026 -19.223921
vt -10.223467 -18.371288
vt -8.266308 -20.857891
vt -9.036730 -20.439077
vt -9.295053 -19.940306
vt -9.088254 -19.270891
vt -19.721373 7.844408
vt -20.494080 7.815899
vt -19.767319 8.260825
vt 19.642216 -7.871550
vt 19.159443 -8.125831
vt -4.787420 -19.581255
vt -18.343098 1.440617
vt -17.760387 0.573762
vt -17.752737 1.385763
vt -18.968178 1.498706
vt -19.026283 1.128477
vt -19.153057 0.320716
vt -17.763988 0.191652
vt 19.422201 -7.925186
vt 19.001680 -8.021688
vt 19.307198 -7.782902
vt -10.383947 -19.930265
vt -10.657662 -19.633287
vt -10.892055 -18.573332
vt -10.524386 -18.119247
vt -20.790590 -8.074813
vt -21.214813 -8.393501
vt -20.672930 -8.491303
vt -9.389835 -20.247120
vt -20.739639 8.224951
vt -20.324310 8.240274
vt -10.437282 -13.689752
vt -9.168794 -14.033131
vt -9.998755 -14.634975
vt -8.903286 -17.716654
vt -8.394463 -16.701492
vt -9.203587 -16.344166
vt -21.091406 -8.716609
vt -6.495590 15.084897
vt -6.707239 16.728165
vt -7.532734 16.019178
vt -20.961187 -10.803657
vt -21.939842 -11.412485
vt -21.504156 -10.517669
vt 20.399923 11.268457
vt 21.255295 12.282177
vt 21.140434 11.241136
vt 19.080009 -12.145175
vt 20.443272 -11.679543
vt 19.740713 -11.301293
vt 19.730431 -11.321077
vt 18.360050 -11.322440
vt 19.066008 -12.152400
vt 18.376257 -11.230653
vt 19.055878 -9.961629
vt 18.037867 -10.099444
vt -9.123051 18.489506
vt -10.082500 19.036785
vt -9.393403 19.322916
vt -19.808716 8.636034
vt 19.190683 -8.783954
vt 19.023670 -8.440941
vt -5.766588 8.242229
vt -5.616570 8.578933
vt -6.077344 9.133600
vt 19.245600 0.597923
vt 19.190683 -0.450426
vt 19.733654 -0.215043
vt -20.576979 -8.830942
vt -20.275002 8.715149
vt -19.836235 8.885450
vt 19.697142 -8.247834
vt 19.733654 -8.497965
vt 6.038620 11.169485
vt 5.969196 9.736460
vt 6.429970 10.291126
vt 5.334924 -21.540941
vt 5.921414 -20.447844
vt 6.157650 -20.851992
vt 5.724727 9.535964
vt 6.945449 10.060916
vt 6.325352 10.586758
vt 3.708749 21.027863
vt 4.554987 19.866568
vt 4.644413 20.570175
vt -21.198990 -9.494289
vt -20.496439 -9.116040
vt -20.651081 8.569178
vt -20.576746 8.858128
vt 1.983959 20.258127
vt 1.042900 20.259474
vt 1.159762 19.647432
vt 12.462866 13.097725
vt 12.468789 13.086920
vt 12.418849 13.076515
vt 12.144173 13.019288
vt 12.461058 12.441243
vt 12.838724 12.412107
vt 13.894173 9.827032
vt 13.894173 10.486814
vt 14.541868 9.305321
vt 13.429110 10.675375
vt 14.288160 12.790886
vt 14.323412 12.731461
vt 14.537089 12.944745
vt 14.575942 12.983525
vt 14.631060 12.212841
vt 15.614051 11.233523
vt 15.041257 11.521348
vt 15.211995 11.233523
vt 15.096505 12.105983
vt 14.784884 11.953532
vt 16.544245 8.987677
vt 16.800301 8.894917
vt 16.825619 9.191120
vt 16.073412 10.459155
vt 15.916008 10.046734
vt 16.073412 9.781388
vt 16.017986 10.552589
vt -19.221159 3.864619
vt -18.984102 3.097500
vt -18.788235 3.864619
vt -19.358713 3.325886
vt -18.761358 3.969879
vt -18.396612 5.398405
vt -18.774330 5.614618
vt -19.114183 4.283589
vt -19.667988 2.114619
vt -19.862095 1.354394
vt -19.487486 1.126009
vt -18.928051 -11.362947
vt -19.295742 -10.061414
vt -19.784479 -10.324541
vt -12.858217 11.401536
vt -12.591949 11.227467
vt -13.282819 9.967219
vt -13.401309 9.751078
vt -13.763001 9.751077
vt -13.709789 9.848145
vt -12.591949 11.501078
vt -12.431247 11.520612
vt -14.029180 8.605749
vt -15.491423 11.195700
vt -15.491423 11.873466
vt -16.319942 10.476787
vt -15.110638 12.176491
vt -15.225686 12.321431
vt -15.398458 12.030178
vt -15.117087 11.826735
vt -17.241423 8.923395
vt -17.216106 8.627191
vt -16.960051 8.719950
vt 18.619236 2.326631
vt 19.052160 2.326631
vt 18.870646 3.037535
vt 18.605331 4.076631
vt 18.172407 4.076631
vt 18.534914 2.656878
vt 18.562220 4.245477
vt 18.158503 5.826631
vt 17.780785 5.610417
vt 18.110235 4.320129
vt 19.031548 2.124774
vt 19.111074 2.095891
vt 4.150204 13.709789
vt 4.150204 14.140783
vt 2.813204 13.490183
vt 4.259556 13.763001
vt 5.449307 14.341949
vt 5.343301 14.721360
vt 4.449132 14.286246
vt -4.131734 12.998116
vt -3.386459 13.066449
vt -4.131734 13.429110
vt -2.558281 12.232453
vt -5.881734 13.849688
vt -5.087450 13.894173
vt -5.775728 14.229098
vt -4.529773 13.191806
vt -2.381734 12.146544
vt -2.142366 12.461058
vt -2.381734 12.577538
vt 18.273970 -9.737041
vt 18.501320 -9.757145
vt 18.809233 -10.143909
vt 18.735840 -10.317184
vt 18.508490 -10.297080
vt -2.789031 10.002961
vt -2.299843 11.100908
vt -2.420045 11.245604
vt 18.922216 1.987785
vt 18.633904 2.269184
vt 2.400204 12.858217
vt 2.002068 13.095473
vt 1.718568 12.526525
vt -12.346447 12.005189
vt -12.166369 12.003787
vt -12.403293 11.571604
vt -12.526525 12.006593
vt -19.306929 11.396701
vt -18.519432 10.119157
vt -19.646290 10.077580
vt 19.029078 1.993150
vt -14.995589 12.031550
vt -14.944315 12.117989
vt 17.859921 -10.249356
vt 18.876678 -11.119188
vt 18.404530 -11.367875
vt 18.840218 1.885043
vt -4.294944 11.461099
vt -3.245253 11.638043
vt -3.519824 12.118410
vt 1.709939 12.953320
vt 1.621192 12.479140
vt -12.479140 12.093029
vt 1.213427 12.280717
vt 1.097407 12.547505
vt 1.125679 12.669012
vt 1.150409 12.357800
vt 1.164739 12.257025
vt 1.176911 12.262948
vt -12.597901 -19.039984
vt -12.538873 -19.097612
vt -12.628716 -19.175901
vt 12.357800 18.947586
vt 12.605041 19.040699
vt 12.455770 18.506449
vt -18.141888 11.890090
vt -18.342863 11.519371
vt -18.714024 12.078118
vt -12.261265 -18.873001
vt -12.361626 -18.946159
vt -12.453357 -18.506569
vt 18.758221 1.782301
vt 18.862335 1.374537
vt 19.249376 1.554234
vt 19.154947 1.500181
vt 19.252485 1.542062
vt 19.221405 1.663783
vt 18.966087 1.392074
vt 18.871658 1.338021
vt 18.874767 1.325849
vt -19.442968 -11.009696
vt -19.877134 -11.234412
vt -19.356192 -11.615577
vt -19.213474 -11.774014
vt -19.116890 -11.839448
vt -18.837006 -11.101891
vt -18.404530 -11.382932
vt -19.154947 -11.825815
vt -18.966087 -11.943329
vt -18.428995 11.360492
vt -18.992334 11.920000
vt -18.899563 11.972706
vt -11.967946 12.365740
vt -11.944254 12.408958
vt -11.950177 12.398154
vt -12.280717 12.454983
vt -12.106563 12.442775
vt -12.268870 12.476592
vt -12.257025 12.498200
vt -18.877491 12.131840
vt -12.060544 -18.726677
vt -12.112882 -18.891445
vt -19.831377 -11.957460
vt -19.817377 -12.088504
vt -19.735651 -11.998817
vt -2.053619 11.986878
vt -1.645855 11.788455
vt -1.529834 12.055243
vt -14.976273 12.645061
vt -15.010973 12.683384
vt -14.768058 12.415112
vt -14.758101 12.536175
vt -14.865481 12.589767
vt -1.582837 11.865539
vt -1.609338 11.770685
vt -1.597166 11.764763
vt -14.991747 12.715799
vt -19.331398 -11.788686
vt -19.505060 -11.816589
vt -14.851060 12.614076
vt -14.703965 12.523160
vt -19.406637 -11.643146
vt -19.380848 -11.815147
vt -19.817612 -12.014326
vt -19.565590 -11.865539
vt -19.887239 -11.471247
vt -19.939157 -11.266514
vt -19.901970 -11.526177
vt -19.844286 -12.676830
vt -19.487486 -12.636910
vt -19.865204 -12.380289
vt 0.126348 19.796753
vt 0.022461 19.252714
vt 1.198799 19.254398
vt -19.544619 -13.188420
vt -19.432592 -12.630770
vt -12.693901 -19.463421
vt -13.241274 -19.557859
vt -13.302499 -19.285870
vt -12.981592 -18.665400
vt 12.979019 18.663673
vt 12.504756 18.285879
vt -1.641546 19.081932
vt -2.733364 17.897989
vt -1.563781 18.470093
vt -12.374850 -18.259417
vt -12.499223 -18.286770
vt -3.924265 -17.195181
vt -3.101279 -18.407793
vt -4.283747 -17.810184
vt -4.620997 12.031534
vt -21.068604 -10.591367
vt -21.406998 -11.722578
vt -20.134481 -11.894846
vt -19.941116 -11.248442
vt 12.226459 20.243458
vt 11.879133 20.316034
vt 11.627242 20.492268
vt -20.416245 3.559672
vt -20.554163 2.338782
vt -19.944098 3.354991
vt -20.364851 -10.637004
vt -20.547752 -11.235312
vt -19.905592 -11.802318
vt -19.538971 -11.691861
vt -20.433084 -12.560387
vt -19.787758 -12.365712
vt 0.249714 20.442799
vt 1.326816 19.798471
vt 1.328658 19.934446
vt -20.439095 -11.748364
vt -19.868422 -12.334669
vt -20.510374 -12.532288
vt -19.944098 -13.173677
vt -19.808889 -13.178668
vt -20.063206 -11.330719
vt -21.883833 -10.448291
vt -21.661461 -9.704931
vt -21.931290 -10.084886
vt -22.007225 -9.503420
vt -21.152399 -9.360423
vt -21.551056 -8.861631
vt -21.963541 -9.346564
vt -22.162571 -10.410556
vt -22.202660 -9.389531
vt -22.362183 -9.922808
vt 11.209364 21.653753
vt 10.520268 21.939882
vt 10.495850 22.208950
vt -22.160200 -9.577768
vt -21.963799 -9.696230
vt -6.250324 8.972336
vt -7.015711 9.348680
vt -6.845923 9.492662
vt -7.240620 10.183188
vt -6.714561 -18.074324
vt -6.950791 -18.478470
vt -6.911672 -17.909264
vt -5.630217 19.326958
vt -5.899460 18.447895
vt -5.540788 18.623339
vt -7.313416 -18.295202
vt -7.438522 10.143520
vt -7.736235 10.083844
vt -2.700907 20.617298
vt -3.107919 19.834873
vt -2.850245 19.835241
vt -5.899188 19.302155
vt -6.166343 18.853502
vt -7.518376 -18.191616
vt -22.494637 -10.365592
vt 11.371569 22.153803
vt -21.504156 -0.384892
vt -21.254011 -1.108055
vt -20.961187 -0.620275
vt -3.218799 20.861300
vt -6.219611 19.272608
vt -22.683935 -9.848551
vt 19.958857 -8.589149
vt 19.737652 -8.932281
vt 19.023252 -9.359060
vt 18.352430 -8.529101
vt -22.727810 -9.728703
vt -22.563450 -9.179266
vt -22.522783 -9.359060
vt -11.239298 -19.002188
vt -21.340418 -8.370832
vt -21.595417 -8.987962
vt 6.430040 19.920420
vt 5.886064 19.685497
vt 5.564972 20.382957
vt 20.073858 -8.731437
vt -22.901842 -10.310476
vt 10.466751 22.529497
vt 10.760655 22.785730
vt 5.413865 20.711193
vt 6.309834 21.098129
vt 6.907908 20.513243
vt 7.006031 20.169167
vt -22.384090 5.906315
vt -22.671989 5.920268
vt -22.301147 6.280997
vt -4.272550 -22.381733
vt -4.482948 -22.086637
vt -4.490487 -22.275497
vt 11.479715 22.487160
vt -21.966967 -0.798987
vt -22.086637 -1.156924
vt 6.693821 21.263962
vt -22.295858 7.141436
vt -22.120186 7.098494
vt -23.119184 6.768206
vt -4.457505 -21.449238
vt -3.400800 -22.806671
vt -3.368760 -22.004021
vt -3.713314 -21.730173
vt -21.449238 -1.433243
vt 18.919453 2.332794
vt 18.911806 3.144790
vt 18.329096 2.277941
vt -3.674442 20.445936
vt -3.414886 19.834433
vt -22.998543 7.313204
vt -3.363106 -21.862377
vt 17.704014 2.219862
vt 18.908207 3.526905
vt -3.791315 19.833895
vt -6.612541 19.236378
vt 11.225992 -14.093331
vt 11.596837 -13.929555
vt 17.519133 3.397840
vt 17.790003 3.423007
vt 12.169962 -13.676445
vt 11.897133 -12.557062
vt -3.676929 -18.783243
vt -7.537284 -17.385378
vt -6.709097 8.544635
vt 10.244219 -15.627214
vt 10.682747 -14.681990
vt -8.066644 10.017613
vt -7.466018 8.966812
vt 13.722672 -1.624556
vt 5.673769 17.227406
vt 5.462112 15.584136
vt 6.369613 16.401632
vt -23.378679 -9.036186
vt -23.156307 -8.292820
vt -23.426138 -8.672776
vt -23.502071 -8.091318
vt -22.717592 -7.654574
vt -23.116247 -7.155782
vt -23.528728 -7.640716
vt -9.469213 6.669949
vt -10.461358 7.334759
vt -10.291570 7.478741
vt -10.686267 8.169271
vt -10.327580 -18.264523
vt -10.563810 -18.668667
vt -10.524692 -18.099461
vt -10.663628 7.163232
vt -9.283878 18.891008
vt -9.373306 19.594624
vt -9.642550 18.715565
vt -10.926434 -18.485399
vt -10.884169 8.129600
vt -6.664020 20.416420
vt -6.514683 21.198477
vt -6.921694 20.416052
vt -9.642277 19.569822
vt -9.909433 19.121168
vt 10.418482 22.627081
vt 10.124683 22.855694
vt 10.469232 22.712629
vt -7.144904 20.854242
vt -7.228662 20.415611
vt -9.962702 19.540276
vt -23.989485 -8.953499
vt 9.435584 23.141823
vt 9.382079 23.731440
vt 10.286892 23.355740
vt -23.725386 -7.871918
vt -23.528986 -7.990384
vt -6.440014 21.589502
vt -7.032576 21.442484
vt -23.697500 -7.977426
vt -24.178782 -8.436453
vt 22.196037 -6.077060
vt 22.847700 -6.883307
vt 22.626505 -7.226427
vt -24.222660 -8.316607
vt -24.058300 -7.767163
vt -24.087975 -7.653213
vt -8.094764 -22.691263
vt -23.354548 -6.663806
vt -23.090265 -7.001359
vt 5.442336 22.681423
vt 4.898354 22.446495
vt 4.577256 23.143970
vt 22.962698 -7.025588
vt -24.396690 -8.898374
vt 9.675976 23.987671
vt 4.426153 23.472193
vt 5.322124 23.859129
vt 5.920197 23.274246
vt 6.018321 22.930170
vt -24.401838 6.160783
vt -24.689743 6.174735
vt -24.318897 6.535466
vt -10.285644 18.953390
vt -9.845278 18.616402
vt 14.497755 -11.902958
vt 14.714004 -12.334400
vt 15.256878 -11.462316
vt -11.509785 -18.190580
vt 8.538371 -18.923742
vt 9.589285 -19.281580
vt 9.344618 -19.508390
vt 3.095846 19.994865
vt 17.754967 6.197984
vt 17.314867 6.532712
vt 17.372972 6.162491
vt -7.533668 20.789099
vt -10.355631 19.504044
vt 15.970289 -11.965569
vt 15.614115 -11.254956
vt 9.486897 -19.611563
vt 0.402214 -23.701748
vt 0.439908 -22.757452
vt -0.654491 -22.344315
vt 10.731798 23.155241
vt 10.636320 22.994291
vt 18.577164 7.469535
vt 17.188091 7.340469
vt -7.377838 21.605158
vt 15.313817 -12.627448
vt 16.122936 -12.270119
vt 5.706112 24.024961
vt -25.016291 7.567671
vt -10.000000 0.250000
vt -11.750000 0.250000
vt -11.750000 -1.500000
vt -10.000000 3.750000
vt -11.750000 3.750000
vt -10.000000 5.500000
vt -11.750000 5.500000
vt -10.250000 7.250000
vt -10.000000 -1.500000
vt -15.250000 -3.250000
vt -18.750000 -3.250000
vt -20.500000 -3.250000
vt -17.000000 -1.500000
vt -17.000000 -3.250000
vt -15.250000 -1.500000
vt -18.750000 -1.500000
vt -20.500000 -1.500000
vt -17.000000 0.250000
vt -15.250000 0.250000
vt -18.750000 0.250000
vt -20.500000 0.250000
vt -17.000000 3.750000
vt -15.250000 3.750000
vt -18.750000 3.750000
vt -20.500000 3.750000
vt -20.500000 5.250000
vt -15.250000 5.500000
vt -18.750000 5.500000
vt -10.000000 -4.500000
vt -11.750000 -4.500000
vt -10.000000 -5.750000
vt -10.500000 -5.750000
vt -11.750000 -5.750000
vt -12.250000 -5.750000
vt -8.750000 -5.750000
vt -23.000000 -4.500000
vt -24.750000 -2.750000
vt -24.750000 -4.500000
vt -23.000000 -2.750000
vt -24.750000 -1.000000
vt -23.000000 -1.000000
vt -26.500000 4.250000
vt -23.000000 -5.750000
vt -24.750000 -5.750000
vt -26.500000 -5.750000
vt -26.500000 -4.750000
vt -8.750000 -7.500000
vt -15.750000 -7.500000
vt -15.750000 -9.250000
vt -14.000000 -7.500000
vt -14.000000 -9.250000
vt -12.250000 -7.500000
vt -12.250000 -9.250000
vt -10.500000 -7.500000
vt -10.500000 -9.250000
vt -8.750000 -9.250000
vt -15.750000 -5.750000
vt -14.000000 -5.750000
vt -8.750000 -10.750000
vt -14.000000 -10.750000
vt -15.750000 -10.750000
vt -19.500000 -9.250000
vt -24.750000 -9.250000
vt -26.500000 -9.250000
vt -26.500000 -8.250000
vt -23.000000 -7.500000
vt -23.000000 -9.250000
vt -21.250000 -7.500000
vt -21.250000 -9.250000
vt -19.500000 -7.500000
vt -24.750000 -7.500000
vt -26.500000 -7.500000
vt -26.500000 -6.500000
vt -21.250000 -5.750000
vt -19.500000 -10.750000
vt -21.250000 -10.750000
vt -23.000000 -10.750000
vt -24.500000 -10.750000
vt -24.750000 -10.750000
vt -26.500000 -10.750000
vt -19.250000 -10.750000
vt -15.250000 -17.000000
vt -15.250000 -16.000000
vt -16.250000 -16.000000
vt -17.000000 -17.000000
vt -17.000000 -16.000000
vt -18.000000 -16.000000
vt -18.750000 -17.000000
vt -18.750000 -16.000000
vt -19.750000 -16.000000
vt -14.500000 -16.000000
vt -14.500000 -17.000000
vt 16.000000 -1.750000
vt 17.000000 -1.750000
vt 17.000000 -3.250000
vt 16.000000 -0.000000
vt 17.000000 -0.000000
vt 17.000000 -1.500000
vt 16.000000 1.750000
vt 17.000000 1.750000
vt 17.000000 0.250000
vt 17.000000 2.000000
vt 16.000000 5.250000
vt 17.000000 3.750000
vt 17.000000 -3.500000
vt 16.000000 -4.750000
vt 16.000000 -3.500000
vt 16.000000 -1.500000
vt 16.000000 0.250000
vt 16.000000 2.000000
vt 16.000000 3.750000
vt 16.000000 5.500000
vt 17.000000 -4.500000
vt 16.000000 -4.500000
vt 16.000000 -3.250000
vt 11.750000 -16.000000
vt 8.500000 -17.000000
vt 10.000000 -16.000000
vt 12.000000 -17.000000
vt 12.000000 -16.000000
vt -10.000000 -16.000000
vt -10.000000 -17.000000
vt -11.750000 -16.000000
vt -16.000000 -1.500000
vt -16.000000 0.250000
vt -16.000000 2.000000
vt -16.000000 -3.250000
vt 25.000000 -16.000000
vt 24.750000 -17.000000
vt 24.750000 -16.000000
vt 23.250000 -16.000000
vt 23.000000 -17.000000
vt 23.000000 -16.000000
vt 26.500000 -16.000000
vt 26.500000 -17.000000
vt -21.250000 -16.000000
vt -23.000000 -16.000000
vt -24.750000 -16.000000
vt -26.500000 -16.000000
vt -20.500000 -17.000000
vt -20.500000 -16.000000
vt -20.543310 -16.000000
vt -16.000000 -3.500000
vt -16.000000 -1.000000
vt -16.000000 0.750000
vt -16.000000 -0.000000
vt -16.000000 2.500000
vt -16.000000 4.222870
vt -17.000000 4.250000
vt 17.000000 -16.000000
vt 16.250000 -16.000000
vt 15.250000 -16.000000
vt 15.750000 -17.000000
vt 14.000000 -17.000000
vt 17.500000 -16.000000
vt 20.250000 -17.000000
vt 20.250000 -16.000000
vt 19.750000 -16.000000
vt 18.500000 -16.000000
vt 18.500000 -17.000000
vt 19.500000 -17.000000
vt 21.250000 -17.000000
vt -16.000000 -4.750000
vt 17.000000 -5.750000
vt 16.000000 -5.750000
vt -17.000000 -9.250000
vt -17.000000 -7.500000
vt -16.000000 -10.750000
vt 16.000000 -9.250000
vt 17.000000 -7.500000
vt 17.000000 -9.250000
vt 16.000000 -7.500000
vt 16.000000 -10.750000
vt -0.250000 5.500000
vt 8.750000 5.500000
vt 10.250000 -2.750000
vt -0.250000 -2.750000
vt 1.500000 -1.000000
vt 1.500000 -2.750000
vt 3.250000 -1.000000
vt 3.250000 -2.750000
vt 5.000000 -1.000000
vt 5.000000 -2.750000
vt 6.750000 -1.000000
vt 6.750000 -2.750000
vt 8.500000 -2.750000
vt 10.250000 -1.000000
vt -0.250000 -1.000000
vt 1.500000 0.750000
vt 3.250000 0.750000
vt 10.250000 0.750000
vt -0.250000 0.750000
vt 6.750000 2.500000
vt 8.500000 2.500000
vt 10.250000 2.500000
vt 10.250000 -3.750000
vt 6.750000 -3.750000
vt 5.000000 -3.750000
vt 3.250000 -3.750000
vt 1.500000 -3.750000
vt 0.000000 -3.750000
vt -0.250000 -3.750000
vt 15.500000 -4.500000
vt 17.000000 -2.750000
vt 13.750000 -4.500000
vt 12.000000 -4.500000
vt 15.500000 -2.750000
vt 13.750000 -1.000000
vt 13.750000 -2.750000
vt 15.500000 -1.000000
vt 17.000000 0.750000
vt 13.750000 0.750000
vt 15.500000 0.750000
vt 17.000000 2.500000
vt 13.750000 2.500000
vt 17.000000 4.250000
vt 15.250000 -4.750000
vt 13.500000 -4.750000
vt 17.000000 -4.750000
vt -0.250000 -7.250000
vt 0.000000 -7.250000
vt -0.250000 -9.000000
vt -0.250000 -5.500000
vt 0.000000 -5.500000
vt 0.000000 -4.750000
vt -2.000000 -10.250000
vt 0.000000 -9.000000
vt 8.000000 -10.000000
vt 2.750000 -8.250000
vt 2.750000 -10.000000
vt 4.500000 -8.250000
vt 4.500000 -10.000000
vt 6.250000 -8.250000
vt 6.250000 -10.000000
vt 8.000000 -8.250000
vt 6.250000 -6.500000
vt 8.000000 -6.500000
vt 8.000000 -10.750000
vt 6.250000 -10.750000
vt 4.500000 -10.750000
vt 2.750000 -10.750000
vt 15.250000 -10.000000
vt 17.000000 -8.250000
vt 17.000000 -10.000000
vt 11.750000 -8.250000
vt 11.750000 -10.000000
vt 13.500000 -8.250000
vt 13.500000 -10.000000
vt 15.250000 -8.250000
vt 17.000000 -6.500000
vt 11.750000 -6.500000
vt 13.500000 -6.500000
vt 15.250000 -6.500000
vt 12.000000 -4.750000
vt 27.500000 -6.250000
vt 26.500000 -5.250000
vt 26.500000 -3.500000
vt 26.500000 -1.750000
vt 27.500000 -8.000000
vt 27.500000 -10.000000
vt 26.500000 -10.000000
vt 26.500000 -11.660076
vt 27.500000 -12.000000
vt 26.500000 -11.750000
vt 26.500000 -12.000000
vt -27.500000 5.250000
vt -27.500000 -1.000000
vt -27.500000 0.750000
vt -27.500000 2.500000
vt -27.500000 -4.750000
vt 26.500000 -8.500000
vt 26.500000 -10.250000
vt 26.500000 -6.750000
vt 26.500000 -5.000000
vt 26.500000 -3.250000
vt 26.500000 -1.500000
vt 26.500000 0.250000
vt 27.500000 -11.000000
vt 26.500000 -11.000000
vt 26.500000 -13.750000
vt 27.500000 -15.500000
vt 27.500000 -13.750000
vt 26.500000 -15.500000
vt -27.500000 -3.250000
vt -27.500000 -5.000000
vt -27.500000 -1.500000
vt -26.500000 -6.000000
vt -27.500000 -6.000000
vt -27.500000 -15.750000
vt -26.500000 -15.750000
vt -27.500000 -14.000000
vt -26.500000 -14.000000
vt -27.500000 -12.250000
vt -26.500000 -12.250000
vt -27.500000 -10.500000
vt -26.500000 -10.500000
vt -27.500000 -8.750000
vt -26.500000 -8.750000
vt -27.500000 -10.250000
vt -26.500000 -7.000000
vt -27.500000 -7.000000
vt -27.500000 -8.500000
vt -26.500000 -5.250000
vt -27.500000 -5.250000
vt -27.500000 -6.750000
vt -26.500000 -3.500000
vt -27.500000 -3.500000
vt -26.500000 -1.750000
vt -27.500000 -1.750000
vt -27.500000 -0.000000
vt -26.500000 -11.000000
vt -27.500000 -11.000000
vt 27.500000 0.750000
vt 26.500000 0.750000
vt 27.500000 -3.750000
vt 26.500000 -3.750000
vt 26.500000 -3.512939
vt -26.500000 -3.750000
vt -27.500000 -3.750000
vt -27.500000 -8.250000
vt -27.500000 -6.500000
vt -27.500000 -10.750000
vt 27.500000 -8.250000
vt 26.500000 -8.250000
vt 27.500000 -6.500000
vt 26.500000 -6.500000
vt 27.500000 -4.750000
vt 26.500000 -10.750000
vt 27.500000 -10.750000
vt -27.500000 -10.000000
vt -27.500000 -7.250000
vt -27.500000 -5.500000
vt -13.250000 4.625000
vt -13.500000 4.500000
vt 13.000000 3.250000
vt -19.500000 4.250000
vt 15.000000 3.750000
vt 15.000000 2.250000
vt 30.750000 5.250000
vt -24.500000 2.250000
vt -9.750000 7.500000
vt -7.000000 7.500000
vt -5.000000 17.750000
vt -3.750000 26.250000
vt 2.750000 24.625000
vt -1.250000 21.000000
vt -1.750000 21.000000
vt 5.000000 24.000000
vt -3.000000 18.250000
vt -3.500000 25.000000
vt -7.000000 11.000000
vt -7.000000 30.000000
vt -16.000000 26.000000
vt 12.000000 12.500000
vt 12.000000 11.000000
vt 21.000000 29.000000
vt 8.500000 14.500000
vt 21.000000 49.000000
vt 8.500000 14.250000
vt 13.750000 26.000000
vt -11.000000 6.500000
vt -11.000000 7.500000
vt -30.250000 5.500000
vt -31.000000 6.000000
vt -20.250000 5.000000
vt -30.000000 5.000000
vt -5.000000 26.250000
vt -4.375000 26.250000
vt -4.750000 22.750000
vt -5.000000 22.750000
vt -4.250000 22.750000
vt -4.250000 24.625000
vt -4.250000 24.375000
vt -4.375000 22.250000
vt 2.250000 17.750000
vt 7.000000 25.000000
vt 4.750000 22.000000
vt 25.000000 6.500000
vt 17.000000 6.500000
vt 52.250000 12.000000
vt 5.250000 12.000000
vt -48.750000 12.000000
vt 49.250000 12.000000
vt -44.750000 11.000000
vt 45.250000 12.000000
vt -22.375000 -6.000000
vt -3.250000 6.500000
vt 19.500000 6.250000
vt -34.750000 11.000000
vt 35.250000 12.000000
vt -17.375000 -6.000000
vt 12.727922 6.250000
vt 16.617008 6.250000
vt -1.000000 21.500000
vt -6.000000 160.000000
vt 0.000000 162.000000
vt 1.250000 20.250000
vt 20.000000 162.000000
vt 8.000000 44.000000
vt -2.750000 6.000000
vt -1.750000 11.000000
vt 164.000000 44.000000
vt -40.250000 11.500000
vt 40.750000 11.500000
vt -5.750000 11.000000
vt 5.750000 40.750000
vt -164.000000 48.000000
vt 16.000000 44.000000
vt -4.000000 44.000000
vt 1.250000 11.000000
vt -1.250000 40.750000
vt -8.000000 48.000000
vt 156.000000 44.000000
vt -19.500000 6.250000
vt -1.500000 6.250000
vt -13.435029 6.250000
vt -14.495689 6.250000
vt -19.000000 5.000000
vt -22.250000 5.000000
vt -25.750000 5.000000
vt 22.750000 5.000000
vt 24.750000 5.000000
vt -5.000000 5.000000
vt 4.625000 5.500000
vt 12.020815 5.000000
vt 15.909903 5.000000
vt 1.500000 5.000000
vt -14.142136 5.000000
vt -0.500000 -5.000000
vt 3.000000 -5.500000
vt -15.202795 5.000000
vt 7.000000 5.000000
vt 25.250000 5.500000
vt 24.250000 5.500000
vt 23.250000 5.500000
vt 22.250000 5.500000
vt 21.250000 5.500000
vt -9.750000 5.500000
vt 7.000000 31.000000
vt 7.750000 31.000000
vt 8.750000 31.000000
vt 9.750000 31.000000
vt 10.750000 31.000000
vt 11.750000 31.000000
vt 17.000000 26.000000
vt 17.000000 25.250000
vt 17.000000 24.250000
vt 17.000000 23.250000
vt 17.000000 22.250000
vt 17.000000 21.250000
vt 26.000000 7.500000
vt 12.000000 7.500000
vt -21.000000 7.500000
vt -7.000000 30.500000
vt -8.500000 30.500000
vt -16.500000 24.250000
vt -16.500000 22.500000
vt -16.500000 26.000000
vt -16.500000 22.250000
vt -90.000000 44.000000
vt -86.000000 48.000000
vt -86.000000 44.000000
vt -74.000000 44.000000
vt -66.000000 44.000000
vt -66.000000 48.000000
vt -58.000000 44.000000
vt 244.000000 48.000000
vt -244.000000 44.000000
vt -170.000000 48.000000
vt -178.000000 48.000000
vt -178.000000 44.000000
vt -186.000000 48.000000
vt -194.000000 48.000000
vt -202.000000 48.000000
vt -132.000000 48.000000
vt 132.000000 44.000000
vt 19.750000 5.000000
vt 2.000000 4.875000
vt 1.000000 4.375000
vt -1.500000 4.625000
vt -1.750000 4.750000
vt 5.000000 4.000000
vt -0.500000 4.125000
vt 4.000000 23.875000
vt -2.625000 25.750000
vt 3.000000 20.250000
vt -1.000000 18.500000
vt 1.500000 17.000000
vt 23.875000 2.500000
vt 23.875000 0.500000
vt 23.750000 0.625000
vt 23.625000 0.750000
vt 23.500000 0.875000
vt 23.250000 1.125000
vt 23.125000 1.250000
vt 23.000000 1.375000
vt 22.875000 1.500000
vt 22.750000 1.625000
vt 22.625000 1.750000
vt 22.500000 1.875000
vt 22.375000 2.000000
vt 22.250000 2.125000
vt 22.125000 2.250000
vt -17.750000 4.000000
vt -22.875000 2.500000
vt -22.750000 2.500000
vt -22.250000 2.500000
vt -22.625000 2.500000
vt -23.500000 2.500000
vt -23.375000 2.500000
vt -26.500000 4.000000
vt -26.500000 0.500000
vt -4.000000 2.500000
vt -34.750000 7.000000
vt 8.750000 6.000000
vt 35.250000 7.000000
vt -9.250000 7.000000
vt -17.625000 3.000000
vt -17.375000 -3.500000
vt -2.500000 2.750000
vt -1.500000 3.250000
vt -1.750000 3.000000
vt -0.500000 3.750000
vt -0.750000 3.500000
vt -51.750000 7.000000
vt 6.750000 6.000000
vt -7.250000 7.000000
vt -49.250000 6.000000
vt 49.250000 7.000000
vt 26.500000 0.500000
vt -52.250000 3.000000
vt -5.250000 2.000000
vt 51.750000 2.000000
vt 4.750000 2.000000
vt -26.125000 1.000000
vt -25.875000 -1.500000
vt -3.000000 23.750000
vt 47.250000 3.000000
vt -170.000000 12.000000
vt 14.000000 12.000000
vt 21.000000 0.500000
vt -17.500000 0.500000
vt 23.000000 2.250000
vt 17.000000 4.000000
vt -18.000000 0.500000
vt -36.000000 3.000000
vt -18.000000 4.000000
vt 19.000000 1.000000
vt 38.000000 3.000000
vt 2.000000 2.000000
vt 1.000000 1.500000
vt 16.000000 3.250000
vt 15.750000 3.375000
vt -30.750000 5.250000
vt -26.500000 2.250000
vt -51.250000 5.750000
vt -48.250000 5.250000
vt -48.250000 5.750000
vt -46.750000 5.750000
vt -44.500000 5.750000
vt -42.250000 5.750000
vt 19.500000 9.750000
vt 19.500000 10.000000
vt 16.000000 8.000000
vt 7.500000 10.500000
vt 7.500000 9.000000
vt 10.500000 4.625000
vt -8.500000 4.625000
vt -11.500000 10.500000
vt -9.500000 4.500000
vt -18.375000 9.500000
vt -18.125000 9.500000
vt -17.000000 9.375000
vt -17.000000 9.625000
vt -18.000000 9.375000
vt -18.000000 9.125000
vt -17.125000 8.750000
vt 0.000307 0.000171
vt 0.000307 0.000178
vt 0.000289 0.000167
vt 0.000307 0.000153
vt 17.125000 8.625000
vt 17.125000 8.750000
vt 17.000000 9.000000
vt 0.000289 0.000160
vt 0.000307 0.000160
vt 16.000000 8.375000
vt 0.000352 0.000178
vt 18.000000 9.500000
vt 0.000327 0.000173
vt 0.000327 0.000176
vt 0.000343 0.000169
vt 0.000352 0.000169
vt 17.500000 8.750000
vt 0.000325 0.000160
vt 18.000000 9.000000
vt 0.000334 0.000160
vt -10.000000 4.250000
vt -10.000000 4.125000
vt -0.000316 0.000153
vt -16.000000 8.625000
vt -0.000325 0.000167
vt -0.000334 0.000167
vt -18.000000 9.500000
vt -0.000352 0.000169
vt 10.000000 4.250000
vt 35.750000 17.000000
vt 33.250000 17.000000
vt 35.750000 19.500000
vt 33.250000 19.500000
vt 35.750000 8.500000
vt 33.250000 8.500000
vt -35.750000 8.250000
vt -33.250000 8.250000
vt 17.500000 8.250000
vt -17.000000 8.250000
vt -0.000289 0.000060
vt -0.000325 0.000060
vt -0.000325 0.000062
vt -0.000180 0.000060
vt -0.000176 0.000060
vt -0.000174 0.000060
vt 0.000178 0.000060
vt 0.000307 0.000062
vt 0.000307 0.000060
vt 0.000176 0.000060
vt 0.000176 0.000062
vt 0.000165 0.000060
vt -0.000151 0.000060
vt 0.000151 0.000060
vt 17.375000 9.625000
vt 16.375000 3.375000
vt 16.375000 3.250000
vt 9.000000 3.375000
vt -16.000000 10.000000
vt 8.000000 2.250000
vt 10.000000 3.375000
vt 18.375000 9.875000
vt 18.125000 9.875000
vt -9.875000 3.250000
vt -19.375000 3.375000
vt -19.375000 3.250000
vt 20.000000 15.500000
vt 8.750000 8.000000
vt 8.500000 8.000000
vt -13.750000 8.000000
vt 7.000000 4.000000
vt 11.750000 8.000000
vt 7.500000 7.500000
vt -10.500000 4.000000
vt -10.500000 4.125000
vt 26.500000 8.000000
vt 7.500000 3.375000
vt 0.000313 0.000140
vt 0.000307 0.000140
vt 17.000000 8.000000
vt 0.000318 0.000125
vt 19.500000 7.250000
vt 19.500000 7.625000
vt 0.000320 0.000125
vt 0.000325 0.000133
vt -18.000000 7.625000
vt -19.500000 7.875000
vt -18.000000 7.250000
vt -0.000325 0.000140
vt -0.000307 0.000125
vt -0.000307 0.000140
vt -0.000325 0.000125
vt -15.250000 8.000000
vt 37.750000 15.000000
vt 35.250000 15.000000
vt 15.000000 8.500000
vt -15.000000 8.250000
vt -0.000138 0.000060
vt -0.000131 0.000060
vt -0.000126 0.000060
vt 0.000126 0.000062
vt 7.375000 3.375000
vt 7.375000 3.250000
vt -17.625000 3.250000
vt -24.750000 7.000000
vt -24.750000 8.000000
vt 3.218750 -2.000000
vt 2.750000 -2.000000
vt 0.500000 -8.000000
vt 3.218750 -8.000000
vt 3.968750 -8.000000
vt 4.031250 -2.000000
vt 4.031250 -6.093750
vt 7.531250 -2.000000
vt 7.531250 -8.000000
vt 11.000000 -13.000000
vt 11.500000 -9.000000
vt 8.500000 -8.500000
vt 8.500000 -1.500000
vt 8.500000 -1.750000
vt 8.500000 -16.250000
vt 27.250000 -1.000000
vt 13.250000 -17.000000
vt 27.500000 -17.000000
vt -24.000000 17.500000
vt -26.000000 17.500000
vt -26.000000 15.500000
vt -50.000000 15.500000
vt -48.000000 15.500000
vt -44.000000 17.500000
vt -46.000000 15.500000
vt -44.000000 15.500000
vt -42.000000 17.500000
vt -36.000000 17.500000
vt -34.000000 15.500000
vt -32.000000 15.500000
vt -28.000000 17.500000
vt -30.000000 17.500000
vt -25.000000 8.500000
vt -27.500000 7.750000
vt -52.000000 17.500000
vt -54.000000 17.500000
vt -27.000000 10.250000
vt -16.500000 7.250000
vt -33.000000 17.500000
vt -31.000000 17.500000
vt -15.500000 8.500000
vt -29.000000 17.500000
vt -27.000000 17.500000
vt -1.000000 7.750000
vt -23.000000 15.500000
vt -25.000000 15.500000
vt -25.000000 17.500000
vt -21.000000 17.500000
vt -19.000000 17.500000
vt -15.000000 15.500000
vt -13.000000 15.500000
vt -7.000000 15.500000
vt -3.000000 15.500000
vt -5.000000 15.500000
vt -5.000000 17.500000
vt -1.750000 10.250000
vt 7.000000 10.250000
vt -11.750000 10.250000
vt -16.000000 10.250000
vt -86.000000 50.000000
vt -62.000000 50.000000
vt -11.500000 5.250000
vt 13.250000 5.250000
vt 13.000000 5.250000
vt 12.750000 5.250000
vt 27.500000 5.250000
vt 22.500000 4.250000
vt 20.750000 4.250000
vt 20.000000 -10.750000
vt 20.250000 -10.750000
vt 20.500000 -10.750000
vt 20.750000 -10.750000
vt 21.750000 -10.750000
vt 22.000000 -10.750000
vt 22.250000 -10.750000
vt 22.500000 -10.750000
vt 23.000000 -10.750000
vt 23.250000 -10.750000
vt 23.500000 -10.750000
vt 26.750000 2.250000
vt 214.000000 26.000000
vt 24.500000 2.250000
vt 190.000000 26.000000
vt 17.750000 9.500000
vt 10.125000 6.500000
vt 19.500000 13.000000
vt 17.750000 13.000000
vt -17.125000 4.250000
vt -17.875000 4.250000
vt 26.000000 36.000000
vt 139.500000 26.500000
vt -26.000000 37.000000
vt 3.166667 4.875000
vt 17.250000 3.280863
vt 17.125000 3.280863
vt 17.250000 3.166667
vt 17.250000 3.623443
vt -138.500000 26.500000
vt 138.500000 36.000000
vt 17.437500 4.250000
vt -3.312500 4.250000
vt 17.687500 4.875000
vt 141.500000 35.500000
vt 17.875000 4.250000
vt 17.750000 3.913319
vt 17.875000 3.913319
vt 4.750000 2.250000
vt 4.750000 3.500000
vt 7.000000 2.250000
vt -18.000000 50.000000
vt 6.000000 50.000000
vt -9.000000 3.250000
vt -14.250000 -10.750000
vt -16.000000 5.250000
vt -14.250000 5.250000
vt -1.000000 4.250000
vt -4.000000 -0.000000
vt -3.500000 -2.875000
vt -3.375000 -2.875000
vt -3.125000 -2.875000
vt -7.500000 -4.875000
vt -3.875000 -6.375000
vt -5.750000 -7.250000
vt -0.750000 -12.250000
vt 4.750000 -3.500000
vt 2.500000 -3.500000
vt 2.375000 -1.500000
vt 1.250000 -1.500000
vt 4.500000 -0.500000
vt 4.500000 1.500000
vt 1.250000 -1.000000
vt 2.500000 -0.500000
vt 2.500000 1.500000
vt 5.750000 -0.000000
vt 11.500000 0.750000
vt 11.500000 2.500000
vt 5.750000 2.000000
vt 8.000000 0.750000
vt 4.750000 13.000000
vt 2.500000 13.000000
vt 2.375000 6.500000
vt 1.625000 6.500000
vt -0.000111 0.000116
vt -0.000084 0.000116
vt -0.000057 0.000116
vt 0.000111 0.000129
vt 0.000084 0.000129
vt 0.000057 0.000129
vt 0.000059 0.000116
vt -0.000072 0.000116
vt -12.000000 11.500000
vt -8.500000 11.500000
vt -4.500000 5.750000
vt -2.500000 5.750000
vt 3.375000 -2.875000
vt 3.375000 -4.375000
vt 3.375000 -3.375000
vt 4.375000 -3.375000
vt 3.375000 -5.875000
vt 3.375000 -4.875000
vt 4.375000 -4.875000
vt 3.375000 -6.375000
vt 4.375000 -6.375000
vt -4.750000 -6.000000
vt -4.750000 -6.250000
vt -4.500000 -6.500000
vt -2.750000 -6.500000
vt -4.750000 -4.500000
vt -4.750000 -4.750000
vt -4.500000 -5.000000
vt -2.750000 -5.000000
vt -4.750000 -3.000000
vt -4.750000 -3.250000
vt -4.500000 -3.500000
vt -2.750000 -3.500000
vt -12.500000 12.875000
vt -0.000113 0.000116
vt -9.500000 12.875000
vt -0.000086 0.000116
vt -6.500000 12.875000
vt -0.000059 0.000116
vt 12.500000 12.937500
vt 0.000108 0.000116
vt 9.500000 12.937500
vt 0.000081 0.000116
vt 6.500000 12.937500
vt 0.000054 0.000116
vt 8.750000 -12.000000
vt 8.750000 -9.000000
vt 8.750000 -6.000000
vt 8.750000 12.875000
vt 0.000079 0.000116
vt -5.750000 12.875000
vt -0.000052 0.000116
vt -6.250000 5.625000
vt -4.750000 5.625000
vt -3.250000 5.625000
vt 2.750000 5.625000
vt 5.480078 5.500000
vt 5.480078 5.625000
vt -4.065864 5.500000
vt -4.065864 5.625000
vt -0.707107 5.500000
vt -0.707107 5.625000
vt 6.540738 5.500000
vt 6.540738 5.625000
vt -5.126524 5.500000
vt -5.126524 5.625000
vt -1.060660 5.500000
vt -1.060660 5.625000
vt 0.353554 5.500000
vt 0.353554 5.625000
vt 7.601398 5.500000
vt 7.601398 5.625000
vt -6.187184 5.500000
vt -6.187184 5.625000
vt -2.121320 5.500000
vt -2.121320 5.625000
vt 1.414213 5.500000
vt 1.414213 5.625000
vt -7.750000 10.500000
vt -7.750000 11.000000
vt -6.250000 10.500000
vt 4.125000 5.500000
vt 4.125000 5.250000
vt 8.250000 10.500000
vt 8.250000 11.000000
vt 6.250000 11.000000
vt 5.214912 5.250000
vt -0.972272 5.250000
vt -0.265165 5.250000
vt -4.331029 5.250000
vt 6.275573 5.250000
vt 0.088388 5.250000
vt -1.325825 5.250000
vt -5.391689 5.250000
vt 6.250000 5.250000
vt 7.336232 5.250000
vt 1.149049 5.250000
vt -2.386485 5.250000
vt -6.452350 5.250000
vt -14.500000 11.500000
vt 16.000000 11.500000
vt -5.500000 -16.000000
vt -5.000000 -16.000000
vt -2.750000 -8.000000
vt -2.750000 -7.500000
vt -4.250000 3.557563
vt -2.750000 3.557563
vt -8.500000 -14.500000
vt -9.000000 -14.500000
vt -4.500000 -7.500000
vt -6.000000 3.557563
vt -4.500000 3.557563
vt -12.000000 -14.500000
vt -12.500000 -14.500000
vt -16.000000 6.250000
vt -0.750000 5.750000
vt -0.500000 5.750000
vt -1.500000 12.500000
vt 2.500000 5.250000
vt 24.500000 11.500000
vt -24.500000 11.500000
vt -1.500000 -26.000000
vt -1.000000 -26.000000
vt -0.750000 -13.000000
vt -0.750000 -12.500000
vt -2.250000 1.976424
vt -0.750000 1.976424
vt -4.500000 -24.500000
vt -5.000000 -24.500000
vt -3.500000 1.976424
vt -2.500000 1.976424
vt -2.500000 1.343968
vt -4.000000 -12.250000
vt -26.000000 11.500000
vt -8.000000 -25.000000
vt -13.000000 5.250000
vt -13.000000 5.750000
vt -3.500000 5.750000
vt 8.500000 11.500000
vt 14.072136 1.106797
vt 15.020820 0.790569
vt 15.257990 1.502082
vt 14.250000 5.250000
vt 28.000000 11.500000
vt -8.500000 -28.000000
vt -8.500000 -28.500000
vt -4.000000 -14.250000
vt 15.257991 0.711513
vt 16.681015 0.237171
vt 16.918186 0.948683
vt 31.500000 11.500000
vt -8.500000 -31.500000
vt -8.500000 -32.000000
vt 27.000000 2.250000
vt -19.500000 2.000000
vt -11.250000 3.000000
vt -3.000000 4.750000
vt 2.000000 5.125000
vt -3.000000 5.125000
vt -3.000000 4.875000
vt -3.000000 4.500000
vt 2.000000 4.625000
vt -3.000000 4.625000
vt 2.000000 4.750000
vt -3.000000 4.375000
vt 2.000000 4.500000
vt 2.000000 4.375000
vt 2.000000 2.375000
vt -3.000000 3.250000
vt 2.000000 3.375000
vt -3.000000 3.750000
vt 2.000000 3.875000
vt 2.000000 4.125000
vt -3.000000 4.125000
vt -3.000000 3.875000
vt 2.000000 3.625000
vt -3.000000 3.625000
vt 2.000000 3.750000
vt -3.000000 3.375000
vt 2.000000 3.500000
vt -3.000000 2.750000
vt 2.000000 3.125000
vt -3.000000 3.125000
vt 2.000000 3.250000
vt -3.000000 2.875000
vt 2.000000 2.625000
vt -3.000000 2.625000
vt -3.000000 2.375000
vt -9.000000 4.250000
vt -17.500000 13.000000
vt -16.500000 13.000000
vt -1.750000 4.250000
vt -3.500000 13.000000
vt -2.500000 13.000000
vt -1.250000 7.250000
vt -16.750000 4.250000
vt -33.500000 13.000000
vt -32.500000 13.000000
vt -9.000000 9.503289
vt -8.000000 8.608862
vt -9.000000 8.608862
vt -2.000000 9.503289
vt -1.750000 9.503289
vt -1.000000 9.503289
vt -2.000000 8.608862
vt -16.000000 8.608862
vt -17.000000 8.608862
vt -17.000000 9.503289
vt -16.000000 9.503289
vt 7.500000 3.750000
vt 7.531250 7.250000
vt 7.500000 3.250000
vt 8.000000 -2.000000
vt 8.000000 -9.000000
vt 8.000000 -17.000000
vt -7.500000 0.750000
vt -17.500000 -16.000000
vt -11.750000 -14.000000
vt 16.000000 4.250000
vt -11.000000 -14.000000
vt -11.000000 -3.000000
vt 23.000000 -17.500000
vt 23.000000 -14.500000
vt 27.000000 -14.500000
vt 1.000000 -17.500000
vt 1.000000 -14.500000
vt 5.000000 -14.500000
vt -22.500000 -27.000000
vt -22.500000 -5.000000
vt 22.000000 -17.500000
vt 22.000000 -14.500000
vt -26.000000 -17.500000
vt 11.000000 -8.750000
vt 13.500000 -8.750000
vt 10.500000 -8.750000
vt 10.500000 -10.750000
vt -11.750000 -8.750000
vt 24.000000 -8.750000
vt 21.000000 -8.750000
vt 21.500000 -8.750000
vt 43.000000 -17.500000
vt 47.000000 -14.500000
vt -43.000000 -14.500000
vt -43.000000 -1.000000
vt -22.250000 -8.750000
vt -24.000000 -10.750000
vt -8.309367 -18.686180
vt 15.548333 -10.821656
vt 16.418360 -9.488752
vt -8.293501 -21.380423
vt -12.813575 -15.358247
vt -11.856102 -16.160191
vt -11.355087 -18.840141
vt 8.688973 -14.874331
vt 11.950067 -12.330685
vt 10.268820 -5.561320
vt 7.681533 18.502960
vt -21.282396 5.696244
vt 19.250496 -1.609835
vt 19.239246 -0.415725
vt 8.947536 13.634172
vt 8.251690 14.459945
vt 10.118189 6.073280
vt 0.828565 -23.338682
vt 2.455461 -22.757452
vt 14.432116 17.822857
vt -15.828427 -14.097282
vt 6.888096 -24.778963
vt 11.151351 -22.656040
vt 10.193876 -23.457989
vt -1.982296 -19.678318
vt -3.071983 -20.209494
vt -21.363888 -9.486897
vt -22.318661 -8.740705
vt 20.749706 6.767153
vt 21.665766 6.811550
vt -7.042835 20.866043
vt -6.570634 21.891739
vt -17.106823 1.493019
vt -6.077060 -19.594980
vt -5.757096 -20.626188
vt 13.146275 5.782059
vt 12.939965 6.560469
vt 13.383948 -20.708719
vt 11.058843 20.492483
vt 12.286747 20.379257
vt 23.071026 -7.479763
vt 24.094259 7.281093
vt 8.670441 21.421831
vt 23.138815 -8.747567
vt -17.101906 8.076912
vt -17.090658 9.271023
vt 21.645819 -7.962334
vt 23.026917 -7.701551
vt -7.291626 21.935152
vt 21.027561 -7.275237
vt -1.339747 20.619820
vt -0.643901 21.445589
vt 13.216646 6.558925
vt 5.834586 -22.806671
vt 4.599123 -22.834919
vt 10.798815 -21.174212
vt 10.866025 -21.391771
vt 11.143478 -22.289898
vt 13.440540 -19.895041
vt -17.708395 -10.244219
vt -11.150303 -17.575575
vt -10.821214 -17.851152
vt -7.558344 19.130741
vt -10.911666 6.952892
vt 14.788627 2.454561
vt 19.911921 5.364904
vt 19.033562 5.150194
vt -9.226810 5.398189
vt 1.858410 -19.727537
vt 20.476332 -5.093722
vt 20.537291 -5.511333
vt -15.063235 -1.929574
vt -15.618070 -0.840951
vt -3.917670 17.852360
vt -3.221825 18.678131
vt -12.111445 -15.399386
vt -13.291409 -14.878281
vt -17.432941 4.134284
vt -17.421700 5.328393
vt 8.556329 8.023036
vt -22.008661 -9.487465
vt 22.342375 8.966387
vt 21.601864 8.993709
vt 21.235559 -9.314692
vt 19.925241 -9.616592
vt 20.773096 -9.292894
vt -9.086995 19.256035
vt 19.314419 -3.532292
vt 20.085760 -4.222450
vt 8.588459 -21.116127
vt 9.770997 8.572843
vt 8.387504 20.837849
vt 5.947072 20.057251
vt -8.546054 16.369740
vt -7.860137 10.059008
vt -14.819553 -11.950067
vt -7.896763 -18.000383
vt 14.057344 -17.053045
vt 13.065647 -20.743465
vt 9.356533 -21.911596
vt 17.894171 5.110437
vt -3.534104 -19.727537
vt -6.007918 7.700580
vt -14.429913 -4.838006
vt 5.661427 -18.832464
vt 5.623732 -17.888166
vt 19.581255 -7.453939
vt -20.848234 7.802831
vt -9.488752 -13.001926
vt -9.574440 -16.180386
vt -10.019648 -17.068655
vt -5.799747 15.910670
vt -21.113585 -11.847681
vt 20.128435 12.323754
vt 20.149120 -12.720771
vt 19.266516 -10.775676
vt 19.278250 -10.704995
vt -10.171679 18.054094
vt 18.419342 0.239733
vt 5.337441 10.325417
vt 4.975443 -20.925934
vt 6.550756 9.370395
vt 3.572673 19.957144
vt 1.270142 19.069387
vt 2.133296 19.476070
vt 13.428143 11.336921
vt 12.577538 12.228767
vt 13.066449 11.336922
vt 14.492099 9.066218
vt 14.229098 9.216080
vt 13.690296 10.858713
vt -19.235064 2.114619
vt -19.865204 1.342222
vt -19.416786 -11.626080
vt -19.355696 -11.593187
vt -14.292180 8.455888
vt -14.341949 8.694991
vt -16.529531 10.123466
vt -16.127476 10.123466
vt -16.038568 10.273342
vt 2.488951 13.332397
vt 18.200575 -9.910319
vt -2.700516 11.583227
vt -3.490209 10.847021
vt -18.663010 11.420460
vt 19.135939 1.998515
vt 18.686180 -9.814157
vt -4.020372 10.980732
vt 1.058733 12.636435
vt 1.189083 12.268870
vt 12.547505 19.098703
vt -11.877363 -18.149984
vt -19.496902 -11.041137
vt -18.876678 -11.089148
vt -12.262948 12.487395
vt -1.491160 12.144173
vt -14.710374 12.512355
vt -14.985336 12.726603
vt -19.721998 -12.055243
vt -19.579496 -11.917095
vt 1.323216 19.532701
vt -2.869451 18.968706
vt -2.895861 -18.056362
vt -3.588467 12.238502
vt -19.905592 -10.873096
vt -20.547752 -10.325589
vt 11.515771 21.720634
vt 12.564398 21.285219
vt -21.380423 2.696974
vt -20.614157 -12.322360
vt -20.453602 -11.688635
vt -20.048063 -11.274101
vt -20.417431 -11.381042
vt -20.416245 -12.852901
vt -21.616320 -9.905832
vt -21.816826 -8.529101
vt -21.859699 -8.650409
vt 10.431089 22.922573
vt -22.275497 -1.075051
vt -23.300148 5.950711
vt -3.564062 21.023977
vt 12.405955 -13.572226
vt 11.192744 -16.315035
vt 13.167836 -2.713181
vt 12.745038 -0.968036
vt 4.636625 16.293123
vt -23.181507 -8.199976
vt -6.347090 21.520647
vt -6.745966 21.816198
vt 21.912094 -7.653213
vt 21.241272 -6.823253
vt -23.382015 -6.823253
vt -8.950108 -21.763189
vt 9.346409 24.124517
vt -10.219543 18.433329
vt 9.806859 -18.580364
vt -7.605091 20.415073
vt 14.942972 -12.791224
vt -0.943993 -22.639404
vt -0.687472 -23.170574
vt 10.395034 23.689102
vt 18.588411 6.275424
vt -6.920796 21.945742
vt -25.317896 6.205178
vt -24.137936 7.352962
vt -10.000000 7.250000
vt -19.500000 -5.750000
vt 16.000000 -2.750000
vt 21.500000 -16.000000
vt 17.500000 -17.000000
vt 26.500000 -9.000000
vt 27.500000 -9.000000
vt 27.500000 -11.750000
vt -27.500000 4.250000
vt 26.500000 -4.750000
s 0
usemtl 128_grey_2
f 2/1/1 1/2/1 9/3/1
f 3/4/1 4/5/1 3699/6/1
f 9/3/1 1/2/1 2368/7/1
f 2369/8/1 7/9/1 2367/10/1
f 2355/11/1 5/12/1 6/13/1
f 2372/14/1 2365/15/1 21/16/1
f 24/17/1 50/18/1 15/19/1
f 13/20/1 16/21/1 32/22/1
f 32/22/1 24/17/1 17/23/1
f 21/16/1 14/24/1 18/25/1
f 36/26/1 14/24/1 2357/27/1
f 20/28/1 2360/29/1 19/30/1
f 8/31/1 22/32/1 35/33/1
f 19/30/1 2360/29/1 7/9/1
f 13/34/1 18/25/1 16/35/1
f 15/19/1 23/36/1 27/37/1
f 23/36/1 26/38/1 30/39/1
f 31/40/1 26/38/1 29/41/1
f 34/42/1 40/43/1 16/35/1
f 44/44/1 33/45/1 32/46/1
f 16/35/1 40/43/1 41/47/1
f 38/48/1 19/49/1 35/50/1
f 19/49/1 38/48/1 2382/51/1
f 37/52/1 18/53/1 36/54/1
f 18/53/1 37/52/1 2383/55/1
f 38/48/1 22/56/1 39/57/1
f 43/58/1 41/47/1 40/43/1
f 44/44/1 41/47/1 42/59/1
f 33/45/1 44/44/1 45/60/1
f 50/61/1 32/46/1 33/45/1
f 33/45/1 47/62/1 51/63/1
f 15/64/1 50/61/1 51/63/1
f 23/65/1 15/64/1 52/66/1
f 26/67/1 23/65/1 54/68/1
f 29/69/1 26/67/1 57/70/1
f 64/71/1 60/72/1 29/69/1
f 64/71/1 29/69/1 58/73/1
f 66/74/1 61/75/1 63/76/1
f 61/75/1 66/74/1 68/77/1
f 70/78/1 66/74/1 67/79/1
f 66/74/1 70/78/1 72/80/1
f 74/81/1 70/78/1 71/82/1
f 70/78/1 74/81/1 101/83/1
f 78/84/1 76/85/1 75/86/1
f 79/87/1 82/88/1 88/89/1
f 83/90/1 84/91/1 85/92/1
f 87/93/1 85/92/1 84/91/1
f 90/94/1 81/95/1 88/89/1
f 94/96/1 92/97/1 91/98/1
f 121/99/1 95/100/1 89/101/1
f 121/99/1 89/101/1 90/94/1
f 97/102/1 2410/103/1 96/104/1
f 86/105/1 87/93/1 98/106/1
f 118/107/1 2410/103/1 2406/108/1
f 77/109/1 78/84/1 101/83/1
f 105/110/1 100/111/1 99/112/1
f 114/113/1 115/114/1 74/81/1
f 106/115/1 105/110/1 99/112/1
f 91/126/1 117/127/1 76/85/1
f 76/85/1 115/114/1 94/128/1
f 120/129/1 98/106/1 93/130/1
f 98/106/1 120/129/1 2390/131/1
f 119/132/1 96/104/1 118/107/1
f 96/104/1 119/132/1 2388/133/1
f 122/134/1 95/100/1 121/99/1
f 95/100/1 122/134/1 2389/135/1
f 124/136/1 2434/137/1 123/138/1
f 2434/137/1 124/136/1 2393/139/1
f 126/140/1 2433/141/1 125/142/1
f 2433/141/1 126/140/1 2391/143/1
f 93/130/1 116/144/1 110/145/1
f 108/146/1 106/147/1 120/129/1
f 129/148/2 132/149/2 3782/150/2
f 132/149/2 127/151/2 133/152/2
f 137/153/1 548/154/1 134/155/1
f 548/154/1 137/153/1 2068/156/1
f 2065/157/1 138/158/1 544/159/1
f 544/159/1 547/160/1 136/161/1
f 141/162/1 134/155/1 140/163/1
f 143/164/1 138/158/1 139/165/1
f 142/166/1 144/167/1 1116/168/1
f 2076/169/1 146/170/1 145/171/1
f 2076/169/1 145/171/1 1169/172/1
f 149/173/1 633/174/1 147/175/1
f 633/174/1 149/173/1 141/162/1
f 151/176/1 150/177/1 2095/178/1
f 154/179/2 146/170/2 152/180/2
f 157/184/2 158/186/2 2135/187/2
f 163/188/3 161/189/3 160/190/3
f 165/191/4 164/192/4 1493/193/4
f 171/194/4 169/195/4 168/196/4
f 173/197/4 168/196/4 172/198/4
f 1492/199/4 174/200/4 169/195/4
f 1492/199/4 169/195/4 170/201/4
f 1498/202/4 176/203/4 175/204/4
f 176/203/4 1498/202/4 164/192/4
f 180/205/4 179/206/4 185/207/4
f 185/207/4 186/208/4 181/209/4
f 183/210/4 182/211/4 212/212/4
f 185/207/4 184/213/4 1603/214/4
f 1606/215/4 188/216/4 1602/217/4
f 1602/217/4 188/216/4 178/218/4
f 1608/219/4 191/220/4 190/221/4
f 191/220/4 1608/219/4 184/213/4
f 195/222/4 1582/223/4 192/224/4
f 1582/223/4 195/222/4 209/225/4
f 197/226/4 1578/227/4 196/228/4
f 1578/227/4 197/226/4 208/229/4
f 190/221/4 191/220/4 211/230/4
f 211/230/4 197/226/4 196/228/4
f 211/230/4 196/228/4 1579/231/4
f 202/232/4 198/233/4 193/234/4
f 194/235/4 199/236/4 205/237/4
f 1618/238/4 201/239/4 200/240/4
f 1610/241/4 200/240/4 198/233/4
f 204/242/4 203/243/4 1609/244/4
f 206/245/4 209/225/4 195/222/4
f 207/246/4 208/229/4 197/226/4
f 210/247/4 211/230/4 191/220/4
f 1622/248/4 199/236/4 194/235/4
f 206/245/4 160/249/4 214/250/4
f 160/249/4 206/245/4 207/246/4
f 210/247/4 216/251/4 1241/252/4
f 212/212/4 182/211/4 1240/253/4
f 206/245/4 1544/254/4 213/255/4
f 218/256/4 1632/257/4 1629/258/4
f 220/259/4 203/243/4 204/242/4
f 219/260/4 200/240/4 201/239/4
f 1584/261/4 201/239/4 1620/262/4
f 217/263/4 218/256/4 221/264/4
f 217/263/4 221/264/4 220/259/4
f 224/265/4 223/266/4 228/267/4
f 222/268/4 225/269/4 1210/270/4
f 227/271/4 222/268/4 226/272/4
f 228/267/4 223/266/4 233/273/4
f 174/200/4 232/274/4 240/275/4
f 169/195/4 231/276/4 230/277/4
f 168/196/4 233/273/4 223/266/4
f 174/200/4 175/204/4 1482/278/4
f 235/279/4 238/280/4 254/281/4
f 236/282/4 240/275/4 232/274/4
f 236/282/4 237/283/4 249/284/4
f 229/285/4 230/277/4 231/276/4
f 231/276/4 240/275/4 236/282/4
f 239/286/4 234/287/4 1823/288/4
f 238/280/4 243/289/4 244/290/4
f 248/291/4 246/292/4 245/293/4
f 248/291/4 250/294/4 242/295/4
f 248/291/4 252/296/4 251/297/4
f 226/272/4 162/298/4 227/271/4
f 1792/299/4 250/294/4 248/291/4
f 248/291/4 251/297/4 163/300/4
f 247/301/4 249/284/4 237/283/4
f 253/302/4 255/303/4 260/304/4
f 245/293/4 257/305/4 256/306/4
f 256/306/4 258/307/4 1724/308/4
f 246/292/4 259/309/4 257/305/4
f 257/305/4 262/310/4 1838/311/4
f 256/306/4 261/312/4 1832/313/4
f 268/314/4 264/315/4 1836/316/4
f 262/310/4 257/305/4 259/309/4
f 255/303/4 253/302/4 267/317/4
f 266/318/4 268/314/4 265/319/4
f 253/302/4 254/281/4 238/280/4
f 268/314/4 269/320/4 264/315/4
f 270/321/3 273/322/3 299/323/3
f 274/324/3 275/325/3 298/326/3
f 294/327/3 277/328/3 276/329/3
f 277/328/3 294/327/3 303/330/3
f 271/331/3 272/332/3 307/333/3
f 288/334/3 281/335/3 280/336/3
f 281/335/3 288/334/3 291/337/3
f 282/338/3 283/339/3 297/340/3
f 288/334/3 287/341/3 286/342/3
f 283/339/3 290/343/3 289/344/3
f 294/327/3 293/345/3 292/346/3
f 285/347/3 296/348/3 295/349/3
f 301/350/3 273/322/3 298/326/3
f 273/322/3 301/350/3 308/351/3
f 275/325/3 302/352/3 311/353/3
f 300/354/3 272/332/3 299/323/3
f 279/355/3 306/356/3 305/357/3
f 309/358/3 304/359/3 300/354/3
f 308/351/3 310/360/3 321/361/3
f 310/360/3 308/351/3 301/350/3
f 311/353/3 312/362/3 320/363/3
f 292/346/3 313/364/3 302/352/3
f 302/352/3 313/364/3 319/365/3
f 309/358/3 306/356/3 304/359/3
f 306/356/3 309/358/3 325/366/3
f 286/342/3 316/260/3 335/367/3
f 289/344/3 342/261/3 315/259/3
f 342/261/3 289/344/3 290/343/3
f 315/259/3 317/264/3 1224/368/3
f 320/363/3 319/365/3 318/369/3
f 322/370/3 321/361/3 310/360/3
f 309/358/3 321/361/3 322/370/3
f 322/370/3 324/371/3 382/372/3
f 314/373/3 323/374/3 326/320/3
f 329/375/3 328/376/3 1017/233/3
f 327/377/3 330/378/3 337/379/3
f 330/378/3 327/377/3 1018/380/3
f 331/381/3 332/382/3 336/383/3
f 332/382/3 331/381/3 1019/384/3
f 333/385/3 334/386/3 340/387/3
f 329/375/3 316/260/3 328/376/3
f 339/388/3 330/378/3 336/383/3
f 330/378/3 339/388/3 345/389/3
f 341/390/3 332/382/3 340/387/3
f 332/382/3 341/390/3 348/391/3
f 338/392/3 329/375/3 337/379/3
f 329/375/3 338/392/3 346/393/3
f 346/393/3 1223/394/3 343/395/3
f 1223/394/3 346/393/3 338/392/3
f 345/389/3 1226/396/3 344/397/3
f 1226/396/3 345/389/3 339/388/3
f 348/391/3 1228/398/3 347/399/3
f 1235/400/3 1232/252/3 341/390/3
f 343/395/3 317/264/3 315/259/3
f 353/401/3 352/402/3 1194/403/3
f 351/404/3 354/405/3 1016/406/3
f 354/405/3 351/404/3 1195/188/3
f 355/269/3 356/407/3 1015/408/3
f 444/409/3 358/265/3 415/266/3
f 365/410/3 1202/270/3 1205/411/3
f 318/369/3 313/364/3 1198/412/3
f 352/402/3 353/401/3 1012/413/3
f 334/386/3 359/414/3 350/415/3
f 350/415/3 359/414/3 422/416/3
f 361/417/3 349/418/3 360/419/3
f 357/420/3 363/285/3 365/410/3
f 369/421/3 367/422/3 366/423/3
f 373/424/3 371/425/3 370/426/3
f 1002/427/3 375/428/3 398/429/3
f 398/429/3 374/430/3 1021/431/3
f 378/432/3 373/424/3 376/433/3
f 386/301/3 369/421/3 372/434/3
f 380/435/3 379/436/3 368/437/3
f 383/438/3 382/372/3 324/371/3
f 387/439/3 378/432/3 394/440/3
f 383/438/3 380/435/3 377/441/3
f 387/439/3 389/317/3 1024/442/3
f 395/443/3 390/290/3 1023/444/3
f 388/318/3 326/320/3 323/374/3
f 393/445/3 392/446/3 391/447/3
f 401/448/3 395/443/3 384/449/3
f 384/449/3 391/447/3 399/450/3
f 396/451/3 390/290/3 395/443/3
f 393/445/3 374/430/3 398/429/3
f 400/452/3 399/450/3 392/446/3
f 400/452/3 402/453/3 404/454/3
f 404/454/3 396/451/3 401/448/3
f 397/455/3 396/451/3 403/456/3
f 398/429/3 375/428/3 1003/457/3
f 405/458/3 406/459/3 408/287/3
f 408/287/3 406/459/3 402/453/3
f 412/460/3 1026/461/3 409/462/3
f 1026/461/3 412/460/3 439/197/3
f 411/463/3 1025/464/3 410/465/3
f 1025/464/3 411/463/3 441/466/3
f 415/266/3 358/265/3 438/467/3
f 418/468/3 417/469/3 436/210/3
f 418/468/3 500/470/3 440/471/3
f 437/253/3 362/472/3 361/417/3
f 426/473/3 644/474/3 423/475/3
f 644/474/3 426/473/3 468/476/3
f 428/477/3 647/478/3 427/479/3
f 647/478/3 428/477/3 467/480/3
f 430/481/3 649/482/3 429/483/3
f 649/482/3 430/481/3 473/484/3
f 432/485/3 651/486/3 431/487/3
f 651/486/3 432/485/3 476/488/3
f 434/489/3 653/490/3 433/491/3
f 653/490/3 434/489/3 479/492/3
f 413/493/3 414/494/3 435/495/3
f 413/493/3 435/495/3 482/496/3
f 425/497/3 150/498/3 643/499/3
f 439/197/3 416/500/3 436/210/3
f 416/500/3 439/197/3 412/460/3
f 441/466/3 417/469/3 440/471/3
f 417/469/3 441/466/3 411/463/3
f 420/501/3 442/502/3 485/503/3
f 485/503/3 435/495/3 414/494/3
f 438/467/3 362/472/3 437/253/3
f 444/409/3 443/504/3 349/418/3
f 362/472/3 438/467/3 358/265/3
f 448/505/3 471/506/3 445/507/3
f 471/506/3 448/505/3 1184/508/3
f 450/509/3 472/510/3 449/511/3
f 472/510/3 450/509/3 1183/512/3
f 452/513/3 475/514/3 451/515/3
f 475/514/3 452/513/3 1182/516/3
f 454/517/3 478/518/3 453/519/3
f 478/518/3 454/517/3 1181/520/3
f 1180/521/3 453/519/3 481/522/3
f 455/523/3 456/524/3 521/525/3
f 456/524/3 455/523/3 484/526/3
f 457/527/3 458/528/3 507/529/3
f 458/528/3 457/527/3 487/530/3
f 459/531/3 460/532/3 506/533/3
f 460/532/3 459/531/3 490/534/3
f 461/535/3 462/536/3 515/537/3
f 462/536/3 461/535/3 493/538/3
f 463/539/3 464/540/3 1186/541/3
f 464/540/3 463/539/3 496/542/3
f 466/543/3 465/544/3 1185/545/3
f 447/546/3 145/547/3 146/548/3
f 494/563/3 497/567/3 1187/568/3
f 494/563/3 498/569/3 497/567/3
f 502/559/3 421/570/3 499/571/3
f 421/570/3 502/559/3 488/558/3
f 504/562/3 658/572/3 503/573/3
f 658/572/3 504/562/3 491/561/3
f 659/574/3 498/569/3 495/575/3
f 501/556/3 420/501/3 500/470/3
f 508/576/3 507/529/3 458/528/3
f 513/577/3 511/578/3 510/579/3
f 510/579/3 508/576/3 509/580/3
f 509/580/3 506/533/3 460/532/3
f 510/579/3 517/581/3 1193/582/3
f 509/580/3 514/583/3 1192/584/3
f 511/578/3 519/585/3 1189/586/3
f 512/587/3 520/588/3 1188/589/3
f 518/590/3 521/525/3 456/524/3
f 525/591/4 1115/592/4 522/593/4
f 1115/592/4 525/591/4 551/594/4
f 550/595/4 522/593/4 1113/596/4
f 526/597/4 527/598/4 556/599/4
f 527/598/4 526/597/4 1111/600/4
f 528/601/4 529/602/4 555/603/4
f 529/602/4 528/601/4 1108/604/4
f 530/605/4 531/606/4 561/607/4
f 533/608/4 615/609/4 532/610/4
f 531/606/4 530/605/4 1109/611/4
f 615/609/4 533/608/4 564/612/4
f 568/613/4 532/610/4 605/614/4
f 534/615/4 535/616/4 572/617/4
f 535/616/4 534/615/4 606/618/4
f 536/619/4 537/620/4 571/621/4
f 537/620/4 536/619/4 611/622/4
f 539/623/4 538/624/4 1120/625/4
f 541/626/4 540/627/4 1121/628/4
f 524/629/4 544/630/4 138/631/4
f 545/632/4 548/633/4 135/634/4
f 547/635/4 524/629/4 546/636/4
f 557/647/4 556/599/4 527/598/4
f 558/648/4 560/649/4 587/650/4
f 558/648/4 555/603/4 529/602/4
f 562/651/4 563/652/4 589/653/4
f 562/651/4 561/607/4 531/606/4
f 565/654/4 566/655/4 591/656/4
f 565/654/4 564/612/4 533/608/4
f 567/657/4 569/658/4 593/659/4
f 559/660/4 549/661/4 557/647/4
f 557/647/4 550/595/4 556/599/4
f 577/672/4 537/620/4 539/623/4
f 576/673/4 579/674/4 578/675/4
f 580/676/4 539/623/4 541/626/4
f 577/672/4 581/677/4 579/674/4
f 580/676/4 542/678/4 582/679/4
f 580/676/4 583/680/4 581/677/4
f 570/681/4 578/675/4 575/682/4
f 576/673/4 571/621/4 537/620/4
f 585/683/4 545/632/4 553/684/4
f 588/685/4 559/660/4 587/650/4
f 559/660/4 588/685/4 586/686/4
f 588/685/4 587/650/4 560/649/4
f 590/687/4 589/653/4 563/652/4
f 592/688/4 591/656/4 566/655/4
f 594/689/4 593/659/4 569/658/4
f 569/658/4 574/690/4 596/691/4
f 596/691/4 595/692/4 575/682/4
f 598/693/4 578/675/4 579/674/4
f 599/694/4 579/674/4 581/677/4
f 599/694/4 583/680/4 600/695/4
f 134/696/4 548/633/4 545/632/4
f 585/683/4 148/697/4 140/698/4
f 604/699/4 602/700/4 601/701/4
f 607/702/4 606/618/4 534/615/4
f 601/701/4 607/702/4 608/703/4
f 603/704/4 609/705/4 602/700/4
f 607/702/4 1128/706/4 536/619/4
f 602/700/4 609/705/4 1127/707/4
f 601/701/4 614/708/4 613/709/4
f 608/703/4 605/614/4 532/610/4
f 604/699/4 613/709/4 616/710/4
f 617/711/5 620/712/5 634/713/5
f 622/714/5 621/715/5 638/716/5
f 618/717/5 619/718/5 635/719/5
f 586/720/5 626/721/5 645/722/5
f 588/723/5 627/724/5 648/725/5
f 590/726/5 628/727/5 650/728/5
f 592/729/5 629/730/5 652/731/5
f 594/732/5 630/733/5 654/734/5
f 596/735/5 631/736/5 655/737/5
f 597/738/5 632/739/5 765/740/5
f 598/741/5 618/717/5 623/742/5
f 617/711/5 598/741/5 599/743/5
f 617/711/5 600/744/5 622/714/5
f 585/745/5 625/746/5 646/747/5
f 636/748/5 635/719/5 619/718/5
f 634/713/5 637/749/5 657/750/5
f 637/749/5 634/713/5 620/712/5
f 638/716/5 639/751/5 656/752/5
f 639/751/5 638/716/5 621/715/5
f 1074/753/5 640/754/5 1131/755/5
f 636/748/5 624/756/5 635/719/5
f 646/747/5 424/757/5 643/170/5
f 424/757/5 646/747/5 625/746/5
f 645/722/5 423/758/5 644/759/5
f 423/758/5 645/722/5 626/721/5
f 648/725/5 427/760/5 647/761/5
f 427/760/5 648/725/5 627/724/5
f 650/728/5 429/762/5 649/763/5
f 429/762/5 650/728/5 628/727/5
f 652/731/5 431/764/5 651/765/5
f 431/764/5 652/731/5 629/730/5
f 630/733/5 655/737/5 997/766/5
f 997/766/5 413/767/5 433/768/5
f 643/170/5 151/769/5 147/770/5
f 658/771/5 657/750/5 637/749/5
f 656/752/5 659/772/5 503/773/5
f 659/772/5 656/752/5 639/751/5
f 421/774/5 642/775/5 636/748/5
f 657/750/5 658/771/5 499/776/5
f 662/777/4 661/778/4 841/779/4
f 668/780/4 688/781/4 665/782/4
f 688/781/4 668/780/4 676/783/4
f 667/784/4 691/785/4 666/786/4
f 691/785/4 667/784/4 679/787/4
f 670/788/4 693/221/4 669/789/4
f 693/221/4 670/788/4 681/790/4
f 853/791/4 689/792/4 673/237/4
f 853/791/4 674/232/4 675/793/4
f 677/224/4 676/783/4 668/780/4
f 675/793/4 678/234/4 820/223/4
f 680/228/4 679/787/4 667/784/4
f 676/783/4 677/224/4 818/227/4
f 682/216/4 681/790/4 670/788/4
f 679/787/4 680/228/4 814/231/4
f 683/209/4 664/794/4 840/795/4
f 672/796/4 681/790/4 815/218/4
f 854/238/4 684/240/4 852/241/4
f 852/241/4 684/240/4 678/234/4
f 689/792/4 716/797/4 686/235/4
f 716/797/4 689/792/4 665/782/4
f 688/781/4 714/798/4 687/222/4
f 714/798/4 688/781/4 666/786/4
f 691/785/4 712/799/4 690/226/4
f 712/799/4 691/785/4 669/789/4
f 701/800/4 843/801/4 661/778/4
f 711/802/4 693/221/4 671/803/4
f 855/804/4 696/242/4 695/243/4
f 696/242/4 855/804/4 673/237/4
f 697/260/4 685/239/4 695/243/4
f 696/242/4 698/259/4 768/805/4
f 857/806/4 701/800/4 694/205/4
f 700/807/4 699/808/4 862/809/4
f 703/810/4 702/811/4 873/812/4
f 874/813/4 710/198/4 872/814/4
f 699/808/4 710/198/4 706/815/4
f 699/808/4 700/807/4 825/197/4
f 708/816/4 709/817/4 767/818/4
f 706/815/4 713/819/4 692/220/4
f 715/820/4 714/798/4 690/226/4
f 717/296/4 716/797/4 687/222/4
f 708/816/4 696/242/4 686/235/4
f 717/296/4 719/821/4 747/822/4
f 717/296/4 720/823/4 719/821/4
f 715/820/4 721/824/4 720/823/4
f 732/825/4 722/826/4 721/824/4
f 732/825/4 721/824/4 713/819/4
f 718/827/4 723/413/4 773/828/4
f 725/191/4 724/192/4 906/193/4
f 731/829/4 886/830/4 728/831/4
f 886/830/4 731/829/4 742/832/4
f 730/833/4 826/834/4 729/835/4
f 702/811/4 703/810/4 826/834/4
f 826/834/4 730/833/4 722/826/4
f 887/836/4 727/837/4 905/199/4
f 905/199/4 907/838/4 741/839/4
f 908/202/4 735/203/4 734/204/4
f 735/203/4 908/202/4 724/192/4
f 740/840/4 738/319/4 737/841/4
f 743/842/4 742/832/4 731/829/4
f 746/843/4 743/842/4 744/844/4
f 739/303/4 745/845/4 746/843/4
f 719/821/4 737/841/4 747/822/4
f 721/824/4 722/826/4 730/833/4
f 745/845/4 721/824/4 743/842/4
f 740/840/4 720/823/4 745/845/4
f 746/843/4 749/846/4 950/847/4
f 744/844/4 750/848/4 949/289/4
f 744/844/4 891/287/4 750/848/4
f 733/200/4 734/204/4 890/849/4
f 748/850/4 751/851/4 753/852/4
f 753/852/4 754/853/4 739/303/4
f 753/852/4 752/854/4 992/855/4
f 737/841/4 757/856/4 756/857/4
f 747/822/4 756/857/4 718/827/4
f 993/858/4 757/856/4 991/859/4
f 991/859/4 757/856/4 738/319/4
f 994/860/4 760/861/4 759/862/4
f 760/861/4 994/860/4 752/854/4
f 757/856/4 762/315/4 800/316/4
f 756/857/4 761/863/4 801/311/4
f 762/315/4 757/856/4 758/864/4
f 758/864/4 759/862/4 763/320/4
f 766/865/4 765/866/4 632/867/4
f 770/868/4 769/869/4 1001/870/4
f 766/865/4 764/871/4 1000/872/4
f 770/868/4 771/873/4 766/865/4
f 770/868/4 767/818/4 709/817/4
f 771/873/4 655/874/4 631/691/4
f 697/899/6 799/900/6 798/901/6
f 802/902/6 801/903/6 761/904/6
f 803/905/6 800/906/6 762/907/6
f 805/908/6 773/909/6 723/910/6
f 808/911/1 807/912/1 934/913/1
f 806/914/1 809/915/1 1013/916/1
f 809/915/1 806/914/1 935/917/1
f 912/918/1 810/919/1 1011/920/1
f 813/921/1 812/922/1 936/923/1
f 807/912/1 808/911/1 1014/924/1
f 816/925/2 815/926/2 682/927/2
f 814/928/2 817/929/2 1004/930/2
f 817/929/2 814/928/2 680/931/2
f 819/924/2 818/932/2 677/933/2
f 684/934/2 697/935/2 798/920/2
f 821/916/2 820/936/2 678/937/2
f 815/926/2 816/925/2 1005/938/2
f 823/939/5 825/736/5 700/940/5
f 663/941/5 683/717/5 822/942/5
f 824/943/5 694/739/5 662/944/5
f 704/945/5 825/736/5 823/939/5
f 827/946/5 826/947/5 703/948/5
f 881/1030/5 878/1031/5 911/1032/5
f 877/1033/5 876/1034/5 880/1035/5
f 876/1034/5 775/1036/5 776/1037/5
f 883/1038/5 879/1039/5 881/1030/5
f 886/1040/5 885/1041/5 1006/1038/5
f 884/1042/5 887/1043/5 728/1044/5
f 826/947/5 827/946/5 1008/1045/5
f 885/1041/5 886/1040/5 729/1046/5
f 726/727/5 884/1042/5 1007/1047/5
f 888/1048/5 736/1049/5 725/1050/5
f 736/1051/1 888/1052/1 1009/1053/1
f 735/978/1 1009/1053/1 1010/1054/1
f 889/1055/1 892/920/1 951/1056/1
f 893/1057/6 896/1058/6 913/1059/6
f 909/1074/2 878/1075/2 879/1076/2
f 913/1077/3 877/311/3 911/863/3
f 877/311/3 913/1077/3 896/363/3
f 911/863/3 878/371/3 909/370/3
f 810/1078/11 896/1079/11 893/1080/11
f 894/1081/12 909/1082/12 910/1083/12
f 918/1084/6 915/1085/6 914/1086/6
f 917/1087/6 916/1088/6 921/1089/6
f 918/1084/6 914/1086/6 982/1059/6
f 918/1084/6 794/1090/6 791/1091/6
f 921/1089/6 920/1092/6 919/1093/6
f 924/1094/2 923/1095/2 926/1096/2
f 926/1096/2 927/1097/2 925/1098/2
f 924/1094/2 930/1099/2 923/1095/2
f 930/1099/2 924/1094/2 914/1100/2
f 925/1098/2 876/1076/2 877/1075/2
f 774/1101/2 775/930/2 876/1076/2
f 922/1102/2 781/1103/2 778/1104/2
f 929/1105/2 927/1097/2 926/1096/2
f 932/1106/2 923/1095/2 930/1099/2
f 784/1107/2 785/1108/2 933/1109/2
f 915/1110/2 792/1111/2 788/1112/2
f 925/879/3 935/1113/3 806/1114/3
f 924/425/3 934/1115/3 807/1116/3
f 912/413/3 925/879/3 877/311/3
f 947/1128/1 950/932/1 749/1129/1
f 948/1130/1 949/936/1 750/1131/1
f 950/932/1 952/1132/1 748/1133/1
f 972/916/1 947/1128/1 948/1130/1
f 972/916/1 951/1056/1 892/920/1
f 971/924/1 952/1132/1 947/1128/1
f 974/1182/1 760/995/1 751/1186/1
f 760/995/1 804/930/1 763/1187/1
f 978/1188/5 1020/1036/5 975/1189/5
f 981/1032/5 1020/1036/5 1022/1190/5
f 980/1191/2 920/1111/2 916/1110/2
f 981/1192/3 982/1193/3 914/1194/3
f 982/1193/3 976/445/3 979/447/3
f 978/1195/13 812/1196/13 813/1197/13
f 980/1198/14 976/1199/14 977/1200/14
f 996/938/1 771/1201/1 772/951/1
f 996/938/1 773/1187/1 805/930/1
f 995/1202/1 655/1203/1 771/1201/1
f 998/919/2 1001/1204/2 769/972/2
f 999/1205/2 1000/1206/2 764/1207/2
f 1001/1204/2 799/920/2 768/935/2
f 798/901/6 422/1208/6 359/1209/6
f 803/905/6 1003/1210/6 375/1211/6
f 804/1212/6 408/1213/6 407/1214/6
f 357/1215/6 415/1216/6 805/908/6
f 802/902/6 1002/1217/6 364/1218/6
f 381/764/5 882/1219/5 883/1038/5
f 816/925/2 1004/930/2 316/1220/2
f 816/925/2 316/1220/2 287/1221/2
f 280/1222/2 822/1223/2 1005/938/2
f 271/762/5 1007/1047/5 884/1042/5
f 270/764/5 1006/1038/5 885/1041/5
f 274/768/5 1008/1045/5 827/946/5
f 824/943/5 282/1229/5 284/1247/5
f 824/943/5 281/776/5 282/1229/5
f 888/1048/5 271/762/5 278/1248/5
f 888/1052/1 279/1249/1 1009/1053/1
f 305/1250/1 1009/1053/1 279/1249/1
f 1010/1054/1 305/1250/1 314/1252/1
f 326/1253/1 892/920/1 889/1055/1
f 893/1057/6 310/1254/6 320/1218/6
f 882/930/2 322/1255/2 910/1256/2
f 810/919/1 1012/1253/1 1011/920/1
f 893/1080/11 318/1257/11 810/1078/11
f 910/1083/12 310/1258/12 894/1081/12
f 366/1259/2 928/1260/2 929/1105/2
f 370/1261/2 931/1262/2 932/1106/2
f 1015/1263/1 1014/924/1 808/911/1
f 1013/916/1 1016/1264/1 354/1265/1
f 1016/1264/1 1013/916/1 809/915/1
f 1011/920/1 1012/1253/1 353/1266/1
f 1014/924/1 1015/1263/1 356/1259/1
f 819/924/2 1018/1263/2 327/1267/2
f 821/916/2 1019/1264/2 331/1268/2
f 798/920/2 359/1253/2 333/1269/2
f 817/929/2 1017/1270/2 328/1271/2
f 363/1277/5 1020/1036/5 978/1188/5
f 813/1197/13 363/1278/13 978/1195/13
f 1020/1036/5 374/1282/5 1022/1190/5
f 919/1093/6 394/1283/6 385/1254/6
f 972/916/1 1024/1264/1 389/1290/1
f 892/920/1 326/1253/1 388/1291/1
f 971/924/1 390/1292/1 973/1293/1
f 973/1293/1 390/1292/1 397/1280/1
f 974/1182/1 408/1220/1 804/930/1
f 1022/1190/5 393/764/5 977/1038/5
f 391/1294/2 920/1111/2 980/1191/2
f 977/1200/14 391/1295/14 980/1198/14
f 996/938/1 1026/1222/1 410/1298/1
f 805/930/1 415/1220/1 409/1255/1
f 1025/1299/1 997/1300/1 995/1202/1
f 998/919/2 418/1301/2 419/1302/2
f 999/1205/2 421/176/2 418/1301/2
f 998/919/2 422/1253/2 799/920/2
f 1030/1303/6 1028/1304/6 1027/1305/6
f 1034/1306/6 1032/1307/6 1031/1308/6
f 1038/1309/6 1036/1310/6 1035/1311/6
f 1042/1312/6 1040/1313/6 1039/1314/6
f 1046/1315/6 1044/1316/6 1043/1317/6
f 1050/1057/6 1048/1318/6 1047/1319/6
f 1052/1320/2 641/1321/2 1051/1322/2
f 1056/1323/2 1054/1324/2 1053/1325/2
f 1060/1326/2 1058/1327/2 1057/1328/2
f 1064/1329/2 1062/1330/2 1061/1331/2
f 1068/1332/2 1066/1333/2 1065/1334/2
f 1072/172/2 1070/1335/2 1069/168/2
f 1106/1377/6 1109/1378/6 530/1379/6
f 1107/1380/6 1108/1381/6 528/1382/6
f 1110/1383/6 1111/1384/6 526/1385/6
f 1112/1386/6 1113/1387/6 522/1388/6
f 1114/1389/6 1115/1390/6 523/1391/6
f 1109/1378/6 1117/1319/6 615/1392/6
f 1118/1393/6 1121/1394/6 540/1395/6
f 1119/1396/6 1120/1397/6 538/1398/6
f 543/1399/6 1118/1393/6 1088/1400/6
f 613/1403/1 1126/1404/1 1125/1405/1
f 614/1406/1 1117/1407/1 1126/1404/1
f 616/1385/1 1125/1405/1 1096/1408/1
f 1130/1409/2 612/1410/2 1127/720/2
f 612/1410/2 1130/1409/2 1177/1411/2
f 1093/1412/2 609/1413/2 610/723/2
f 609/1413/2 1093/1412/2 1176/1414/2
f 1129/1415/2 611/164/2 1128/745/2
f 1069/1496/6 1142/1497/6 1072/1498/6
f 1106/1377/6 1165/1515/6 1164/1516/6
f 1107/1380/6 1166/1517/6 1165/1515/6
f 1110/1383/6 1167/1518/6 1166/1517/6
f 1112/1386/6 1168/1519/6 1167/1518/6
f 1114/1389/6 1116/1520/6 144/1521/6
f 1106/1377/6 1170/1057/6 1117/1319/6
f 1118/1393/6 1172/1522/6 1171/1523/6
f 1119/1396/6 1173/1524/6 1172/1522/6
f 1146/1525/6 1142/1497/6 1083/1526/6
f 1146/1525/6 1083/1526/6 1088/1400/6
f 1176/1414/2 1175/1527/2 1190/1528/2
f 1174/1529/2 1177/1411/2 1130/1409/2
f 1094/1530/2 1151/1531/2 1152/1532/2
f 1175/1527/2 1176/1414/2 1093/1412/2
f 1177/1411/2 1174/1529/2 1191/1533/2
f 1173/172/2 1122/168/2 1129/1415/2
f 1125/1405/1 1179/1534/1 1178/1535/1
f 1126/1404/1 1170/1536/1 1179/1534/1
f 1153/1517/1 1154/1537/1 1095/1538/1
f 1153/1517/1 1095/1538/1 1096/1408/1
f 1029/1048/2 1094/1530/2 1028/1542/2
f 1047/1546/1 1154/1537/1 1050/1212/1
f 1165/1515/6 1181/1547/6 454/1254/6
f 1166/1517/6 1182/1548/6 452/1297/6
f 1167/1518/6 1183/1549/6 450/1550/6
f 1168/1519/6 1184/1551/6 448/1552/6
f 1169/1553/6 145/1554/6 447/1555/6
f 1164/1516/6 521/1218/6 1170/1057/6
f 1172/1522/6 1186/1556/6 464/1557/6
f 1173/1524/6 515/1558/6 462/1209/6
f 465/1559/6 1171/1523/6 1185/1560/6
f 1179/1534/1 1189/1564/1 519/1552/1
f 1170/1536/1 521/1565/1 518/1555/1
f 520/1550/1 1178/1535/1 1188/1566/1
f 1192/1567/2 1191/1533/2 1174/1529/2
f 1190/1528/2 1193/1568/2 517/758/2
f 1193/1568/2 1190/1528/2 1175/1527/2
f 1191/1533/2 1192/1567/2 514/757/2
f 1196/1575/1 1195/1576/1 351/1265/1
f 1197/1577/1 1194/1294/1 352/1266/1
f 1199/1578/1 1198/1579/1 313/1252/1
f 293/1250/1 276/1249/1 1200/1580/1
f 1196/1575/1 1213/1581/1 1195/1576/1
f 1218/1582/1 1201/1583/1 1204/1584/1
f 1195/1576/1 1213/1581/1 1216/1585/1
f 1204/1584/1 1203/1586/1 1207/1587/1
f 1207/1587/1 1206/1588/1 1209/1589/1
f 1209/1589/1 444/1280/1 1205/1590/1
f 1199/1578/1 1211/1591/1 224/1592/1
f 1200/1580/1 173/1593/1 172/1594/1
f 227/1595/3 1210/1596/3 225/1597/3
f 1212/1598/1 162/1599/1 163/1600/1
f 162/1599/1 1212/1598/1 1196/1575/1
f 1212/1598/1 1214/1601/1 1215/1602/1
f 1215/1602/1 1217/1603/1 1220/1604/1
f 1220/1604/1 1218/1582/1 1216/1585/1
f 1224/1605/2 1239/1606/2 1221/1607/2
f 343/1271/2 1223/1270/2 1222/1608/2
f 1239/1606/2 1224/1605/2 317/1220/2
f 1223/1270/2 1238/1609/2 1222/1608/2
f 1238/1609/2 1223/1270/2 344/1267/2
f 1226/1263/2 1242/1610/2 1225/1581/2
f 1230/1611/2 1227/1612/2 1251/1613/2
f 1247/1614/2 1244/1615/2 347/1268/2
f 295/1221/2 1224/1605/2 1221/1607/2
f 1229/1616/2 284/1617/2 285/1222/2
f 1228/1264/2 1232/1294/2 1233/1618/2
f 1232/1294/2 1235/1619/2 1236/1620/2
f 1235/1619/2 1237/1621/2 1236/1620/2
f 1241/1622/2 1222/1608/2 1238/1609/2
f 1222/1608/2 1241/1622/2 216/1623/2
f 215/1624/2 1238/1609/2 1225/1581/2
f 1245/1625/2 160/1626/2 161/1599/2
f 1240/1627/2 1221/1607/2 1239/1606/2
f 1221/1607/2 1240/1627/2 182/1628/2
f 1242/1610/2 1244/1615/2 1248/1629/2
f 1244/1615/2 1247/1614/2 1249/1630/2
f 1247/1614/2 1250/1631/2 1249/1630/2
f 1251/399/3 1201/269/3 1218/271/3
f 444/1632/6 1237/1633/6 443/1634/6
f 1207/1635/6 1231/1636/6 1233/1637/6
f 1204/1638/6 1227/1639/6 1230/1636/6
f 284/1247/5 1200/1640/5 277/1641/5
f 1204/269/3 1231/252/3 1203/270/3
f 1206/411/3 1233/252/3 1234/400/3
f 1209/1642/6 1234/1637/6 1236/1633/6
f 1209/411/3 1237/504/3 1208/409/3
f 1250/1643/6 1218/1644/6 1219/1645/6
f 1243/1646/6 1215/1647/6 1214/1648/6
f 160/1649/6 1212/1648/6 163/1650/6
f 173/1651/5 1229/1652/5 183/1653/5
f 1212/188/3 1243/1654/3 1214/1655/3
f 1217/820/3 1248/1654/3 1246/1656/3
f 1249/1643/6 1217/1647/6 1246/1657/6
f 1220/820/3 1250/399/3 1219/271/3
f 1253/335/3 1252/1658/3 1266/1659/3
f 1254/338/3 1255/1660/3 1271/368/3
f 1261/260/3 1273/237/3 1258/261/3
f 1273/237/3 1261/260/3 1635/233/3
f 1260/223/3 1272/1661/3 1259/392/3
f 1272/1661/3 1260/223/3 1636/380/3
f 1638/384/3 1265/231/3 1276/387/3
f 1276/387/3 1669/1662/3 1279/1663/3
f 1252/1658/3 1258/261/3 1266/1659/3
f 1270/236/3 1268/396/3 1267/394/3
f 1287/264/3 1271/368/3 1255/1660/3
f 1287/264/3 1255/1660/3 1270/236/3
f 1672/1664/3 1276/387/3 1265/231/3
f 1275/385/3 1274/386/3 1673/1665/3
f 1279/1663/3 1264/390/3 1292/251/3
f 1283/415/3 1277/472/3 1298/418/3
f 1280/398/3 1262/388/3 1279/1663/3
f 1278/1666/3 1283/415/3 1274/386/3
f 1759/1667/3 1285/1668/3 1284/818/3
f 1287/264/3 1286/256/3 1289/1669/3
f 1762/1670/3 1289/1669/3 1286/256/3
f 1267/394/3 1288/1671/3 1763/1672/3
f 1281/1654/3 1302/1673/3 1290/1674/3
f 1775/1675/3 1302/1673/3 1280/398/3
f 1294/1676/3 1293/1677/3 1288/1671/3
f 1778/1679/3 1299/1680/3 1292/251/3
f 1298/418/3 1297/1681/3 1779/1682/3
f 1781/1683/3 1300/1684/3 1291/1685/3
f 1291/1685/3 1300/1684/3 1340/409/3
f 1303/271/3 1290/1674/3 1302/1673/3
f 1297/1681/3 1298/418/3 1277/472/3
f 1301/1686/3 1277/472/3 1304/265/3
f 1308/1687/3 1334/1688/3 1305/1689/3
f 1795/1690/3 1306/1691/3 1334/1688/3
f 1798/1692/3 1334/1688/3 1312/1693/3
f 1310/309/3 1305/1689/3 1309/304/3
f 1314/1694/3 1310/309/3 1311/1695/3
f 1829/1696/3 1312/1693/3 1308/1687/3
f 1809/312/3 1316/828/3 1335/1697/3
f 1335/1697/3 1315/1698/3 1307/1699/3
f 1314/1694/3 1311/1695/3 1332/319/3
f 1318/851/3 1317/320/3 1828/1700/3
f 1321/883/3 1320/1701/3 1338/440/3
f 1321/883/3 1323/272/3 1320/1701/3
f 1322/1702/3 1326/281/3 1325/1703/3
f 1327/1706/3 1334/1688/3 1306/1691/3
f 1785/293/3 1788/1711/3 1329/1707/3
f 1331/1705/3 1309/304/3 1305/1689/3
f 1293/1677/3 1315/1698/3 1335/1697/3
f 1293/1677/3 1295/404/3 1333/1712/3
f 1765/1713/3 1335/1697/3 1750/817/3
f 1323/272/3 1337/267/3 1348/1714/3
f 1320/1701/3 1336/1715/3 1345/445/3
f 1339/446/3 1344/276/3 1842/457/3
f 1343/274/3 1346/448/3 1355/1717/3
f 1348/1714/3 1347/273/3 1841/427/3
f 1344/276/3 1345/445/3 1336/1715/3
f 1300/1684/3 1304/265/3 1840/1718/3
f 1347/273/3 1348/1714/3 1337/267/3
f 1343/274/3 1350/287/3 1858/848/3
f 1330/1719/3 1352/1720/3 1821/850/3
f 1821/850/3 1820/442/3 1354/1710/3
f 1325/1703/3 1352/1720/3 1353/1709/3
f 1346/448/3 1859/846/3 1326/281/3
f 1354/1710/3 1318/851/3 1332/319/3
f 1359/1721/6 1358/1722/6 1364/1723/6
f 1358/1722/6 1359/1721/6 1366/1724/6
f 1647/1725/6 1362/1726/6 1361/1727/6
f 1546/1728/6 1363/1729/6 1646/1730/6
f 1363/1729/6 1357/1731/6 1364/1732/6
f 1359/1721/6 1365/1733/6 1369/1734/6
f 1365/1733/6 1368/1735/6 1372/1736/6
f 1368/1735/6 1371/1737/6 1375/1738/6
f 1371/1737/6 1374/1739/6 1378/1740/6
f 1374/1739/6 1377/1741/6 1381/1742/6
f 1377/1741/6 1380/1743/6 1384/1744/6
f 1380/1743/6 1383/1745/6 1387/1746/6
f 1383/1745/6 1386/1747/6 1390/1748/6
f 1386/1747/6 1389/1749/6 1393/1750/6
f 1389/1749/6 1392/1751/6 1396/1752/6
f 1392/1751/6 1395/1753/6 1399/1754/6
f 1395/1753/6 1398/1755/6 1402/1756/6
f 1398/1755/6 1401/1757/6 1405/1758/6
f 1401/1757/6 1404/1759/6 1409/1760/6
f 1409/1760/6 1408/1761/6 1407/1762/6
f 170/1763/5 1411/1764/5 1468/1765/5
f 171/1766/5 1412/1767/5 1467/1768/5
f 1412/1767/3 1461/1769/3 1463/1770/3
f 1452/1771/5 1455/1772/5 173/1651/5
f 1435/1773/5 1438/1774/5 173/1651/5
f 1422/1775/5 1426/1776/5 183/1653/5
f 180/1777/5 1415/1727/5 1414/1778/5
f 1470/1779/5 177/1780/5 165/1781/5
f 1419/1782/5 1417/1783/5 1414/1778/5
f 1420/1784/5 1414/1778/5 1415/1727/5
f 1420/1784/5 1254/1785/5 1419/1782/5
f 1254/1785/5 1256/1786/5 1421/1787/5
f 1423/1788/5 1418/1789/5 1421/1787/5
f 1418/1789/5 1423/1788/5 1425/1790/5
f 1425/1790/5 1424/1791/5 1427/1792/5
f 1427/1792/5 1429/1793/5 1431/1794/5
f 1431/1794/5 1430/1795/5 1434/1796/5
f 1434/1796/5 1433/1797/5 1437/1798/5
f 1437/1798/5 1436/1799/5 1439/1800/5
f 1439/1800/5 1440/1801/5 1442/1802/5
f 1442/1802/5 1441/1803/5 1445/1804/5
f 1445/1804/5 1444/1805/5 1448/1806/5
f 1448/1806/5 1447/1807/5 1451/1808/5
f 1451/1808/5 1450/1809/5 1454/1810/5
f 1454/1810/5 1453/1811/5 1457/1812/5
f 1457/1812/5 1456/1813/5 1460/1814/5
f 1460/1814/5 1459/1815/5 1462/1816/5
f 1464/1817/5 1461/1769/5 1462/1816/5
f 1465/1818/3 1468/1819/3 1411/321/3
f 1466/1820/3 1467/1821/3 1412/324/3
f 1491/1822/3 1471/333/3 1470/1823/3
f 1410/331/3 1465/1818/3 1476/332/3
f 1465/1818/3 1473/1824/3 1472/1825/3
f 1466/1820/3 1474/1826/3 1473/1824/3
f 1494/1827/3 1476/332/3 1465/1818/3
f 1472/1825/3 1475/359/3 1495/1828/3
f 1497/1829/3 1478/356/3 1477/357/3
f 1416/1830/3 1470/1823/3 1471/333/3
f 1473/1824/3 1480/1831/3 1830/1832/3
f 1812/363/3 1480/1831/3 1473/1824/3
f 1474/1826/3 1408/1833/3 1811/362/3
f 1479/1834/3 1475/359/3 1472/1825/3
f 1481/373/3 1477/357/3 1478/356/3
f 1475/359/3 1479/1834/3 1831/1835/3
f 1415/1836/2 178/1628/2 1361/1837/2
f 1477/1838/1 1482/1839/1 176/1594/1
f 1385/1885/1 1442/1886/1 1440/1887/1
f 1373/1888/1 1431/1889/1 1429/1890/1
f 1367/1891/1 1425/1892/1 1423/1893/1
f 1257/1894/1 1421/1893/1 1256/1895/1
f 1415/1836/2 1361/1837/2 1362/1896/2
f 1253/1897/2 1499/1898/2 1252/1899/2
f 1421/1900/3 1367/1901/3 1423/1902/3
f 1424/1903/3 1369/1901/3 1370/1904/3
f 1372/1888/1 1424/1892/1 1370/1905/1
f 1427/1903/3 1373/1906/3 1429/1907/3
f 1430/1908/3 1375/1906/3 1376/1909/3
f 1379/1910/1 1437/1911/1 1433/1912/1
f 1378/1910/1 1430/1889/1 1376/1913/1
f 1434/1908/3 1379/1914/3 1433/1915/3
f 1436/1916/3 1381/1914/3 1382/1917/3
f 1384/1885/1 1436/1911/1 1382/1918/1
f 1439/1916/3 1385/364/3 1440/328/3
f 1469/1860/1 1463/1919/1 1464/1920/1
f 1474/1838/1 1464/1920/1 1407/1921/1
f 1441/1922/3 1387/364/3 1388/1923/3
f 1397/1924/1 1454/1925/1 1450/1926/1
f 1391/1927/1 1448/1928/1 1444/1929/1
f 1390/1927/1 1441/1886/1 1388/1930/1
f 1445/1922/3 1391/1931/3 1444/1932/3
f 1447/1933/3 1393/1931/3 1394/1934/3
f 1396/1924/1 1447/1928/1 1394/1935/1
f 1451/1933/3 1397/1936/3 1450/1937/3
f 1453/1938/3 1399/1936/3 1400/1939/3
f 1403/1940/1 1460/1941/1 1456/1942/1
f 1402/1940/1 1453/1925/1 1400/1943/1
f 1457/1938/3 1403/1944/3 1456/1945/3
f 1459/1946/3 1405/1944/3 1406/1947/3
f 1409/1921/1 1459/1941/1 1406/1948/1
f 1462/1946/3 1407/1833/3 1464/1949/3
f 1501/1950/1 1500/1951/1 1505/1952/1
f 1506/1953/1 1500/1951/1 1504/1954/1
f 1509/1955/1 1502/1956/1 1507/1957/1
f 1511/1958/1 1510/1959/1 1515/1960/1
f 1516/1961/1 1510/1959/1 1514/1962/1
f 1519/1963/1 1512/1964/1 1517/1965/1
f 1521/1966/1 1520/1967/1 1525/1968/1
f 1526/1969/1 1520/1967/1 1524/1970/1
f 1529/1971/1 1522/1972/1 1527/1973/1
f 1532/1974/1 1531/1975/1 1572/1976/1
f 1530/1977/1 1533/1978/1 1538/1979/1
f 1531/1975/1 1511/1958/1 1571/1980/1
f 1500/1951/3 1534/1981/3 1504/1954/3
f 1500/1951/1 1571/1980/1 1512/1964/1
f 1574/1982/1 1536/1983/1 1535/1984/1
f 1533/1978/1 1530/1977/1 1573/1985/1
f 1574/1982/1 1535/1984/1 1537/1986/1
f 1539/1987/1 1538/1979/1 1533/1978/1
f 1537/1986/1 1540/1988/1 1543/1989/1
f 1538/1979/1 1521/1966/1 1532/1974/1
f 1510/1959/3 1541/1990/3 1514/1962/3
f 1510/1959/1 1532/1974/1 1522/1972/1
f 1540/1988/1 1535/1984/1 1542/1991/1
f 214/1992/1 1543/1989/1 1544/1993/1
f 1520/1967/1 1539/1987/1 160/1600/1
f 1544/1993/1 1543/1989/1 1540/1988/1
f 1542/1991/1 221/1994/1 218/1995/1
f 1545/1996/1 1364/1943/1 1358/1905/1
f 1601/1997/3 1547/1998/3 1546/1659/3
f 1361/1658/3 1548/1999/3 1551/2000/3
f 1604/2001/3 1551/2000/3 1548/1999/3
f 1550/2002/3 1549/2003/3 1605/2004/3
f 1607/2005/3 1553/2006/3 1552/2007/3
f 1360/1660/3 1546/1659/3 1547/1998/3
f 1556/259/3 1555/260/3 1580/233/3
f 1557/225/3 1554/223/3 1581/380/3
f 1564/387/3 1583/384/3 1560/231/3
f 1559/229/3 1583/384/3 1569/390/3
f 1549/2003/3 1550/2002/3 1555/260/3
f 1556/259/3 1552/2007/3 1553/2006/3
f 1612/1664/3 1564/387/3 1560/231/3
f 1563/385/3 1562/386/3 1617/1665/3
f 1619/2008/3 1566/1666/3 1565/415/3
f 1566/1666/3 1619/2008/3 1562/386/3
f 1561/230/3 1569/390/3 1611/2009/3
f 1565/415/3 1568/417/3 1577/419/3
f 1557/225/3 1571/250/3 1501/2010/3
f 1502/395/3 1508/256/3 1556/259/3
f 1559/229/3 1572/1654/3 1531/249/3
f 1624/2011/3 1576/247/3 1530/252/3
f 1357/368/3 1360/1660/3 1552/2007/3
f 1631/2012/3 1575/2013/3 1574/418/3
f 1630/2014/3 1574/418/3 1573/251/3
f 1623/2015/3 1577/419/3 1568/417/3
f 1536/472/3 1574/418/3 1575/2013/3
f 1580/1985/2 1579/1623/2 196/1622/2
f 1578/1624/2 1581/1976/2 1554/2016/2
f 1581/1976/2 1578/1624/2 192/1626/2
f 1582/1597/2 1583/1980/2 1558/2017/2
f 1583/1980/2 1582/1597/2 193/2018/2
f 200/2019/2 1567/2020/2 1563/2021/2
f 1580/1985/2 1555/1983/2 1579/1623/2
f 1548/2022/2 1361/1837/2 178/1628/2
f 188/1627/2 1555/1983/2 1550/2023/2
f 220/2024/6 221/1649/6 1542/2025/6
f 220/2024/6 1535/2026/6 1568/2027/6
f 1566/2028/6 219/2029/6 1584/2030/6
f 1633/2128/2 1636/2129/2 1260/2130/2
f 1637/2131/2 1638/2132/2 1263/2133/2
f 1265/2134/2 1637/2131/2 1650/2135/2
f 1650/2135/2 1282/2136/2 1275/2137/2
f 1634/2138/2 1635/2139/2 1261/2140/2
f 1643/379/4 1641/388/4 1640/392/4
f 1642/383/4 1644/390/4 1641/388/4
f 1645/387/4 1646/207/4 1644/390/4
f 1640/392/4 1648/237/4 1671/791/4
f 1637/223/4 1642/383/4 1643/379/4
f 1633/227/4 1645/387/4 1642/383/4
f 1634/231/4 1647/208/4 1645/387/4
f 1637/223/4 1643/379/4 1649/232/4
f 1670/241/4 1674/238/4 1650/240/4
f 1641/388/4 1653/1654/4 1738/396/4
f 1644/390/4 1654/251/4 1741/398/4
f 1363/206/4 1364/211/4 1545/472/4
f 1545/472/4 1654/251/4 1644/390/4
f 1648/237/4 1739/394/4 1658/242/4
f 1655/243/4 1657/259/4 1660/261/4
f 1639/260/4 1650/240/4 1651/239/4
f 1658/242/4 1659/264/4 1657/259/4
f 1278/2141/6 1660/2142/6 1657/2143/6
f 1278/2141/6 1639/2144/6 1660/2142/6
f 1708/1985/2 1678/2189/2 1686/2190/2
f 1686/2190/2 1677/2191/2 1682/2192/2
f 1683/2193/2 1682/2192/2 1681/2194/2
f 1686/2190/2 1685/1982/2 1684/2195/2
f 1696/2196/2 1687/2197/2 1692/2198/2
f 1693/2199/2 1692/2198/2 1691/2200/2
f 1696/2196/2 1695/2201/2 1694/2202/2
f 1706/2203/2 1697/2204/2 1702/2205/2
f 1703/1970/2 1702/2205/2 1701/2206/2
f 1706/2203/2 1705/1987/2 1704/2207/2
f 1709/2138/2 1708/1985/2 1679/2208/2
f 1707/1976/2 1710/2128/2 1746/2209/2
f 1711/1980/2 1712/2131/2 1744/2210/2
f 1743/2157/2 1711/1980/2 1714/2020/2
f 1714/2020/2 1833/2211/2 1749/2135/2
f 1716/2212/2 1715/1983/2 1685/1982/2
f 1685/1982/2 1678/2189/2 1709/2138/2
f 1711/1980/2 1718/2213/2 1717/2214/2
f 1711/1980/2 1719/2215/2 1714/2020/2
f 1688/1978/2 1689/2216/2 1707/1976/2
f 1680/2217/2 1683/2193/2 1695/2201/2
f 1718/2213/2 1698/2218/2 1699/1966/2
f 1717/2214/2 1722/2219/2 1719/2215/2
f 1718/2213/2 1689/2216/2 1690/2220/2
f 1693/2199/2 1723/2221/2 1705/1987/2
f 1721/2222/2 1724/1597/2 258/2018/2
f 251/2223/2 252/1595/2 1721/2222/2
f 1700/1967/2 1703/1970/2 163/1626/2
f 1377/1914/3 1374/1909/3 1715/817/3
f 1365/1901/3 1570/264/3 1368/1904/3
f 1534/2010/3 1695/2224/3 1720/307/3
f 1541/2225/3 1705/297/3 1723/296/3
f 162/1650/6 1524/2226/6 161/1649/6
f 1697/2227/6 1527/2228/6 1523/2229/6
f 1704/2230/6 1528/2025/6 1529/2228/6
f 1704/297/3 1527/396/3 1706/404/3
f 1702/300/3 1523/396/3 1525/249/3
f 1701/2231/6 1525/2229/6 1526/2226/6
f 1701/300/3 1524/189/3 1703/298/3
f 1514/2232/6 1723/2233/6 1693/2234/6
f 1517/2235/6 1687/2236/6 1696/2237/6
f 1519/2235/6 1695/2238/6 1518/2026/6
f 1694/2224/3 1517/2239/3 1696/403/3
f 1692/308/3 1513/2239/3 1515/250/3
f 1516/2232/6 1692/2236/6 1515/2240/6
f 1691/308/3 1514/2225/3 1693/296/3
f 1504/2241/6 1720/2238/6 1683/2242/6
f 1507/2243/6 1677/2244/6 1686/2245/6
f 1509/2243/6 1685/1745/6 1508/2246/6
f 1684/816/3 1507/395/3 1686/2247/3
f 1682/402/3 1503/395/3 1505/394/3
f 1506/2241/6 1682/2244/6 1505/2248/6
f 1681/402/3 1504/2010/3 1683/307/3
f 1277/2249/6 1713/2250/6 1304/2251/6
f 1726/2252/4 1725/1686/4 1761/2253/4
f 1732/2254/4 1745/1676/4 1729/2255/4
f 1745/1676/4 1732/2254/4 1737/2256/4
f 1731/2257/4 1747/2258/4 1730/1674/4
f 1747/2258/4 1731/2257/4 1740/2259/4
f 1729/2255/4 1735/1677/4 1777/2260/4
f 1739/394/4 1732/2254/4 1736/1671/4
f 1732/2254/4 1739/394/4 1652/250/4
f 1738/396/4 1731/2257/4 1737/2256/4
f 1731/2257/4 1738/396/4 1653/1654/4
f 1545/472/4 1728/1681/4 1760/1682/4
f 1741/398/4 1734/1680/4 1740/2259/4
f 1654/251/4 1760/1682/4 1764/1679/4
f 1780/1670/4 1742/1669/4 1656/256/4
f 1776/1672/4 1656/256/4 1739/394/4
f 1735/1677/4 1712/308/4 1743/402/4
f 1712/308/4 1735/1677/4 1729/2255/4
f 1745/1676/4 1710/1655/4 1744/404/4
f 1710/1655/4 1745/1676/4 1730/1674/4
f 1725/1686/4 1726/2252/4 1716/265/4
f 1766/2261/4 1725/1686/4 1709/2262/4
f 1749/816/4 1748/1668/4 1782/2263/4
f 1748/1668/4 1749/816/4 1713/817/4
f 1659/264/4 1656/256/4 1742/1669/4
f 1727/2264/5 1545/1732/5 1287/2265/5
f 1284/2266/5 1750/2267/5 1808/2268/5
f 1784/139/5 242/2294/5 250/1766/5
f 1787/2295/5 1785/2296/5 1306/2297/5
f 1783/136/5 1784/139/5 1790/2298/5
f 1788/2299/5 1787/2295/5 1786/2300/5
f 1784/139/5 1792/2304/5 1791/2305/5
f 1790/2298/5 1791/2305/5 1789/2306/5
f 1793/2307/5 1792/2304/5 226/2308/5
f 1793/2307/5 1789/2306/5 1791/2305/5
f 1789/2306/5 1793/2307/5 1333/2309/5
f 242/2310/2 1794/2311/2 241/1992/2
f 1783/2312/2 1799/2313/2 1794/2311/2
f 1799/2313/2 1783/2312/2 1306/2314/2
f 1795/2130/2 1797/2315/2 1796/2316/2
f 1802/2320/2 241/1992/2 1794/2311/2
f 1800/2321/2 1794/2311/2 1799/2313/2
f 1802/2320/2 229/2322/2 1801/1993/2
f 1797/2315/2 1798/2323/2 1307/2324/2
f 1803/2325/2 1802/2320/2 1800/2321/2
f 1807/1767/5 1805/2326/5 1804/2327/5
f 1807/1767/5 1715/2328/5 1716/2329/5
f 1808/2268/5 1750/2267/5 1316/2309/5
f 1806/2330/5 1810/2297/5 1805/2326/5
f 1811/362/3 1404/1947/3 1807/312/3
f 1395/1936/3 1392/1934/3 1715/817/3
f 1811/362/3 1804/2331/3 1812/363/3
f 1793/2332/1 226/1595/1 222/1597/1
f 1333/2333/1 1813/2334/1 1315/2335/1
f 229/2336/6 1813/2337/6 228/2338/6
f 1803/2339/6 1315/2340/6 1813/2337/6
f 1816/2341/1 1815/2342/1 1857/2332/1
f 1816/2341/1 1817/1980/1 1822/2086/1
f 1818/2343/1 1317/2136/1 1318/2335/1
f 1318/2335/1 1351/2344/1 1816/2341/1
f 1816/2341/1 1821/2333/1 1815/2342/1
f 1823/2036/1 1819/2020/1 1822/2086/1
f 1819/2020/1 1823/2036/1 234/1592/1
f 1817/1980/1 244/1595/1 243/1597/1
f 1825/2345/5 1818/2346/5 1819/2347/5
f 1827/2348/5 1804/2327/5 1805/2326/5
f 1824/2349/5 1826/2350/5 1827/2348/5
f 1827/2348/5 1829/2351/5 1314/2352/5
f 1805/2326/5 1810/2297/5 1313/2353/5
f 1824/2349/5 1317/2354/5 1818/2346/5
f 1825/1700/3 1831/1835/3 1479/1834/3
f 1826/1696/3 1830/1832/3 1480/1831/3
f 1831/1835/3 1819/320/3 1481/373/3
f 1722/2233/6 1832/2355/6 1719/2238/6
f 1719/2238/6 1832/2355/6 1834/1758/6
f 1837/2356/6 1836/2357/6 264/2358/6
f 1839/2359/6 1838/2360/6 262/2361/6
f 1834/1758/6 1832/2355/6 261/2362/6
f 1839/2359/6 1841/2363/6 1347/2364/6
f 1837/2356/6 1842/2365/6 1344/2366/6
f 1835/2367/6 1350/2368/6 1343/2369/6
f 1840/2370/6 1304/2251/6 1713/2250/6
f 1855/2403/1 269/1994/1 266/2404/1
f 267/2405/1 244/1595/1 1814/2406/1
f 1856/2407/1 266/2404/1 267/2405/1
f 1856/2407/1 1859/2408/1 1349/2324/1
f 1815/2342/1 1821/2333/1 1352/2409/1
f 1855/2403/1 1350/2140/1 1835/2410/1
f 1889/46/2 1873/35/2 1872/34/2
f 1914/2424/2 1874/64/2 1909/61/2
f 1889/46/2 1872/34/2 1875/2425/2
f 1885/30/2 1892/2433/2 1882/2434/2
f 1879/2435/2 1883/2436/2 1895/2437/2
f 1878/2438/2 1882/2434/2 1893/2439/2
f 1893/2439/2 1886/32/2 1881/2440/2
f 1884/25/2 1897/2441/2 1883/2436/2
f 1897/2441/2 1884/25/2 1873/35/2
f 1890/2442/2 1893/2439/2 1882/2434/2
f 1892/2433/2 1894/2443/2 1891/2444/2
f 1904/44/2 1888/2445/2 1896/45/2
f 1901/43/2 1898/42/2 1897/2441/2
f 1888/2445/2 1904/44/2 1900/47/2
f 1902/58/2 1900/47/2 1899/59/2
f 1903/60/2 1905/2446/2 1899/59/2
f 1906/62/2 1907/2447/2 1903/60/2
f 1910/2448/2 1906/62/2 1908/63/2
f 1888/2445/2 1889/46/2 1909/61/2
f 1908/63/2 1906/62/2 1896/45/2
f 1912/66/2 1911/2449/2 1908/63/2
f 1916/68/2 1912/66/2 1874/64/2
f 1914/2424/2 1913/2450/2 1918/2451/2
f 1920/70/2 1919/2452/2 1916/68/2
f 1918/2451/2 1917/2453/2 1922/2454/2
f 1924/73/2 1923/2455/2 1920/70/2
f 1922/2454/2 1921/2456/2 1926/69/2
f 1928/75/2 1927/2457/2 1924/73/2
f 1926/69/2 1925/72/2 1930/71/2
f 1932/74/2 1931/76/2 1928/75/2
f 1930/71/2 1929/2458/2 1934/77/2
f 1936/78/2 1935/79/2 1932/74/2
f 1934/77/2 1933/2459/2 1938/80/2
f 1940/81/2 1939/82/2 1936/78/2
f 1938/80/2 1937/2460/2 1944/83/2
f 1944/83/2 1969/84/2 1967/114/2
f 1963/117/2 1960/110/2 1940/81/2
f 1948/2461/2 1946/2462/2 1945/2463/2
f 1945/2463/2 1962/115/2 1954/2464/2
f 1957/124/2 1951/126/2 1948/2461/2
f 1959/2467/2 1958/2468/2 1951/98/2
f 1949/2469/2 1961/2470/2 1942/2471/2
f 1969/2482/2 1968/2483/2 1959/2467/2
f 1970/139/2 1973/1767/2 1981/1771/2
f 1971/143/2 1972/2328/2 1984/2125/2
f 1974/2484/2 1975/1778/2 1986/2485/2
f 1980/2486/2 1973/1767/2 1970/139/2
f 1979/135/2 1978/1764/2 1989/2487/2
f 2009/2536/2 2022/2537/2 2021/2538/2
f 2009/2536/2 2021/2538/2 1977/1727/2
f 2024/2539/2 2016/2529/2 2017/2530/2
f 2025/2540/2 2018/2541/2 2019/2533/2
f 2018/2541/2 2025/2540/2 2431/137/2
f 2027/2542/2 2013/2522/2 2014/2543/2
f 2024/2539/2 2015/2525/2 2023/2527/2
f 2015/2525/2 2024/2539/2 2432/141/2
f 2022/2537/2 2010/2544/2 2011/2518/2
f 2027/2542/2 2012/2545/2 2026/2523/2
f 2012/2545/2 2027/2542/2 2435/148/2
f 2025/2540/2 2020/2535/2 2028/2546/2
f 1988/2500/2 1989/2487/2 1978/1764/2
f 2029/100/2 2028/2546/2 2020/2535/2
f 2031/2547/3 2030/2548/3 2171/2549/3
f 2032/2550/3 1873/2551/3 1884/2552/3
f 2045/2553/4 2037/2554/4 2036/2555/4
f 2035/2556/4 2034/2557/4 2042/2558/4
f 2037/2554/4 2046/2559/4 2036/2555/4
f 2036/2555/4 2046/2559/4 2048/2560/4
f 2042/2558/4 2041/2561/4 2040/2562/4
f 2046/2559/4 2051/2563/4 2043/2564/4
f 2051/2563/4 2046/2559/4 2037/2554/4
f 2049/2565/4 2048/2560/4 2047/2566/4
f 2057/2567/4 2051/2563/4 2044/2568/4
f 2040/2562/4 2050/2569/4 2054/2570/4
f 2061/2571/4 2049/2565/4 2047/2566/4
f 2052/2572/4 2043/2564/4 2051/2563/4
f 2043/2564/4 2052/2572/4 2058/2573/4
f 2054/2570/4 2050/2569/4 2246/2574/4
f 2059/2575/4 2058/2573/4 2052/2572/4
f 2063/2576/4 2053/2577/4 2061/2571/4
f 2066/2578/4 2083/2579/4 2064/2580/4
f 2075/2581/4 139/631/4 2065/2582/4
f 2064/2580/4 2083/2579/4 2079/2583/4
f 2069/2584/4 2103/2585/4 2067/2586/4
f 2099/2587/4 2069/2584/4 137/696/4
f 2064/2580/4 2065/2582/4 136/634/4
f 2064/2580/4 2071/2588/4 2070/2589/4
f 2111/2590/4 2072/2591/4 2071/2588/4
f 2111/2590/4 2071/2588/4 2069/2584/4
f 2087/2592/4 2066/2578/4 2064/2580/4
f 2070/2589/4 2073/2593/4 2091/2594/4
f 2074/2595/6 2076/1553/6 142/1521/6
f 2077/2596/6 152/2597/6 146/1554/6
f 2074/2595/6 2079/2598/6 2078/2599/6
f 2080/27/6 2081/24/6 2077/2596/6
f 2078/2599/6 2083/2600/6 2082/2601/6
f 2084/2602/6 2085/2603/6 2080/27/6
f 2082/2601/6 2083/2600/6 2066/4/6
f 2088/2604/6 2089/2605/6 2084/2602/6
f 2086/2606/6 2091/2607/6 2090/2608/6
f 2092/2609/6 2093/2610/6 2088/2604/6
f 2090/2608/6 2073/2611/6 2094/2612/6
f 2090/2608/6 2371/2613/6 1872/2614/6
f 1873/33/6 2032/2440/6 2092/2609/6
f 2096/12/5 141/11/5 149/1521/5
f 2097/2595/5 2095/1553/5 150/1554/5
f 2100/2599/5 2096/12/5 2097/2595/5
f 2100/2599/5 2097/2595/5 2098/2596/5
f 2104/2601/5 2099/2598/5 2100/2599/5
f 2104/2601/5 2100/2599/5 2102/27/5
f 2108/2606/5 2107/2615/5 2067/4/5
f 2108/2606/5 2104/2601/5 2106/2602/5
f 2107/2615/5 2112/2608/5 2111/2607/5
f 2112/2608/5 2108/2606/5 2110/2604/5
f 2111/2607/5 2115/2612/5 2072/2611/5
f 2113/2609/5 1886/33/5 2373/2614/5
f 2373/2614/5 2370/2613/5 2112/2608/5
f 2203/2719/4 2202/2720/4 2205/2721/4
f 2202/2720/4 2206/2722/4 2205/2721/4
f 2211/2723/4 2209/2724/4 2208/2725/4
f 2215/2731/4 2183/2732/4 2206/2722/4
f 2221/2737/4 2220/2738/4 2235/2739/4
f 2228/2743/4 2227/2744/4 2302/2745/4
f 2179/2746/4 2230/2747/4 2229/2748/4
f 2329/2756/4 2223/2757/4 2235/2739/4
f 2329/2756/4 2235/2739/4 2229/2748/4
f 2189/2761/4 2239/2762/4 2238/2763/4
f 2243/2767/4 2234/2768/4 2238/2763/4
f 2050/2669/5 2250/2769/5 2251/2770/5
f 2245/2771/5 2248/2772/5 2034/54/5
f 2041/2429/5 2248/2772/5 2249/2773/5
f 2056/50/5 2244/2774/5 2247/2775/5
f 2216/2776/5 2249/2773/5 2248/2772/5
f 2212/2777/5 2251/2770/5 2250/2769/5
f 2252/2778/5 2244/2774/5 2217/2779/5
f 2257/2783/3 2254/2784/3 2255/2785/3
f 2260/2788/3 2259/2789/3 2264/2790/3
f 2274/2798/3 2270/2799/3 2269/2800/3
f 2279/2801/3 2271/2802/3 2273/2803/3
f 2272/2804/3 2275/2805/3 2304/2806/3
f 2275/2805/3 2277/2807/3 2276/2808/3
f 2278/2809/3 2276/2808/3 2245/2810/3
f 2265/2811/3 2263/2812/3 2248/2813/3
f 2245/2810/3 2276/2808/3 2277/2807/3
f 2049/2438/6 2053/2440/6 1870/2814/6
f 2266/2815/6 2267/2816/6 2039/26/6
f 2279/2817/6 2269/2818/6 2297/2819/6
f 2036/87/2 2297/2838/2 2296/2839/2
f 2036/87/2 2298/2840/2 2035/90/2
f 2297/2838/2 2269/95/2 2270/2855/2
f 2298/2840/2 2278/92/2 2245/91/2
f 2278/92/2 2298/2840/2 2296/2839/2
f 2233/2856/6 1870/2814/6 1871/2857/6
f 2214/2858/2 2248/2859/2 2263/2860/2
f 2260/2861/2 2242/2862/2 2239/2863/2
f 2318/108/2 2301/2865/2 2300/2866/2
f 2299/88/2 2221/2867/2 2343/102/2
f 2301/2865/2 2278/92/2 2300/2866/2
f 2278/2868/5 2228/2869/5 2276/2870/5
f 2183/2871/5 2215/2872/5 2265/2873/5
f 2183/2871/5 2265/2873/5 2277/2874/5
f 2176/2881/2 2177/2863/2 2273/2882/2
f 2273/2882/2 2177/2863/2 2180/2883/2
f 2302/2884/2 2277/2860/2 2272/2885/2
f 2274/2886/6 2221/2887/6 2270/2888/6
f 2304/2889/1 2226/2890/1 2303/2891/1
f 2226/2890/1 2304/2889/1 2275/2892/1
f 2304/2889/1 2220/2893/1 2274/2894/1
f 2271/2895/6 2231/2896/6 2179/2897/6
f 2264/2899/6 2190/2900/6 2262/2901/6
f 2261/2903/5 2242/2904/5 2260/2905/5
f 2201/2907/5 2254/2908/5 2256/2909/5
f 2255/2916/6 2210/2917/6 2257/2918/6
f 2301/2865/2 2318/108/2 2317/2937/2
f 2316/106/2 2203/93/2 2204/105/2
f 2203/2938/5 2319/2925/5 2202/2939/5
f 2202/2939/5 2320/2926/5 2207/2924/5
f 2212/2777/5 2321/2947/5 2218/2906/5
f 2216/2776/5 2207/2924/5 2320/2926/5
f 2321/2947/5 2212/2777/5 2213/2910/5
f 2217/2779/5 2321/2947/5 2327/2948/5
f 2323/131/2 2317/2937/2 2322/2949/2
f 2325/2780/3 2322/2950/3 2324/2711/3
f 1946/2951/3 2324/2711/3 2326/2713/3
f 2320/2926/5 2316/2952/5 2323/2953/5
f 2320/2926/5 2323/2953/5 2325/2954/5
f 2325/2954/5 1947/2955/5 2327/2948/5
f 2329/2956/6 2233/2856/6 2328/2957/6
f 2029/2958/6 1978/2959/6 2346/2960/6
f 2328/2957/6 2330/2961/6 2342/2962/6
f 2341/104/2 2343/102/2 2221/2867/2
f 2343/102/2 2317/2937/2 2318/108/2
f 2341/104/2 2330/135/2 2344/133/2
f 2317/2937/2 2344/133/2 2322/2949/2
f 2345/2980/3 2322/2950/3 2344/2981/3
f 2344/2981/3 2330/2982/3 2328/2983/3
f 2347/2984/3 2346/2985/3 1979/2986/3
f 2345/2980/3 2326/2713/3 2324/2711/3
f 29/2987/4 1925/2317/4 1926/2988/4
f 2055/2989/4 2349/1385/4 2348/2990/4
f 2060/2991/4 2351/2992/4 2354/1382/4
f 2353/1379/4 2063/2576/4 2352/2993/4
f 83/2994/4 2348/2990/4 2349/1385/4
f 2348/2990/4 83/2994/4 79/2995/4
f 80/2996/4 2353/1379/4 2352/2993/4
f 2352/2993/4 2350/2997/4 79/2995/4
f 2071/2588/4 3/1845/4 5/2998/4
f 2/2999/4 2071/2588/4 2072/2591/4
f 2355/3000/4 2073/2593/4 2070/2589/4
f 1914/2628/6 17/3001/6 24/3002/6
f 17/3003/4 1872/2551/4 13/3004/4
f 2115/2612/5 2368/1300/5 1/1203/5
f 2115/2612/5 2369/3017/5 2368/1300/5
f 2094/2612/6 11/3018/6 12/1300/6
f 2094/2612/6 2372/3017/6 2371/2613/6
f 2373/2614/5 2369/3017/5 2370/2613/5
f 2371/2613/6 13/3021/6 1872/2614/6
f 2373/2614/5 1886/33/5 2375/32/5
f 1921/3022/6 29/3023/6 1926/50/6
f 1918/3024/6 25/3002/6 27/3025/6
f 25/3026/4 1914/3027/4 24/3003/4
f 1922/3022/6 28/3025/6 30/3028/6
f 28/3029/4 1918/3030/4 27/3026/4
f 31/3031/4 1922/3032/4 30/3029/4
f 1944/3033/6 73/3034/6 101/3035/6
f 100/3036/5 1940/3037/5 1941/3038/5
f 49/3039/5 1906/3040/5 1910/2775/5
f 2375/32/5 1887/3041/5 2374/3042/5
f 22/3043/5 2375/32/5 2374/3042/5
f 1891/3044/3 2378/3045/3 2381/3046/3
f 2379/3047/3 1891/3044/3 1894/3006/3
f 40/3048/3 34/3049/3 2384/3050/3
f 37/3051/3 2381/3046/3 2378/3045/3
f 2378/3045/3 2379/3047/3 2383/3000/3
f 2382/1845/3 2377/3052/3 2381/3046/3
f 2377/3052/3 2382/1845/3 38/3053/3
f 34/3049/3 2380/3054/3 2384/3050/3
f 2385/3055/2 2384/3056/2 2380/55/2
f 2377/3057/2 2374/3058/2 2387/3059/2
f 2386/159/3 1895/2695/3 1883/2552/3
f 1887/3060/3 2387/154/3 2374/163/3
f 1890/48/5 2387/3058/5 1893/3061/5
f 1898/48/5 2385/3058/5 1897/3061/5
f 1895/3041/6 2379/3062/6 1894/3063/6
f 43/3064/5 1901/3063/5 1902/3065/5
f 46/3066/5 1899/3065/5 1905/3067/5
f 43/3048/3 1899/3068/3 42/3069/3
f 48/3070/5 1903/3067/5 1907/3071/5
f 46/3069/3 1903/3072/3 45/3073/3
f 48/3073/3 1906/3074/3 47/3075/3
f 1934/48/6 65/3076/6 68/3077/6
f 67/3078/5 1932/3079/5 1935/3080/5
f 1930/3061/6 60/3023/6 64/3076/6
f 63/3081/5 1928/3082/5 1931/3079/5
f 56/3083/5 1916/2955/5 1919/3084/5
f 53/3085/5 1908/2775/5 1911/2778/5
f 49/3075/3 1908/3086/3 51/3087/3
f 55/3088/5 1912/2778/5 1915/2955/5
f 53/3087/3 1912/3089/3 52/3090/3
f 55/3090/3 1916/3091/3 54/3092/3
f 59/3093/5 1920/3084/5 1923/3094/5
f 56/3092/3 1920/3095/3 57/3096/3
f 62/3097/5 1924/3094/5 1927/3082/5
f 59/3096/3 1924/2988/3 58/2987/3
f 62/2987/3 1928/2317/3 61/3098/3
f 65/3099/4 1930/3100/4 64/3101/4
f 63/3098/3 1932/3102/3 66/3103/3
f 1938/3104/6 69/3077/6 72/3034/6
f 71/3105/5 1936/3080/5 1939/3037/5
f 69/3106/4 1934/3107/4 68/3099/4
f 67/3103/3 1936/3108/3 70/3109/3
f 73/3110/4 1938/3111/4 72/3106/4
f 71/3109/3 1940/3112/3 74/3113/3
f 1979/2986/3 2389/3114/3 122/3115/3
f 2390/3116/3 1946/2951/3 2326/2713/3
f 2347/2984/3 2388/3117/3 119/3118/3
f 1945/3119/3 2390/2994/3 120/3120/3
f 103/3121/3 1961/3122/3 1949/3123/3
f 1974/3124/3 2392/3125/3 128/3126/3
f 1971/3127/3 2391/3128/3 126/3129/3
f 1970/3130/3 2393/3131/3 124/3132/3
f 1974/3124/3 2394/3133/3 2392/3125/3
f 2399/3134/3 81/3135/3 2403/3136/3
f 2395/3137/6 1870/2814/6 2062/33/6
f 2353/32/6 2399/3134/6 2400/3138/6
f 2398/3139/6 2396/3140/6 2395/3137/6
f 2402/3141/6 2400/3138/6 2399/3134/6
f 2404/3142/6 81/3135/6 89/3143/6
f 2402/3141/6 2404/3142/6 95/3144/6
f 2029/2958/6 2397/3145/6 2398/3139/6
f 1950/3146/4 91/3147/4 92/3148/4
f 86/3149/4 2406/3150/4 2408/3151/4
f 2406/3150/4 2409/3155/4 2408/3151/4
f 2412/3160/3 90/3161/3 2411/3162/3
f 2414/3163/4 2416/3164/4 2415/3165/4
f 2414/3163/4 2415/3165/4 2409/3155/4
f 2419/3181/3 2417/3182/3 2418/3183/3
f 2423/3184/3 82/3185/3 2422/3186/3
f 1958/3187/4 76/3188/4 117/3147/4
f 1969/3040/6 102/3035/6 78/3189/6
f 102/3190/4 1944/3191/4 101/3110/4
f 1968/3040/6 76/3039/6 1959/2775/6
f 75/3188/4 1969/3192/4 78/3190/4
f 84/3039/5 83/3023/5 2349/56/5
f 2416/3197/5 2417/3198/5 2424/3199/5
f 2413/3200/5 2422/3201/5 2418/3202/5
f 2411/3203/5 88/3204/5 2423/3205/5
f 2421/3206/6 86/3207/6 2407/3208/6
f 1958/2775/6 91/3085/6 1951/2778/6
f 2252/2778/5 84/3039/5 2247/2775/5
f 1947/2951/4 93/3148/4 98/3116/4
f 1947/2955/5 87/3085/5 2252/2778/5
f 1950/2778/6 93/3088/6 1948/2955/6
f 1961/3215/5 99/3036/5 1942/3038/5
f 100/3113/3 1942/3122/3 99/3216/3
f 2394/3217/6 1976/3215/6 1977/3037/6
f 2434/3218/4 2024/3219/4 2431/3220/4
f 2024/3219/4 2434/3218/4 125/3221/4
f 2433/3222/4 2027/3223/4 2432/3224/4
f 2027/3223/4 2433/3222/4 127/3225/4
f 130/3226/4 2021/3227/4 2022/3228/4
f 2028/3229/4 2029/2986/4 95/3114/4
f 123/3230/4 2431/3220/4 2025/3231/4
f 2438/3232/4 2437/3233/4 2464/3234/4
f 2464/3234/4 2461/3235/4 2439/3236/4
f 2439/3236/4 2441/3237/4 4266/3238/4
f 2439/3236/4 2436/3239/4 2458/3240/4
f 2458/3240/4 2456/3241/4 2443/3242/4
f 2443/3242/4 2444/3243/4 4264/3244/4
f 2443/3242/4 2442/3245/4 2457/3246/4
f 4253/3247/4 2443/3242/4 2452/3248/4
f 2443/3242/4 2445/3249/4 4254/3250/4
f 4255/3251/4 2447/3252/4 4263/3253/4
f 2440/3254/4 2448/3255/4 2438/3232/4
f 2438/3232/4 2448/3255/4 2468/3256/4
f 2453/3257/4 2452/3248/4 2451/3258/4
f 2457/3246/4 2474/3259/4 2454/3260/4
f 2474/3259/4 2457/3246/4 2442/3245/4
f 2472/3261/4 2458/3240/4 2436/3239/4
f 2464/3234/4 2471/3262/4 2462/3263/4
f 2471/3262/4 2464/3234/4 2437/3233/4
f 2448/3255/4 2466/3264/4 2465/3265/4
f 2468/3256/4 2465/3265/4 2467/3266/4
f 2462/3263/4 2470/3267/4 2488/3268/4
f 2472/3261/4 2487/3269/4 2469/3270/4
f 2487/3269/4 2472/3261/4 2460/3271/4
f 2459/3272/4 2469/3270/4 2484/3273/4
f 2474/3259/4 2480/3274/4 2473/3275/4
f 2480/3274/4 2474/3259/4 2455/3276/4
f 2454/3260/4 2473/3275/4 2481/3277/4
f 4256/3278/4 2477/3279/4 2475/3280/4
f 4256/3278/4 2453/3257/4 2451/3258/4
f 2471/3262/4 2463/3281/4 4258/3282/4
f 2479/3283/4 2475/3280/4 2477/3279/4
f 2483/3284/4 2473/3275/4 2480/3274/4
f 2473/3275/4 2483/3284/4 2532/3285/4
f 2527/3286/4 2484/3273/4 2469/3270/4
f 4287/3287/4 2490/3288/4 2526/3289/4
f 2489/3290/4 2488/3268/4 2470/3267/4
f 2494/3291/4 3071/3292/4 2491/3293/4
f 3071/3292/4 2494/3291/4 2630/3294/4
f 2496/3295/4 3069/3296/4 2495/3297/4
f 3069/3296/4 2496/3295/4 2628/3298/4
f 2498/3299/4 3067/3300/4 2497/3301/4
f 3067/3300/4 2498/3299/4 2626/3302/4
f 2500/3303/4 3065/3304/4 2499/3305/4
f 3065/3304/4 2500/3303/4 2624/3306/4
f 2502/3307/4 3063/3308/4 2501/3309/4
f 3063/3308/4 2502/3307/4 2622/3310/4
f 2504/3311/4 3061/3312/4 2503/3313/4
f 3061/3312/4 2504/3311/4 2620/3314/4
f 2506/3315/4 3059/114/4 2505/3316/4
f 3059/114/4 2506/3315/4 2618/3317/4
f 2508/3318/4 3057/3319/4 2507/3320/4
f 3057/3319/4 2508/3318/4 2616/3321/4
f 2510/3322/4 3024/3323/4 2509/3324/4
f 2604/3325/4 2507/3320/4 3023/3326/4
f 2510/3322/4 2509/3324/4 3028/3327/4
f 2605/3328/4 3028/3327/4 3029/3329/4
f 3038/3330/4 3042/3331/4 3793/3332/4
f 2512/3333/4 2511/3334/4 3033/3335/4
f 3789/3336/4 2513/3337/4 2517/3338/4
f 2493/3339/4 3054/3340/4 2492/3341/4
f 3054/3340/4 2493/3339/4 2615/3342/4
f 2519/3343/4 2517/3338/4 2513/3337/4
f 2519/3343/4 3816/3344/4 2518/3345/4
f 3811/3346/4 2521/3347/4 2520/3348/4
f 2518/3345/4 3816/3344/4 3815/3349/4
f 2524/3350/4 2523/3351/4 2592/3352/4
f 2529/3353/4 2489/3290/4 2526/3289/4
f 2489/3290/4 2529/3353/4 2528/3354/4
f 2524/3350/4 2528/3354/4 2529/3353/4
f 2525/3355/4 2522/3356/4 2595/3357/4
f 2533/3358/4 2532/3285/4 2483/3284/4
f 2483/3284/4 2485/3359/4 2528/3354/4
f 2525/3355/4 2533/3358/4 2528/3354/4
f 2531/3360/4 2530/3361/4 2598/3362/4
f 2533/3358/4 2482/3363/4 2532/3285/4
f 2479/3283/4 2533/3358/4 4282/3364/4
f 4281/3365/4 2536/3366/4 2533/3358/4
f 4281/3365/4 2533/3358/4 2531/3360/4
f 2529/3353/4 2538/3367/4 4289/3368/4
f 2526/3289/4 2490/3288/4 4288/3369/4
f 2524/3350/4 2539/3370/4 2523/3351/4
f 2542/3371/4 2541/3372/4 2884/3373/4
f 2542/3371/4 2884/3373/4 2887/3374/4
f 2547/3375/4 2584/3376/4 4244/3377/4
f 2549/3378/4 2548/3379/4 2583/3380/4
f 2551/3381/4 2550/3382/4 2582/3383/4
f 2542/3371/4 2543/3384/4 2581/3385/4
f 2551/3381/4 2553/3386/4 2610/3387/4
f 2549/3378/4 2554/3388/4 4300/3389/4
f 4300/3389/4 2609/3390/4 2551/3381/4
f 2547/3375/4 2555/3391/4 4299/3392/4
f 2544/3393/4 2556/3394/4 4298/3395/4
f 2552/3396/4 2557/3397/4 2877/3398/4
f 2560/3399/4 2559/3400/4 2905/3401/4
f 2564/3402/4 2563/3403/4 4278/3404/4
f 2567/3405/4 2564/3402/4 2565/3406/4
f 2569/3407/4 2566/3408/4 2567/3405/4
f 2571/3409/4 2568/3410/4 2569/3407/4
f 2573/3411/4 2570/3412/4 2571/3409/4
f 2560/3399/4 2572/3413/4 2573/3411/4
f 2561/3414/4 2558/3415/4 2903/3416/4
f 2465/3265/4 2466/3264/4 4277/3417/4
f 2467/3266/4 2465/3265/4 2564/3402/4
f 2566/3408/4 2576/3418/4 4270/3419/4
f 2568/3410/4 2577/3420/4 4294/3421/4
f 2570/3412/4 2578/3422/4 4293/3423/4
f 2572/3413/4 2579/3424/4 2607/3425/4
f 2561/3414/4 2575/3426/4 2606/3427/4
f 2573/3411/4 2581/3385/4 2543/3384/4
f 2571/3409/4 2582/3383/4 2550/3382/4
f 2569/3407/4 2583/3380/4 2548/3379/4
f 2567/3405/4 2584/3376/4 2546/3428/4
f 2565/3406/4 2585/3429/4 2545/3430/4
f 2562/3431/4 2586/3432/4 4273/3433/4
f 2560/3399/4 2540/3434/4 2559/3400/4
f 2589/3435/4 2588/3436/4 2901/3437/4
f 2590/3438/4 2592/3352/4 2523/3351/4
f 2539/3370/4 4791/3439/4 2589/3435/4
f 2590/3438/4 2587/3440/4 2899/3441/4
f 2594/3442/4 2595/3357/4 2522/3356/4
f 2594/3442/4 2593/3443/4 2896/3444/4
f 2597/3445/4 2598/3362/4 2530/3361/4
f 2597/3445/4 2596/3446/4 2897/3447/4
f 2597/3445/4 2534/3448/4 2598/3362/4
f 2534/3448/4 2597/3445/4 2600/3449/4
f 2600/3449/4 2599/3450/4 2641/3451/4
f 2603/3452/4 2518/3345/4 2520/3348/4
f 2520/3348/4 4805/3453/4 2600/3449/4
f 2602/3454/4 2604/3325/4 2510/3322/4
f 2603/3452/4 2605/3328/4 2512/3333/4
f 4781/3455/4 2607/3425/4 2579/3424/4
f 2589/3435/4 2606/3427/4 2575/3426/4
f 5809/3456/4 2611/3457/4 2610/3387/4
f 4813/3458/4 5809/3456/4 2553/3386/4
f 2874/3459/4 2557/3397/4 2552/3396/4
f 2552/3396/4 2610/3387/4 2611/3457/4
f 2615/3342/4 2613/3460/4 2516/3461/4
f 2617/3462/4 2616/3321/4 2508/3318/4
f 2619/3463/4 2618/3317/4 2506/3315/4
f 2621/3464/4 2620/3314/4 2504/3311/4
f 2623/3465/4 2622/3310/4 2502/3307/4
f 2625/3466/4 2624/3306/4 2500/3303/4
f 2627/3467/4 2626/3302/4 2498/3299/4
f 2629/3468/4 2628/3298/4 2496/3295/4
f 2631/3469/4 2630/3294/4 2494/3291/4
f 2614/3470/4 2615/3342/4 2493/3339/4
f 2631/3469/4 2633/3471/4 2862/3472/4
f 2629/3468/4 2634/3473/4 2861/3474/4
f 2627/3467/4 2635/3475/4 2859/3476/4
f 2625/3466/4 2636/3477/4 2857/3478/4
f 2623/3465/4 2637/3479/4 2855/3480/4
f 2621/3464/4 2638/3481/4 2854/3482/4
f 2619/3463/4 2639/3483/4 2852/3484/4
f 2617/3462/4 2640/3485/4 2849/3486/4
f 2602/3454/4 2641/3451/4 2848/3487/4
f 2614/3470/4 2642/3488/4 2613/3460/4
f 2644/3489/4 2643/3490/4 2951/3491/4
f 2646/3492/4 2647/3493/4 2645/3494/4
f 2651/3495/4 2650/3496/4 2692/3497/4
f 2871/3459/4 2653/3498/4 2651/3495/4
f 2652/3499/4 2654/3500/4 2880/3398/4
f 2656/3501/4 2649/3502/4 2655/3503/4
f 2657/3504/4 2890/3374/4 2656/3501/4
f 2656/3501/4 2890/3374/4 2881/3373/4
f 2659/3505/4 2655/3503/4 2658/3506/4
f 2891/3434/4 2657/3504/4 2656/3501/4
f 2659/3505/4 2660/3507/4 2929/3400/4
f 2662/3508/4 2658/3506/4 2661/3509/4
f 2662/3508/4 2663/3510/4 2931/3511/4
f 2665/3512/4 2661/3509/4 2664/3513/4
f 2665/3512/4 2666/3514/4 2934/3515/4
f 2668/3516/4 2664/3513/4 2667/3517/4
f 2669/3518/4 2937/3519/4 2668/3516/4
f 2668/3516/4 2937/3519/4 2936/3520/4
f 2671/3521/4 2667/3517/4 2670/3522/4
f 2671/3521/4 2672/3523/4 2940/3524/4
f 2674/3525/4 2670/3522/4 2673/3526/4
f 2674/3525/4 2675/3527/4 2942/3528/4
f 2674/3525/4 2677/3486/4 2676/3485/4
f 2946/3450/4 2801/3529/4 2678/3451/4
f 2674/3525/4 2676/3485/4 2800/3530/4
f 2946/3450/4 2943/3447/4 2674/3525/4
f 2653/3498/4 2680/3531/4 2975/3532/4
f 2651/3495/4 2681/3533/4 2650/3496/4
f 2655/3503/4 2683/3534/4 2682/3535/4
f 2658/3506/4 2682/3535/4 2684/3536/4
f 2661/3509/4 2684/3536/4 2685/3537/4
f 2664/3513/4 2685/3537/4 2686/3538/4
f 2667/3517/4 2686/3538/4 2687/3539/4
f 2670/3522/4 2687/3539/4 2688/3540/4
f 2673/3526/4 2688/3540/4 2689/3541/4
f 2689/3541/4 2690/3542/4 2806/3543/4
f 2649/3502/4 2691/3544/4 2683/3534/4
f 2695/3545/4 2694/3546/4 2777/3547/4
f 2697/3548/4 2683/3534/4 2691/3544/4
f 2697/3548/4 2701/3549/4 2700/3550/4
f 2700/3550/4 2703/3551/4 2702/3552/4
f 2702/3552/4 2705/3553/4 2704/3554/4
f 2704/3554/4 2707/3555/4 2706/3556/4
f 2706/3556/4 2695/3545/4 2696/3557/4
f 2696/3557/4 2693/3558/4 2778/3559/4
f 2682/3535/4 2697/3548/4 2710/3560/4
f 2710/3560/4 2700/3550/4 2711/3561/4
f 2711/3561/4 2702/3552/4 2712/3562/4
f 2712/3562/4 2704/3554/4 2713/3563/4
f 2713/3563/4 2706/3556/4 2714/3564/4
f 2714/3564/4 2696/3557/4 2709/3565/4
f 2709/3565/4 2708/3566/4 2781/3567/4
f 2684/3536/4 2710/3560/4 2717/3568/4
f 2717/3568/4 2711/3561/4 2718/3569/4
f 2718/3569/4 2712/3562/4 2719/3570/4
f 2719/3570/4 2713/3563/4 2720/3571/4
f 2720/3571/4 2714/3564/4 2721/3572/4
f 2721/3572/4 2709/3565/4 2716/3573/4
f 2716/3573/4 2715/3574/4 2783/3575/4
f 2685/3537/4 2717/3568/4 2724/3576/4
f 2724/3576/4 2718/3569/4 2725/3577/4
f 2725/3577/4 2719/3570/4 2726/3578/4
f 2726/3578/4 2720/3571/4 2727/3579/4
f 2727/3579/4 2721/3572/4 2728/3580/4
f 2728/3580/4 2716/3573/4 2723/3581/4
f 2723/3581/4 2722/3582/4 2785/3583/4
f 2686/3538/4 2724/3576/4 2731/3584/4
f 2731/3584/4 2725/3577/4 2732/3585/4
f 2732/3585/4 2726/3578/4 2733/3586/4
f 2733/3586/4 2727/3579/4 2734/3587/4
f 2734/3587/4 2728/3580/4 2735/3588/4
f 2735/3588/4 2723/3581/4 2730/3589/4
f 2730/3589/4 2729/3590/4 2787/3591/4
f 2687/3539/4 2731/3584/4 2738/3592/4
f 2738/3592/4 2732/3585/4 2739/3593/4
f 2739/3593/4 2733/3586/4 2740/3594/4
f 2740/3594/4 2734/3587/4 2741/3595/4
f 2741/3595/4 2735/3588/4 2742/3596/4
f 2742/3596/4 2730/3589/4 2737/3597/4
f 2737/3597/4 2736/3598/4 2776/3599/4
f 2688/3540/4 2738/3592/4 2745/3600/4
f 2745/3600/4 2739/3593/4 2746/3601/4
f 2746/3601/4 2740/3594/4 2747/3602/4
f 2747/3602/4 2741/3595/4 2748/3603/4
f 2748/3603/4 2742/3596/4 2749/3604/4
f 2749/3604/4 2737/3597/4 2744/3605/4
f 2751/3606/4 2743/3607/4 2750/3608/4
f 2689/3541/4 2745/3600/4 2752/3609/4
f 2752/3609/4 2746/3601/4 2753/3610/4
f 2753/3610/4 2747/3602/4 2754/3611/4
f 2754/3611/4 2748/3603/4 2755/3612/4
f 2755/3612/4 2749/3604/4 2756/3613/4
f 2756/3613/4 2744/3605/4 2751/3606/4
f 2750/3608/4 2758/3614/4 2832/3615/4
f 2752/3609/4 2759/3616/4 2847/3484/4
f 2753/3610/4 2760/3617/4 2843/3482/4
f 2754/3611/4 2761/3618/4 2842/3619/4
f 2755/3612/4 2762/3620/4 2838/3621/4
f 2756/3613/4 2763/3622/4 2837/3475/4
f 2756/3613/4 2757/3623/4 2763/3622/4
f 2707/3555/4 2765/3624/4 2986/3625/4
f 2705/3553/4 2766/3626/4 2988/3627/4
f 2703/3551/4 2767/3628/4 2990/3629/4
f 2701/3549/4 2768/3630/4 2992/3631/4
f 2698/3632/4 2769/3633/4 2994/3634/4
f 2699/3635/4 2770/3636/4 2981/3637/4
f 2695/3545/4 2764/3638/4 2984/3639/4
f 2750/3608/4 2773/3640/4 2772/3641/4
f 2772/3641/4 2774/3488/4 2868/3642/4
f 2743/3607/4 2775/3643/4 2773/3640/4
f 2779/3644/4 2778/3559/4 2693/3558/4
f 2782/3645/4 2781/3567/4 2708/3566/4
f 2784/3646/4 2783/3575/4 2715/3574/4
f 2786/3647/4 2785/3583/4 2722/3582/4
f 2788/3648/4 2787/3591/4 2729/3590/4
f 2780/3649/4 2777/3547/4 2694/3546/4
f 2791/3650/2 2645/3651/2 2647/3652/2
f 2790/3653/2 2644/3654/2 2645/3651/2
f 2790/3653/2 2793/3655/2 2792/3656/2
f 2791/3650/2 2794/3657/2 2790/3653/2
f 2801/3661/2 2798/3662/2 2799/3663/2
f 2678/3664/2 2801/3661/2 2799/3663/2
f 2803/3665/2 2796/3666/2 2851/3667/2
f 2807/3668/2 2831/3669/2 2805/3670/2
f 2677/3671/2 2806/3672/2 2831/3669/2
f 2831/3669/2 2807/3668/2 2798/3662/2
f 2805/3670/2 2808/3673/2 2850/3674/2
f 2814/3678/2 2813/3679/2 2836/3680/2
f 2822/3689/2 2821/3690/2 2841/3691/2
f 2853/3700/2 2829/3701/2 2846/3702/2
f 2811/3706/2 2832/3707/2 2867/3708/2
f 2834/3709/2 2835/3710/2 2863/3711/2
f 2757/3712/2 2811/3706/2 2812/3713/2
f 2763/3714/2 2836/3680/2 2813/3679/2
f 2819/3715/2 2838/3716/2 2762/3717/2
f 2762/3717/2 2837/3718/2 2816/3719/2
f 2840/3720/2 2818/3721/2 2839/3722/2
f 2838/3716/2 2819/3715/2 2820/3723/2
f 2841/3691/2 2842/3724/2 2761/3725/2
f 2842/3724/2 2841/3691/2 2821/3690/2
f 2827/3726/2 2760/3727/2 2824/3728/2
f 2845/3729/2 2826/3730/2 2844/2853/2
f 2847/3731/2 2828/3732/2 2846/3702/2
f 2828/3732/2 2847/3731/2 2759/3733/2
f 2847/3731/2 2846/3702/2 2829/3701/2
f 2831/3669/2 2806/3672/2 2690/3734/2
f 2851/3667/2 2796/3666/2 2848/3735/2
f 2640/3736/2 2796/3666/2 2797/3737/2
f 2830/3738/2 2852/3739/2 2639/3740/2
f 2849/3741/2 2850/3674/2 2808/3673/2
f 2826/3730/2 2854/3742/2 2638/3743/2
f 2852/3739/2 2853/3700/2 2825/3744/2
f 2856/3745/2 2855/3746/2 2637/3747/2
f 2854/3742/2 2826/3730/2 2823/3748/2
f 2856/3745/2 2822/3689/2 2855/3746/2
f 2636/3749/2 2822/3689/2 2817/3750/2
f 2815/3751/2 2859/3752/2 2635/3753/2
f 2857/3754/2 2858/3755/2 2818/3721/2
f 2809/3756/2 2861/3757/2 2634/3758/2
f 2859/3752/2 2860/3759/2 2814/3678/2
f 2863/3711/2 2862/3760/2 2633/3761/2
f 2861/3757/2 2809/3756/2 2810/3762/2
f 2863/3711/2 2835/3710/2 2862/3760/2
f 2632/3763/2 2835/3710/2 2865/3764/2
f 2851/3667/2 2641/165/2 2804/3765/2
f 2870/3770/2 2869/3771/2 2866/3772/2
f 2870/3770/2 2865/3764/2 2869/3771/2
f 2867/3708/2 2832/3707/2 2758/3773/2
f 2653/3774/5 2871/3775/5 2879/3776/5
f 2872/2853/5 2873/3777/5 2876/3778/5
f 2875/3779/5 2877/3780/5 2557/3781/5
f 2879/3776/5 2880/3786/5 2878/3787/5
f 2878/3787/5 2880/3786/5 2654/3788/5
f 2654/3788/5 2881/3734/5 2889/3789/5
f 2886/3790/5 2884/3791/5 2541/3792/5
f 2541/3792/5 2877/3780/5 2875/3779/5
f 2887/3741/5 2886/3790/5 2885/3674/5
f 2889/3789/5 2890/3671/5 2888/3797/5
f 2893/3668/5 2892/3798/5 2888/3797/5
f 2893/3668/5 2885/3674/5 2892/3798/5
f 2885/3674/5 2893/3668/5 2906/3737/5
f 2896/3799/5 2895/3800/5 2925/3801/5
f 2894/3802/5 2897/3803/5 2596/3804/5
f 2896/3799/5 2922/3805/5 2895/3800/5
f 2899/3806/5 2898/3807/5 2921/3808/5
f 2922/3805/5 2896/3799/5 2593/3809/5
f 2899/3806/5 2920/3810/5 2898/3807/5
f 2901/3811/5 2900/3812/5 2917/3813/5
f 2920/3810/5 2899/3806/5 2587/3814/5
f 2574/3815/5 2903/3816/5 2902/3817/5
f 2914/3818/5 2901/3811/5 2588/3819/5
f 2903/3816/5 2913/3820/5 2902/3817/5
f 2913/3820/5 2903/3816/5 2558/3821/5
f 2905/3822/5 2910/3765/5 2904/3823/5
f 2559/3824/5 2906/3737/5 2909/3825/5
f 2928/3826/5 2641/3827/5 2599/3828/5
f 2902/3817/5 2911/3835/5 2935/2679/5
f 2921/3808/5 2918/3846/5 2941/3847/5
f 2891/3854/5 2929/3855/5 2908/3856/5
f 2930/3857/5 2906/3737/5 2893/3668/5
f 2907/3858/5 2929/3855/5 2660/3664/5
f 2907/3858/5 2931/3859/5 2912/2674/5
f 2933/2673/5 2913/3820/5 2904/3823/5
f 2912/2674/5 2931/3859/5 2663/3860/5
f 2934/3861/5 2935/2679/5 2911/3835/5
f 2666/3862/5 2936/3863/5 2916/3864/5
f 2666/3862/5 2916/3864/5 2915/2672/5
f 2916/3864/5 2937/3865/5 2919/3866/5
f 2939/3867/5 2917/3813/5 2938/2547/5
f 2919/3866/5 2937/3865/5 2669/3868/5
f 2940/3869/5 2941/3847/5 2918/3846/5
f 2672/3870/5 2924/3871/5 2923/3872/5
f 2924/3871/5 2942/3873/5 2675/3874/5
f 2675/3874/5 2943/3875/5 2927/3876/5
f 2945/3877/5 2925/3801/5 2944/3878/5
f 2926/3879/5 2943/3875/5 2946/3880/5
f 2802/3881/5 2947/3882/5 2926/3879/5
f 2802/3881/5 2928/3826/5 2947/3882/5
f 2648/3883/6 2791/3884/6 2647/3885/6
f 2948/3886/6 2795/3887/6 2791/3884/6
f 2952/3888/1 2643/3889/1 2950/3890/1
f 2948/3878/1 2648/3873/1 2646/3891/1
f 2952/3888/1 2949/3892/1 2948/3878/1
f 2952/3888/1 2954/3893/1 2953/3894/1
f 2644/3895/5 2950/3882/5 2643/3880/5
f 2792/3881/5 2954/3828/5 2950/3882/5
f 2956/3896/6 2775/3897/6 2955/3898/6
f 2772/3899/6 2870/3884/6 2774/3885/6
f 2957/3900/6 2773/3901/6 2956/3896/6
f 2956/3896/6 2959/3902/6 5975/3903/6
f 2864/3904/6 2957/3900/6 5973/3905/6
f 2955/3898/6 2960/3906/6 5969/3907/6
f 2962/3908/6 2789/3909/6 2961/2852/6
f 2964/3910/6 2786/3911/6 2963/3912/6
f 2963/3912/6 2784/3913/6 2965/3914/6
f 2965/3914/6 2782/3915/6 2966/3916/6
f 2966/3916/6 2779/3917/6 2967/3918/6
f 2967/3918/6 2780/3919/6 2962/3908/6
f 2967/3918/6 2969/3920/6 2968/3921/6
f 2966/3916/6 2968/3921/6 2970/3922/6
f 2965/3914/6 2970/3922/6 2971/12/6
f 2963/3912/6 2971/12/6 2972/3923/6
f 2964/3910/6 2972/3923/6 2973/3018/6
f 2962/3908/6 2974/3924/6 2969/3920/6
f 2976/3925/1 2680/3664/1 2872/2550/1
f 2977/3798/1 2681/3671/1 2679/3926/1
f 2977/3798/1 2979/3735/1 2978/3741/1
f 2976/3925/1 2612/165/1 2979/3735/1
f 2982/3927/1 2770/3734/1 2980/3928/1
f 2961/3770/1 2789/3929/1 2771/3773/1
f 2983/3930/1 2984/3931/1 2764/3712/1
f 2985/3932/1 2986/3933/1 2765/3714/1
f 2987/3934/1 2988/3935/1 2766/3717/1
f 2989/3936/1 2990/3937/1 2767/3725/1
f 2991/3938/1 2992/3939/1 2768/3727/1
f 2993/2853/1 2994/3940/1 2769/3733/1
f 2993/2853/1 2996/3739/1 2995/3742/1
f 2991/3938/1 2995/3742/1 2997/3746/1
f 2989/3936/1 2997/3746/1 2998/3754/1
f 2989/3936/1 2998/3754/1 5848/3941/1
f 2987/3934/1 2999/3752/1 5855/3942/1
f 2985/3932/1 3000/3757/1 5853/3943/1
f 2983/3930/1 3001/3760/1 5850/3944/1
f 2982/3927/1 3002/3791/1 2996/3739/1
f 3031/3956/2 3011/3957/2 3025/1332/2
f 4745/3020/2 3019/3961/2 3044/3962/2
f 3018/3963/2 3017/3964/2 3039/1323/2
f 3015/3968/2 3024/3822/2 3023/165/2
f 3015/3968/2 3023/165/2 3026/169/2
f 3026/169/2 3014/3969/2 3025/1332/2
f 3016/3970/2 3028/3821/2 2509/157/2
f 3035/3971/2 3029/3972/2 3028/3821/2
f 3012/3973/2 3031/3956/2 3030/3974/2
f 3035/3971/2 3028/3821/2 3016/3970/2
f 3031/3956/2 3032/3975/2 3030/3974/2
f 3034/3976/2 3033/3977/2 2511/156/2
f 3029/3972/2 3035/3971/2 3673/3978/2
f 3034/3976/2 3036/3819/2 3033/3977/2
f 3040/1562/2 3039/1323/2 3017/3964/2
f 3037/3979/2 3017/3964/2 3021/3980/2
f 3040/1562/2 3020/3981/2 3039/1323/2
f 3021/3980/2 3042/3811/2 3038/3982/2
f 3018/3963/2 3044/3962/2 3043/178/2
f 2514/162/2 3042/3811/2 3022/3983/2
f 3044/3962/2 3045/3984/2 3043/178/2
f 3049/54/2 4737/3985/2 3046/3986/2
f 4737/3985/2 3049/54/2 3184/49/2
f 3051/21/2 4738/769/2 3050/170/2
f 4738/769/2 3051/21/2 3185/53/2
f 3048/50/2 3052/177/2 3047/3987/2
f 3056/3988/2 3054/3989/2 2515/3990/2
f 3026/3991/2 3023/3992/2 2507/3993/2
f 3058/3994/2 3057/3995/2 2505/3996/2
f 3060/3997/2 3059/3998/2 2503/3999/2
f 3062/4000/2 3061/4001/2 2501/3157/2
f 3064/4002/2 3063/4003/2 2499/4004/2
f 3066/1147/2 3065/4005/2 2497/4006/2
f 3068/908/2 3067/4007/2 2495/4008/2
f 3070/1309/2 3069/4009/2 2491/4010/2
f 3072/4011/2 3071/4012/2 2492/4013/2
f 3055/4014/2 3074/4015/2 3139/4016/2
f 3072/4011/2 3073/4017/2 3130/4018/2
f 3070/1309/2 3075/4019/2 3131/4020/2
f 3068/908/2 3076/4021/2 3133/4022/2
f 3066/1147/2 3077/4023/2 3135/4024/2
f 3064/4002/2 3136/4025/2 3718/4026/2
f 3710/4027/2 3143/4028/2 3062/4000/2
f 3062/4000/2 3079/4029/2 3141/4030/2
f 3060/3997/2 3080/4031/2 3123/4032/2
f 3087/4033/2 3088/4034/2 3026/3991/2
f 3100/4035/2 3094/4036/2 3058/3994/2
f 3056/3988/2 3074/4015/2 3055/4014/2
f 3089/4037/2 3084/4038/2 3083/4039/2
f 3050/4040/2 3089/4037/2 3091/4041/2
f 3086/4042/2 3089/4037/2 3083/4039/2
f 3095/1565/2 3091/4041/2 3090/4043/2
f 3091/4041/2 3095/1565/2 3097/4044/2
f 3095/1565/2 3090/4043/2 3093/4045/2
f 3093/4045/2 3090/4043/2 3086/4042/2
f 3101/4046/2 3097/4044/2 3096/4047/2
f 3097/4044/2 3101/4046/2 3103/4048/2
f 3101/4046/2 3096/4047/2 3099/4049/2
f 3099/4049/2 3096/4047/2 3093/4045/2
f 3107/4050/2 3103/4048/2 3102/4051/2
f 3103/4048/2 3107/4050/2 3109/4052/2
f 3107/4050/2 3102/4051/2 3105/4053/2
f 3105/4053/2 3102/4051/2 3099/4049/2
f 3113/4054/2 3109/4052/2 3108/4055/2
f 3109/4052/2 3113/4054/2 3115/4056/2
f 3113/4054/2 3108/4055/2 3111/2424/2
f 3111/2424/2 3108/4055/2 3105/4053/2
f 3118/4057/2 3115/4056/2 3114/4058/2
f 3115/4056/2 3118/4057/2 3120/4059/2
f 3118/4057/2 3114/4058/2 3117/2451/2
f 3117/2451/2 3114/4058/2 3111/2424/2
f 3126/4060/2 3121/65/2 3116/64/2
f 3120/4059/2 3119/4061/2 3124/4062/2
f 3124/4062/2 3119/4061/2 3122/2454/2
f 3122/2454/2 3119/4061/2 3117/2451/2
f 3127/67/2 3126/4060/2 3125/4063/2
f 3131/4020/2 3569/4064/2 3128/4065/2
f 3130/4018/2 3129/4066/2 3604/4067/2
f 3618/4068/2 3569/4064/2 3075/4019/2
f 3510/4069/3 3128/4065/3 3530/1647/3
f 3133/4022/2 3430/4070/2 3132/4071/2
f 3470/4072/2 3450/4073/2 3076/4021/2
f 3367/4074/3 3132/4071/3 3389/4075/3
f 3135/4024/2 3279/4076/2 3134/4077/2
f 3323/4078/2 3301/4079/2 3077/4023/2
f 3137/4080/2 3136/4025/2 3078/4081/2
f 3139/4016/2 3138/4082/2 3603/4083/2
f 3129/4066/2 3130/4018/2 3073/4017/2
f 3080/4031/2 3141/4030/2 3140/4084/2
f 3080/4031/2 3140/4084/2 4733/4085/2
f 3141/4030/2 4732/4086/2 3140/4084/2
f 4732/4086/2 3141/4030/2 3079/4029/2
f 3144/4087/2 3147/3513/2 3191/4088/2
f 3151/4089/2 3149/4090/2 3148/3368/2
f 3153/4091/2 3150/4092/2 3151/4089/2
f 3144/4087/2 3152/4093/2 3153/4091/2
f 3154/4094/2 3155/3517/2 3195/4095/2
f 3157/4096/2 3148/3368/2 3156/4097/2
f 3158/4098/2 3151/4089/2 3157/4096/2
f 3154/4094/2 3153/4091/2 3158/4098/2
f 3159/4099/2 3160/3522/2 3197/4100/2
f 3162/4101/2 3156/4097/2 3161/4102/2
f 3163/4103/2 3157/4096/2 3162/4101/2
f 3159/4099/2 3158/4098/2 3163/4103/2
f 3164/4104/2 3165/3526/2 3199/4105/2
f 3167/4106/2 3161/4102/2 3166/4107/2
f 3168/4108/2 3162/4101/2 3167/4106/2
f 3164/4104/2 3163/4103/2 3168/4108/2
f 3169/4109/2 3170/3486/2 3201/4110/2
f 3172/4111/2 3166/4107/2 3171/3347/2
f 3173/4112/2 3167/4106/2 3172/4111/2
f 3169/4109/2 3168/4108/2 3173/4112/2
f 3174/4113/2 3175/4114/2 3203/4115/2
f 3177/4116/2 3171/3347/2 3176/4117/2
f 3178/4118/2 3172/4111/2 3177/4116/2
f 3174/4113/2 3173/4112/2 3178/4118/2
f 3179/4119/2 3180/4120/2 3205/4121/2
f 3182/4122/2 3176/4117/2 3181/4123/2
f 3183/4124/2 3177/4116/2 3182/4122/2
f 3179/4119/2 3178/4118/2 3183/4124/2
f 3179/4119/2 3116/64/2 3121/65/2
f 3181/4123/2 3053/32/2 3048/33/2
f 3182/4122/2 3184/30/2 3049/26/2
f 3085/4125/3 3185/25/3 3051/35/3
f 3098/4126/2 3104/46/2 3179/4119/2
f 3145/4127/2 3187/4128/2 4754/4129/2
f 3152/4093/2 3186/3414/2 4751/4130/2
f 3150/4092/2 3188/3413/2 4752/4131/2
f 3145/4127/2 3146/3509/2 3192/4132/2
f 3193/4133/2 3192/4132/2 3146/3509/2
f 3191/4088/2 3194/4134/2 3214/4135/2
f 3194/4134/2 3191/4088/2 3147/3513/2
f 3195/4095/2 3196/4136/2 3222/4137/2
f 3196/4136/2 3195/4095/2 3155/3517/2
f 3197/4100/2 3198/4138/2 3227/4139/2
f 3198/4138/2 3197/4100/2 3160/3522/2
f 3199/4105/2 3200/4140/2 3232/4141/2
f 3200/4140/2 3199/4105/2 3165/3526/2
f 3201/4110/2 3202/4142/2 3237/4143/2
f 3202/4142/2 3201/4110/2 3170/3486/2
f 3203/4115/2 3204/4144/2 3242/4145/2
f 3204/4144/2 3203/4115/2 3175/4114/2
f 3205/4121/2 3206/4146/2 3247/4147/2
f 3206/4146/2 3205/4121/2 3180/4120/2
f 3208/4148/2 3207/4149/2 3253/4150/2
f 3192/4132/2 3193/4133/2 3215/4151/2
f 3210/4152/2 3213/4153/2 3260/4154/2
f 3216/4155/2 3215/4151/2 3193/4133/2
f 3219/4156/2 3216/4155/2 3217/4157/2
f 3210/4152/2 3218/4158/2 3219/4156/2
f 3220/4159/2 3221/4160/2 3259/4161/2
f 3217/4157/2 3214/4135/2 3194/4134/2
f 3224/1069/2 3217/4157/2 3223/4162/2
f 3220/4159/2 3219/4156/2 3224/1069/2
f 3225/4163/2 3226/4164/2 3263/4165/2
f 3223/4162/2 3222/4137/2 3196/4136/2
f 3229/4166/2 3223/4162/2 3228/4167/2
f 3225/4163/2 3224/1069/2 3229/4166/2
f 3230/4168/2 3231/4169/2 3265/4170/2
f 3228/4167/2 3227/4139/2 3198/4138/2
f 3234/4171/2 3228/4167/2 3233/4172/2
f 3230/4168/2 3229/4166/2 3234/4171/2
f 3235/4173/2 3236/4174/2 3267/4175/2
f 3233/4172/2 3232/4141/2 3200/4140/2
f 3239/4176/2 3233/4172/2 3238/4177/2
f 3235/4173/2 3234/4171/2 3239/4176/2
f 3240/4178/2 3241/2366/2 3269/4179/2
f 3238/4177/2 3237/4143/2 3202/4142/2
f 3244/4180/2 3238/4177/2 3243/4181/2
f 3240/4178/2 3239/4176/2 3244/4180/2
f 3245/2394/2 3246/4182/2 3271/4183/2
f 3243/4181/2 3242/4145/2 3204/4144/2
f 3249/4184/2 3243/4181/2 3248/4185/2
f 3245/2394/2 3244/4180/2 3249/4184/2
f 3251/4186/2 3250/2361/2 3273/4187/2
f 3248/4185/2 3247/4147/2 3206/4146/2
f 3249/4184/2 3252/4188/2 3254/4189/2
f 3245/2394/2 3254/4189/2 3251/4186/2
f 3211/4190/2 3256/4191/2 4761/4192/2
f 3218/4158/2 3255/4193/2 4759/4194/2
f 3216/4155/2 3257/4195/2 4757/4196/2
f 3212/4197/2 3256/4191/2 3211/4190/2
f 3261/4198/2 3260/4154/2 3213/4153/2
f 3259/4161/2 3262/4199/2 3281/4200/2
f 3262/4199/2 3259/4161/2 3221/4160/2
f 3263/4165/2 3264/4201/2 3285/4202/2
f 3264/4201/2 3263/4165/2 3226/4164/2
f 3265/4170/2 3266/4203/2 3287/4204/2
f 3266/4203/2 3265/4170/2 3231/4169/2
f 3267/4175/2 3268/4205/2 3289/4206/2
f 3268/4205/2 3267/4175/2 3236/4174/2
f 3269/4179/2 3270/4207/2 3291/4208/2
f 3270/4207/2 3269/4179/2 3241/2366/2
f 3271/4183/2 3272/4209/2 3293/4210/2
f 3272/4209/2 3271/4183/2 3246/4182/2
f 3273/4187/2 3274/4211/2 3295/4212/2
f 3280/4213/2 3276/4214/2 3275/4215/2
f 3250/2361/2 3280/4213/2 3298/4216/2
f 3277/4217/2 3258/4218/2 3212/4197/2
f 3260/4154/2 3261/4198/2 3282/4219/2
f 3278/4220/2 3280/4213/2 3275/4215/2
f 3283/4221/2 3282/4219/2 3261/4198/2
f 3281/4200/2 3284/4222/2 3303/4223/2
f 3284/4222/2 3281/4200/2 3262/4199/2
f 3285/4202/2 3286/4224/2 3307/4225/2
f 3286/4224/2 3285/4202/2 3264/4201/2
f 3287/4204/2 3288/4226/2 3309/4227/2
f 3288/4226/2 3287/4204/2 3266/4203/2
f 3289/4206/2 3290/4228/2 3311/4229/2
f 3290/4228/2 3289/4206/2 3268/4205/2
f 3291/4208/2 3292/4230/2 3313/4231/2
f 3292/4230/2 3291/4208/2 3270/4207/2
f 3293/4210/2 3294/4232/2 3315/4233/2
f 3294/4232/2 3293/4210/2 3272/4209/2
f 3295/4212/2 3296/4234/2 3317/4235/2
f 3302/4236/2 3298/4216/2 3297/4237/2
f 3296/4234/2 3295/4212/2 3274/4211/2
f 3298/4216/2 3302/4236/2 3320/4238/2
f 3282/4219/2 3283/4221/2 3304/4239/2
f 3302/4236/2 3297/4237/2 3300/4240/2
f 3300/4240/2 3297/4237/2 3278/4220/2
f 3305/4241/2 3304/4239/2 3283/4221/2
f 3303/4223/2 3306/4242/2 3325/4243/2
f 3306/4242/2 3303/4223/2 3284/4222/2
f 3307/4225/2 3308/4244/2 3329/4245/2
f 3308/4244/2 3307/4225/2 3286/4224/2
f 3309/4227/2 3310/4246/2 3331/4247/2
f 3310/4246/2 3309/4227/2 3288/4226/2
f 3311/4229/2 3312/4248/2 3333/4249/2
f 3312/4248/2 3311/4229/2 3290/4228/2
f 3313/4231/2 3314/4250/2 3335/4251/2
f 3314/4250/2 3313/4231/2 3292/4230/2
f 3315/4233/2 3316/4252/2 3337/4253/2
f 3316/4252/2 3315/4233/2 3294/4232/2
f 3317/4235/2 3318/4254/2 3339/4255/2
f 3324/4256/2 3320/4238/2 3319/4257/2
f 3318/4254/2 3317/4235/2 3296/4234/2
f 3320/4238/2 3324/4256/2 3342/4258/2
f 3304/4239/2 3305/4241/2 3326/4259/2
f 3324/4256/2 3319/4257/2 3322/4260/2
f 3322/4260/2 3319/4257/2 3300/4240/2
f 3327/4261/2 3326/4259/2 3305/4241/2
f 3325/4243/2 3328/4262/2 3347/4263/2
f 3328/4262/2 3325/4243/2 3306/4242/2
f 3329/4245/2 3330/4264/2 3351/4265/2
f 3330/4264/2 3329/4245/2 3308/4244/2
f 3331/4247/2 3332/4266/2 3353/4267/2
f 3332/4266/2 3331/4247/2 3310/4246/2
f 3333/4249/2 3334/4268/2 3355/4269/2
f 3334/4268/2 3333/4249/2 3312/4248/2
f 3335/4251/2 3336/4270/2 3357/4271/2
f 3336/4270/2 3335/4251/2 3314/4250/2
f 3337/4253/2 3338/4272/2 3359/4273/2
f 3338/4272/2 3337/4253/2 3316/4252/2
f 3339/4255/2 3340/4274/2 3361/4275/2
f 3346/4276/2 3342/4258/2 3341/4277/2
f 3340/4274/2 3339/4255/2 3318/4254/2
f 3342/4258/2 3346/4276/2 3364/4278/2
f 3326/4259/2 3327/4261/2 3348/4279/2
f 3346/4276/2 3341/4277/2 3344/4280/2
f 3344/4280/2 3341/4277/2 3322/4260/2
f 3349/4281/2 3348/4279/2 3327/4261/2
f 3347/4263/2 3350/4282/2 3369/4283/2
f 3350/4282/2 3347/4263/2 3328/4262/2
f 3351/4265/2 3352/4284/2 3373/4285/2
f 3352/4284/2 3351/4265/2 3330/4264/2
f 3353/4267/2 3354/4286/2 3375/4287/2
f 3354/4286/2 3353/4267/2 3332/4266/2
f 3355/4269/2 3356/4288/2 3377/4289/2
f 3356/4288/2 3355/4269/2 3334/4268/2
f 3357/4271/2 3358/4290/2 3379/4291/2
f 3358/4290/2 3357/4271/2 3336/4270/2
f 3359/4273/2 3360/4292/2 3381/4293/2
f 3360/4292/2 3359/4273/2 3338/4272/2
f 3361/4275/2 3362/4294/2 3383/4295/2
f 3368/4296/2 3364/4278/2 3363/4297/2
f 3362/4294/2 3361/4275/2 3340/4274/2
f 3364/4278/2 3368/4296/2 3386/4298/2
f 3348/4279/2 3349/4281/2 3370/4299/2
f 3368/4296/2 3363/4297/2 3366/4300/2
f 3366/4300/2 3363/4297/2 3344/4280/2
f 3371/4301/2 3370/4299/2 3349/4281/2
f 3369/4283/2 3372/4302/2 3391/4303/2
f 3372/4302/2 3369/4283/2 3350/4282/2
f 3373/4285/2 3374/4304/2 3395/4305/2
f 3374/4304/2 3373/4285/2 3352/4284/2
f 3375/4287/2 3376/4306/2 3397/4307/2
f 3376/4306/2 3375/4287/2 3354/4286/2
f 3377/4289/2 3378/4308/2 3399/4309/2
f 3378/4308/2 3377/4289/2 3356/4288/2
f 3379/4291/2 3380/4310/2 3401/4311/2
f 3380/4310/2 3379/4291/2 3358/4290/2
f 3381/4293/2 3382/4312/2 3403/4313/2
f 3382/4312/2 3381/4293/2 3360/4292/2
f 3383/4295/2 3384/4314/2 3405/4315/2
f 3390/4316/2 3386/4298/2 3385/4317/2
f 3384/4314/2 3383/4295/2 3362/4294/2
f 3386/4298/2 3390/4316/2 3408/4318/2
f 3370/4299/2 3371/4301/2 3392/4319/2
f 3390/4316/2 3385/4317/2 3388/4320/2
f 3388/4320/2 3385/4317/2 3366/4300/2
f 3393/4321/2 3392/4319/2 3371/4301/2
f 3391/4303/2 3394/4322/2 3413/4323/2
f 3394/4322/2 3391/4303/2 3372/4302/2
f 3395/4305/2 3396/4324/2 3412/4325/2
f 3396/4324/2 3395/4305/2 3374/4304/2
f 3397/4307/2 3398/4326/2 3416/4327/2
f 3398/4326/2 3397/4307/2 3376/4306/2
f 3399/4309/2 3400/4328/2 3418/4329/2
f 3400/4328/2 3399/4309/2 3378/4308/2
f 3401/4311/2 3402/4330/2 3420/4331/2
f 3402/4330/2 3401/4311/2 3380/4310/2
f 3403/4313/2 3404/4332/2 3422/4333/2
f 3404/4332/2 3403/4313/2 3382/4312/2
f 3405/4315/2 3406/4334/2 3424/4335/2
f 3411/4336/2 3408/4318/2 3407/4337/2
f 3406/4334/2 3405/4315/2 3384/4314/2
f 3408/4318/2 3411/4336/2 3427/4338/2
f 3393/4321/2 3387/4339/2 3392/4319/2
f 3411/4336/2 3407/4337/2 3410/4340/2
f 3410/4340/2 3407/4337/2 3388/4320/2
f 3414/4341/2 3413/4323/2 3394/4322/2
f 3412/4325/2 3415/4342/2 3432/4343/2
f 3415/4342/2 3412/4325/2 3396/4324/2
f 3416/4327/2 3417/4344/2 3436/4345/2
f 3417/4344/2 3416/4327/2 3398/4326/2
f 3418/4329/2 3419/4346/2 3438/4347/2
f 3419/4346/2 3418/4329/2 3400/4328/2
f 3420/4331/2 3421/4348/2 3440/4349/2
f 3421/4348/2 3420/4331/2 3402/4330/2
f 3422/4333/2 3423/4350/2 3442/4351/2
f 3423/4350/2 3422/4333/2 3404/4332/2
f 3424/4335/2 3425/4352/2 3444/4353/2
f 3431/4354/2 3427/4338/2 3426/4355/2
f 3425/4352/2 3424/4335/2 3406/4334/2
f 3427/4338/2 3431/4354/2 3447/4356/2
f 3428/4357/2 3409/4358/2 3393/4321/2
f 3413/4323/2 3414/4341/2 3433/4359/2
f 3431/4354/2 3426/4355/2 3429/4360/2
f 3429/4360/2 3426/4355/2 3410/4340/2
f 3434/4361/2 3433/4359/2 3414/4341/2
f 3432/4343/2 3435/4362/2 3452/4363/2
f 3435/4362/2 3432/4343/2 3415/4342/2
f 3436/4345/2 3437/4364/2 3456/4365/2
f 3437/4364/2 3436/4345/2 3417/4344/2
f 3438/4347/2 3439/4366/2 3458/4367/2
f 3439/4366/2 3438/4347/2 3419/4346/2
f 3440/4349/2 3441/4368/2 3460/4369/2
f 3441/4368/2 3440/4349/2 3421/4348/2
f 3442/4351/2 3443/4370/2 3462/4371/2
f 3443/4370/2 3442/4351/2 3423/4350/2
f 3444/4353/2 3445/4372/2 3464/4373/2
f 3451/4374/2 3447/4356/2 3446/4375/2
f 3445/4372/2 3444/4353/2 3425/4352/2
f 3447/4356/2 3451/4374/2 3467/4376/2
f 3433/4359/2 3434/4361/2 3453/4377/2
f 3451/4374/2 3446/4375/2 3449/4378/2
f 3449/4378/2 3446/4375/2 3429/4360/2
f 3454/4379/2 3453/4377/2 3434/4361/2
f 3452/4363/2 3455/4380/2 3472/4381/2
f 3455/4380/2 3452/4363/2 3435/4362/2
f 3456/4365/2 3457/4382/2 3476/4383/2
f 3457/4382/2 3456/4365/2 3437/4364/2
f 3458/4367/2 3459/4384/2 3478/4385/2
f 3459/4384/2 3458/4367/2 3439/4366/2
f 3460/4369/2 3461/4386/2 3480/4387/2
f 3461/4386/2 3460/4369/2 3441/4368/2
f 3462/4371/2 3463/4388/2 3482/4389/2
f 3463/4388/2 3462/4371/2 3443/4370/2
f 3464/4373/2 3465/4390/2 3484/4391/2
f 3471/3300/2 3467/4376/2 3466/4392/2
f 3465/4390/2 3464/4373/2 3445/4372/2
f 3467/4376/2 3471/3300/2 3487/4393/2
f 3453/4377/2 3454/4379/2 3473/4394/2
f 3471/3300/2 3466/4392/2 3469/4395/2
f 3469/4395/2 3466/4392/2 3449/4378/2
f 3474/4396/2 3473/4394/2 3454/4379/2
f 3472/4381/2 3475/4397/2 3492/4398/2
f 3475/4397/2 3472/4381/2 3455/4380/2
f 3476/4383/2 3477/4399/2 3496/4400/2
f 3477/4399/2 3476/4383/2 3457/4382/2
f 3478/4385/2 3479/4401/2 3498/4402/2
f 3479/4401/2 3478/4385/2 3459/4384/2
f 3480/4387/2 3481/4403/2 3500/4404/2
f 3481/4403/2 3480/4387/2 3461/4386/2
f 3482/4389/2 3483/4405/2 3502/4406/2
f 3483/4405/2 3482/4389/2 3463/4388/2
f 3484/4391/2 3485/4407/2 3504/4408/2
f 3491/4409/2 3487/4393/2 3486/4410/2
f 3485/4407/2 3484/4391/2 3465/4390/2
f 3487/4393/2 3491/4409/2 3507/4411/2
f 3473/4394/2 3474/4396/2 3493/4412/2
f 3491/4409/2 3486/4410/2 3489/4413/2
f 3489/4413/2 3486/4410/2 3469/4395/2
f 3494/4414/2 3493/4412/2 3474/4396/2
f 3492/4398/2 3495/4415/2 3512/4416/2
f 3495/4415/2 3492/4398/2 3475/4397/2
f 3496/4400/2 3497/4417/2 3516/4418/2
f 3497/4417/2 3496/4400/2 3477/4399/2
f 3498/4402/2 3499/4419/2 3518/4420/2
f 3499/4419/2 3498/4402/2 3479/4401/2
f 3500/4404/2 3501/4421/2 3520/4422/2
f 3501/4421/2 3500/4404/2 3481/4403/2
f 3502/4406/2 3503/4423/2 3522/4424/2
f 3503/4423/2 3502/4406/2 3483/4405/2
f 3504/4408/2 3505/4425/2 3524/4426/2
f 3511/4427/2 3507/4411/2 3506/4428/2
f 3505/4425/2 3504/4408/2 3485/4407/2
f 3507/4411/2 3511/4427/2 3527/4429/2
f 3493/4412/2 3494/4414/2 3513/4430/2
f 3511/4427/2 3506/4428/2 3509/4431/2
f 3509/4431/2 3506/4428/2 3489/4413/2
f 3514/4432/2 3513/4430/2 3494/4414/2
f 3512/4416/2 3515/4433/2 3532/4434/2
f 3515/4433/2 3512/4416/2 3495/4415/2
f 3516/4418/2 3517/4435/2 3536/4436/2
f 3517/4435/2 3516/4418/2 3497/4417/2
f 3518/4420/2 3519/4437/2 3538/4438/2
f 3519/4437/2 3518/4420/2 3499/4419/2
f 3520/4422/2 3521/4439/2 3540/4440/2
f 3521/4439/2 3520/4422/2 3501/4421/2
f 3522/4424/2 3523/4441/2 3542/4442/2
f 3523/4441/2 3522/4424/2 3503/4423/2
f 3524/4426/2 3525/4443/2 3544/4444/2
f 3531/4445/2 3527/4429/2 3526/4446/2
f 3525/4443/2 3524/4426/2 3505/4425/2
f 3527/4429/2 3531/4445/2 3547/4447/2
f 3513/4430/2 3514/4432/2 3533/4448/2
f 3531/4445/2 3526/4446/2 3529/2245/2
f 3529/2245/2 3526/4446/2 3509/4431/2
f 3534/4449/2 3533/4448/2 3514/4432/2
f 3532/4434/2 3535/4450/2 3551/4451/2
f 3535/4450/2 3532/4434/2 3515/4433/2
f 3536/4436/2 3537/4452/2 3555/4453/2
f 3537/4452/2 3536/4436/2 3517/4435/2
f 3538/4438/2 3539/4454/2 3557/4455/2
f 3539/4454/2 3538/4438/2 3519/4437/2
f 3540/4440/2 3541/4456/2 3559/4457/2
f 3541/4456/2 3540/4440/2 3521/4439/2
f 3542/4442/2 3543/4458/2 3561/4459/2
f 3543/4458/2 3542/4442/2 3523/4441/2
f 3544/4444/2 3545/4460/2 3563/4461/2
f 3550/1745/2 3547/4447/2 3546/4462/2
f 3545/4460/2 3544/4444/2 3525/4443/2
f 3547/4447/2 3550/1745/2 3566/4463/2
f 3533/4448/2 3534/4449/2 3552/4464/2
f 3550/1745/2 3546/4462/2 3549/1741/2
f 3549/1741/2 3546/4462/2 3529/2245/2
f 3553/4465/2 3552/4464/2 3534/4449/2
f 3551/4451/2 3554/4466/2 3571/4467/2
f 3554/4466/2 3551/4451/2 3535/4450/2
f 3555/4453/2 3556/4468/2 3575/4469/2
f 3556/4468/2 3555/4453/2 3537/4452/2
f 3557/4455/2 3558/4470/2 3577/4471/2
f 3558/4470/2 3557/4455/2 3539/4454/2
f 3559/4457/2 3560/4472/2 3579/4473/2
f 3560/4472/2 3559/4457/2 3541/4456/2
f 3561/4459/2 3562/4474/2 3581/4475/2
f 3562/4474/2 3561/4459/2 3543/4458/2
f 3563/4461/2 3564/4476/2 3583/4477/2
f 3570/4478/2 3566/4463/2 3565/4479/2
f 3564/4476/2 3563/4461/2 3545/4460/2
f 3566/4463/2 3570/4478/2 3586/4480/2
f 3552/4464/2 3553/4465/2 3572/4481/2
f 3549/1741/2 3569/4064/2 3619/1737/2
f 3568/4482/2 3570/4478/2 3565/4479/2
f 3573/4483/2 3572/4481/2 3553/4465/2
f 3571/4467/2 3574/4484/2 3626/4485/2
f 3574/4484/2 3571/4467/2 3554/4466/2
f 3575/4469/2 3576/4486/2 3632/4487/2
f 3576/4486/2 3575/4469/2 3556/4468/2
f 3577/4471/2 3578/4488/2 3636/4489/2
f 3578/4488/2 3577/4471/2 3558/4470/2
f 3579/4473/2 3580/4490/2 3640/4491/2
f 3580/4490/2 3579/4473/2 3560/4472/2
f 3581/4475/2 3582/4492/2 3644/4493/2
f 3582/4492/2 3581/4475/2 3562/4474/2
f 3583/4477/2 3584/4494/2 3648/4495/2
f 3621/4496/2 3586/4480/2 3585/4497/2
f 3584/4494/2 3583/4477/2 3564/4476/2
f 3586/4480/2 3621/4496/2 3653/4498/2
f 3572/4481/2 3573/4483/2 3627/4499/2
f 3597/4500/2 3589/4501/2 3588/4502/2
f 3597/4500/2 3588/4502/2 3591/4503/2
f 3591/4503/2 3592/4504/2 3590/4505/2
f 3601/4506/2 3594/4507/2 3590/4505/2
f 3598/4511/2 3589/4501/2 3597/4500/2
f 3607/4512/2 3138/4082/2 3599/4513/2
f 3595/4514/2 3601/4506/2 3600/4515/2
f 3607/4512/2 3599/4513/2 3598/4511/2
f 3601/4506/2 3602/4516/2 3600/4515/2
f 3605/4517/2 3604/4067/2 3129/4066/2
f 3606/4518/2 3138/4082/2 3607/4512/2
f 3610/4519/2 3609/4520/2 3613/4521/2
f 3605/4517/2 3613/4521/2 3616/4522/2
f 3610/4519/2 3611/4523/2 3609/4520/2
f 4778/4524/2 3615/4525/2 3620/1733/2
f 3614/4526/2 3613/4521/2 3609/4520/2
f 3617/4530/2 3608/4531/2 3616/4522/2
f 3614/4526/2 3620/1733/2 3619/1737/2
f 3569/4064/2 3618/4068/2 3617/4530/2
f 3620/1733/2 3568/4482/2 3619/1737/2
f 3568/4482/2 3620/1733/2 3615/4525/2
f 3625/4532/2 3623/4533/2 3622/4534/2
f 3628/4535/2 3627/4499/2 3573/4483/2
f 3622/4534/2 3628/4535/2 3629/4536/2
f 3631/4537/2 3622/4534/2 3630/4538/2
f 3629/4536/2 3626/4485/2 3574/4484/2
f 3630/4538/2 3629/4536/2 3633/4539/2
f 3635/4540/2 3630/4538/2 3634/4541/2
f 3633/4539/2 3632/4487/2 3576/4486/2
f 3634/4541/2 3633/4539/2 3637/4542/2
f 3639/4543/2 3634/4541/2 3638/4544/2
f 3637/4542/2 3636/4489/2 3578/4488/2
f 3638/4544/2 3637/4542/2 3641/4545/2
f 3643/4546/2 3638/4544/2 3642/4547/2
f 3641/4545/2 3640/4491/2 3580/4490/2
f 3642/4547/2 3641/4545/2 3645/4548/2
f 3647/3460/2 3642/4547/2 3646/4549/2
f 3645/4548/2 3644/4493/2 3582/4492/2
f 3646/4549/2 3645/4548/2 3649/4550/2
f 3647/3460/2 3651/4551/2 3650/3461/2
f 3649/4550/2 3648/4495/2 3584/4494/2
f 3646/4549/2 3652/4552/2 3651/4551/2
f 3623/4533/2 3655/4553/2 4767/4554/2
f 3628/4535/2 3654/4555/2 4765/4556/2
f 3624/4557/2 3655/4553/2 3623/4533/2
f 3659/92/3 3658/4558/3 3662/4559/3
f 3662/4559/3 3660/4560/3 3657/4561/3
f 3756/4562/3 3664/4563/3 3668/4564/3
f 3661/4565/3 3665/4566/3 3750/4567/3
f 3661/4565/3 3750/4567/3 3759/4568/3
f 3668/4564/3 3666/4569/3 3663/4570/3
f 3137/4571/3 3666/4569/3 3667/4572/3
f 3678/4573/3 3672/4574/3 3675/4575/3
f 3723/4576/4 3682/4577/4 3671/4578/4
f 3723/4576/4 3037/4579/4 3034/3335/4
f 3673/4580/4 3674/4581/4 3672/4574/4
f 3687/2620/4 3675/4575/4 3672/4574/4
f 3679/4584/4 3680/4585/4 3678/4573/4
f 3683/4588/4 3671/4578/4 3682/4577/4
f 3692/4589/4 3681/28/4 3679/4584/4
f 3676/4590/4 3686/4591/4 3689/4592/4
f 3696/4593/4 3685/2608/4 3722/10/4
f 3681/28/4 3692/4589/4 3694/4594/4
f 3722/10/4 3684/9/4 3683/4588/4
f 3687/2620/4 3688/2595/4 3686/4591/4
f 3700/6/4 3689/4592/4 3686/4591/4
f 3693/4598/4 3694/4594/4 3692/4589/4
f 3697/4602/4 3685/2608/4 3696/4593/4
f 3693/4598/4 3700/6/4 3699/4603/4
f 3697/4602/4 9/3014/4 3698/3/4
f 4/1845/4 3697/4602/4 3695/5/4
f 3700/6/4 6/2998/4 3699/4603/4
f 3704/4604/3 3702/4605/3 3701/4606/3
f 3704/4604/3 3706/3975/3 3725/2428/3
f 3704/4604/3 2367/3015/3 2364/1861/3
f 2364/1861/3 2365/4607/3 3724/3971/3
f 3705/4608/3 3032/4609/3 4744/4610/3
f 3703/2773/3 3041/4611/3 3702/4605/3
f 3143/4612/4 3710/4561/4 3711/2864/4
f 3710/4561/4 3713/4560/4 3719/4565/4
f 3717/4572/4 3715/102/4 3714/4564/4
f 3714/4564/4 3718/4569/4 3717/4572/4
f 3745/4613/4 3719/4565/4 3713/4560/4
f 3718/4569/4 3714/4564/4 3749/4614/4
f 3717/4572/4 3718/4569/4 3136/4571/4
f 3721/89/4 3720/4615/4 3716/4616/4
f 3701/4617/5 3684/972/5 3722/1206/5
f 3684/972/5 3701/4617/5 3702/4618/5
f 2367/3019/5 3698/1207/5 9/174/5
f 3698/1207/5 2367/3019/5 3701/4617/5
f 3702/4618/5 3041/4619/5 3040/920/5
f 3677/951/6 3725/4620/6 3706/4621/6
f 3724/4622/6 3691/1201/6 3688/4623/6
f 3030/930/6 3032/4624/6 3705/4625/6
f 3725/4620/6 3677/951/6 3674/4626/6
f 3724/4622/6 2365/3017/6 10/1300/6
f 3708/4627/2 3709/4628/2 3740/4629/2
f 3669/4630/2 3720/4631/2 3721/4632/2
f 3143/4619/5 3659/4633/5 3142/4634/5
f 3136/4624/6 3669/4635/6 3721/4625/6
f 3765/149/3 3768/152/3 3774/4723/3
f 3765/149/3 3770/4724/3 3769/4725/3
f 3766/4726/3 3767/4727/3 3775/4728/3
f 3766/4726/3 2394/3226/3 3770/4724/3
f 3769/4725/3 3602/4729/3 4777/4730/3
f 3768/152/3 3771/4731/3 3612/2545/3
f 3775/4732/5 3781/4733/5 3772/4734/5
f 3781/4733/5 3775/4732/5 3767/4735/5
f 3768/4736/5 3612/2410/5 3610/1983/5
f 3610/1983/5 3605/1991/5 3780/4737/5
f 3772/4734/5 133/3135/5 127/3144/5
f 3777/4738/6 3769/4739/6 3770/4740/6
f 3770/4740/6 2394/3217/6 130/3088/6
f 3776/4741/6 3607/2219/6 3600/2020/6
f 3779/4742/4 3776/4512/4 3777/4016/4
f 3779/4742/4 3781/4743/4 3773/4744/4
f 3779/4742/4 131/3133/4 3782/4745/4
f 132/3125/4 133/3126/4 3772/4746/4
f 3606/4747/4 3780/4517/4 3605/4748/4
f 3778/4518/4 3607/4749/4 3776/4512/4
f 3791/4750/5 3783/4751/5 3794/1137/5
f 3821/937/5 2513/4755/5 3789/4756/5
f 3784/4757/5 3791/4750/5 3790/4758/5
f 3821/937/5 3789/4756/5 3788/4759/5
f 3791/4750/5 3792/4760/5 3790/4758/5
f 3787/4761/5 3789/4756/5 3793/4762/5
f 3787/4761/5 3793/4762/5 2514/4763/5
f 3787/4761/5 2514/4763/5 3043/920/5
f 3043/920/5 3786/4764/5 3794/1137/5
f 3149/4765/5 3796/4766/5 3852/4767/5
f 3148/4768/5 3795/4769/5 3853/4770/5
f 3156/4771/5 3797/4772/5 3875/4773/5
f 3161/4774/5 3798/4775/5 3887/4776/5
f 3166/4777/5 3799/4778/5 3899/4779/5
f 3171/4780/5 3800/4781/5 3911/4782/5
f 3176/4783/5 3801/4784/5 3922/4785/5
f 3181/1983/5 3803/4786/5 3053/4787/5
f 3149/4765/5 3804/4788/5 3796/4766/5
f 3813/1262/5 3805/4789/5 3817/4790/5
f 3806/4794/5 3813/1262/5 3812/1293/5
f 2521/3887/5 3811/4795/5 3810/1094/5
f 3813/1262/5 3814/4796/5 3812/1293/5
f 3809/4797/5 3811/4795/5 3815/4798/5
f 3818/1106/5 3817/4790/5 3805/4789/5
f 3822/4799/5 3805/4789/5 3809/4797/5
f 3818/1106/5 3808/4800/5 3817/4790/5
f 3821/937/5 2519/4801/5 2513/4755/5
f 3820/933/5 3816/4802/5 2519/4801/5
f 3825/1264/5 3824/4803/5 3964/4804/5
f 3823/1602/5 3826/1263/5 4837/4805/5
f 3825/1264/5 3803/4806/5 3824/4803/5
f 3803/4806/5 3825/1264/5 4741/4807/5
f 3826/1263/5 3828/4808/5 3827/1292/5
f 3829/4809/5 3832/1959/5 3966/2406/5
f 3834/4764/5 3833/4760/5 4834/4810/5
f 4842/3033/5 3838/3020/5 4083/4811/5
f 4076/4812/5 3837/4813/5 3840/4814/5
f 3840/4814/5 3837/4813/5 4059/4815/5
f 4059/4815/5 4052/4816/5 3842/4817/5
f 4028/4651/3 3841/4818/3 4035/4819/3
f 4028/4651/5 4001/4820/5 3835/4821/5
f 3835/4821/5 3844/4822/5 3960/4823/5
f 3842/4817/5 3843/4824/5 3961/4825/5
f 3847/2955/5 3840/4814/5 3962/4826/5
f 3835/4821/5 3836/4827/5 3829/4809/5
f 3849/4828/5 3847/2955/5 3846/3215/5
f 3850/4829/5 3853/4770/5 3795/4769/5
f 3856/4830/5 3855/4831/5 3979/4832/5
f 3859/4833/5 3856/4830/5 3857/4834/5
f 3861/4835/5 3858/4836/5 3859/4833/5
f 3863/4837/5 3860/4838/5 3861/4835/5
f 3865/4839/5 3862/4840/5 3863/4837/5
f 3867/4841/5 3864/4842/5 3865/4839/5
f 3869/4843/5 3866/4844/5 3867/4841/5
f 3871/4845/5 3868/4846/5 3869/4843/5
f 3873/4847/5 3870/4848/5 3871/4845/5
f 3850/4829/5 3872/4849/5 3873/4847/5
f 3874/4850/5 3875/4773/5 3797/4772/5
f 3857/4834/5 3854/4851/5 3981/4852/5
f 3878/4853/5 3857/4834/5 3877/4854/5
f 3879/4855/5 3859/4833/5 3878/4853/5
f 3880/4856/5 3861/4835/5 3879/4855/5
f 3881/4857/5 3863/4837/5 3880/4856/5
f 3882/4858/5 3865/4839/5 3881/4857/5
f 3883/4859/5 3867/4841/5 3882/4858/5
f 3884/4860/5 3869/4843/5 3883/4859/5
f 3885/4861/5 3871/4845/5 3884/4860/5
f 3874/4850/5 3873/4847/5 3885/4861/5
f 3886/4862/5 3887/4776/5 3798/4775/5
f 3877/4854/5 3876/4863/5 3983/4864/5
f 3890/4865/5 3877/4854/5 3889/4866/5
f 3891/4867/5 3878/4853/5 3890/4865/5
f 3892/4868/5 3879/4855/5 3891/4867/5
f 3893/4869/5 3880/4856/5 3892/4868/5
f 3894/4870/5 3881/4857/5 3893/4869/5
f 3895/4871/5 3882/4858/5 3894/4870/5
f 3896/4872/5 3883/4859/5 3895/4871/5
f 3897/4873/5 3884/4860/5 3896/4872/5
f 3886/4862/5 3885/4861/5 3897/4873/5
f 3898/4874/5 3899/4779/5 3799/4778/5
f 3889/4866/5 3888/4875/5 3984/4876/5
f 3902/4877/5 3889/4866/5 3901/4878/5
f 3903/4879/5 3890/4865/5 3902/4877/5
f 3904/4880/5 3891/4867/5 3903/4879/5
f 3905/4881/5 3892/4868/5 3904/4880/5
f 3906/4882/5 3893/4869/5 3905/4881/5
f 3907/4883/5 3894/4870/5 3906/4882/5
f 3908/4884/5 3895/4871/5 3907/4883/5
f 3909/4885/5 3896/4872/5 3908/4884/5
f 3898/4874/5 3897/4873/5 3909/4885/5
f 3910/4886/5 3911/4782/5 3800/4781/5
f 3901/4878/5 3900/4887/5 3975/4888/5
f 3914/4889/5 3901/4878/5 3913/4890/5
f 3915/4891/5 3902/4877/5 3914/4889/5
f 3916/4892/5 3903/4879/5 3915/4891/5
f 3917/4893/5 3904/4880/5 3916/4892/5
f 3918/4894/5 3905/4881/5 3917/4893/5
f 3919/4895/5 3906/4882/5 3918/4894/5
f 3920/4896/5 3907/4883/5 3919/4895/5
f 3921/4897/5 3908/4884/5 3920/4896/5
f 3910/4886/5 3909/4885/5 3921/4897/5
f 3923/4898/5 3922/4785/5 3801/4784/5
f 3913/4890/5 3912/4899/5 3970/4900/5
f 3914/4889/5 3924/4901/5 3926/4902/5
f 3915/4891/5 3926/4902/5 3927/4903/5
f 3916/4892/5 3927/4903/5 3928/4904/5
f 3917/4893/5 3928/4904/5 3929/4905/5
f 3918/4894/5 3929/4905/5 3930/4906/5
f 3919/4895/5 3930/4906/5 3931/4907/5
f 3920/4896/5 3931/4907/5 3932/4908/5
f 3920/4896/5 3932/4908/5 3963/4909/5
f 3921/4897/5 3933/4910/5 3967/4911/5
f 3851/4912/5 3935/4913/5 4868/4914/5
f 3872/4849/5 3934/4915/5 4866/4916/5
f 3870/4848/5 3936/4917/5 4864/4918/5
f 3868/4846/5 3937/4919/5 4862/4920/5
f 3866/4844/5 3938/4921/5 4860/4922/5
f 3864/4842/5 3939/4923/5 4858/4924/5
f 3862/4840/5 3940/4925/5 4856/4926/5
f 3860/4838/5 3941/4927/5 4854/4928/5
f 3858/4836/5 3942/4929/5 4851/4930/5
f 3978/4931/5 3856/4830/5 4852/4932/5
f 3851/4912/5 3852/4767/5 3796/4766/5
f 3948/4933/5 3849/4828/5 3945/4934/5
f 3849/4828/5 3948/4933/5 3947/4935/5
f 3949/4936/5 3952/4937/5 3972/106/5
f 3949/4936/5 3954/4938/5 3953/4939/5
f 3953/4939/5 3947/4935/5 3948/4933/5
f 3956/4940/5 3955/4941/5 4840/4942/5
f 3950/4943/5 3951/91/5 4846/4944/5
f 3950/4943/5 3959/4945/5 3954/4938/5
f 3954/4938/5 3956/4940/5 3947/4935/5
f 3953/4939/5 3927/4903/5 3926/4902/5
f 3949/4936/5 3926/4902/5 3924/4901/5
f 3924/4901/5 3925/4946/5 3971/4947/5
f 3948/4933/5 3928/4904/5 3927/4903/5
f 3931/4907/5 3960/4823/5 3844/4822/5
f 3930/4906/5 3961/4825/5 3843/4824/5
f 3929/4905/5 3962/4826/5 3845/4948/5
f 3945/4934/5 3849/4828/5 3846/3215/5
f 3932/4908/5 3831/2332/5 3963/4909/5
f 3965/4949/5 3964/1603/5 3824/4950/5
f 3823/1629/5 3965/4949/5 3832/1959/5
f 3831/2332/5 3965/4949/5 3933/4910/5
f 3802/2208/5 3922/4785/5 3923/4898/5
f 3970/4900/5 3969/4951/5 4872/2346/5
f 3968/4952/5 3971/4947/5 3925/4946/5
f 4845/4953/5 3973/4954/5 3972/106/5
f 4845/4953/5 3972/106/5 3952/4937/5
f 3975/4888/5 3974/4955/5 4871/4956/5
f 3969/4951/5 3970/4900/5 3912/4899/5
f 3976/4957/5 3979/4832/5 3855/4831/5
f 3980/4958/5 3981/4852/5 3854/4851/5
f 3982/4959/5 3983/4864/5 3876/4863/5
f 3985/4960/5 3984/4876/5 3888/4875/5
f 3978/4931/5 3986/4961/5 3977/4962/5
f 3990/4963/3 3988/4964/3 3987/1943/3
f 3993/4965/3 3792/4966/3 3991/4967/3
f 3993/4965/3 3987/1943/3 3992/4968/3
f 3993/4965/3 3995/4969/3 4338/4970/3
f 3991/4967/3 3819/4971/3 4337/4972/3
f 3990/4963/3 3996/4973/3 3989/4974/3
f 4000/4975/3 4328/4976/3 3997/4977/3
f 4026/4978/3 4496/4979/3 3998/4980/3
f 3834/4981/3 4000/4975/3 4329/4982/3
f 3998/4980/3 3999/4983/3 4498/4984/3
f 4004/4985/3 4007/4986/3 4334/4987/3
f 4004/4985/3 4330/4988/3 4008/4989/3
f 4330/4988/3 4004/4985/3 4005/4990/3
f 4005/4990/3 4006/4991/3 4335/4992/3
f 4005/4990/3 4009/4993/3 4331/2157/3
f 4013/4994/3 4004/4985/3 4008/4989/3
f 4018/4995/3 4013/4994/3 4002/4996/3
f 4004/4985/3 4014/4997/3 4336/4998/3
f 4015/4999/3 4014/4997/3 4011/5000/3
f 4019/5001/3 4020/5002/3 4033/5003/3
f 4015/4999/3 4012/5004/3 4014/4997/3
f 4019/5001/3 4013/4994/3 4018/4995/3
f 4021/5005/3 4016/5006/3 4020/5002/3
f 4024/5007/3 4023/5008/3 4022/5009/3
f 4027/5010/3 4026/4978/3 4025/5011/3
f 4029/5012/3 4001/5013/3 4028/5014/3
f 4027/5010/3 4025/5011/3 4000/4975/3
f 4024/5007/3 4000/4975/3 4029/5012/3
f 4486/5015/3 4021/5005/3 4495/5016/3
f 4482/5017/3 4493/5018/3 4491/5019/3
f 4033/5003/3 4037/5020/3 4030/5021/3
f 4021/5005/3 4486/5015/3 4042/5022/3
f 4493/5018/3 4482/5017/3 4484/5023/3
f 4037/5020/3 4033/5003/3 4016/5006/3
f 4049/5024/3 4022/5009/3 4023/5008/3
f 4032/5025/3 4480/5026/3 4031/5027/3
f 4022/5009/3 4049/5024/3 4050/5028/3
f 4480/5026/3 4032/5025/3 4489/5029/3
f 4029/5012/3 4035/5030/3 4034/5031/3
f 4038/5032/3 4036/5033/3 4342/5034/3
f 4342/5034/3 4017/5035/3 4015/4999/3
f 4043/5036/3 4030/5021/3 4037/5020/3
f 4030/5021/3 4044/5037/3 4057/5038/3
f 4039/5039/3 4036/5033/3 4038/5032/3
f 4043/5036/3 4037/5020/3 4042/5022/3
f 4045/5040/3 4040/5041/3 4044/5037/3
f 4048/5042/3 4047/5043/3 4046/5044/3
f 4051/5045/3 4050/5028/3 4049/5024/3
f 4034/5031/3 4035/5030/3 3841/5046/3
f 4051/5045/3 4049/5024/3 4034/5031/3
f 4048/5042/3 4034/5031/3 4053/5047/3
f 4518/5048/3 4045/5040/3 4479/5049/3
f 4514/5050/3 4477/5051/3 4475/5052/3
f 4057/5038/3 4061/5053/3 4054/5054/3
f 4045/5040/3 4518/5048/3 4066/5055/3
f 4477/5051/3 4514/5050/3 4516/5056/3
f 4061/5053/3 4057/5038/3 4040/5041/3
f 4073/5057/3 4046/5044/3 4047/5043/3
f 4056/5058/3 4512/5059/3 4055/5060/3
f 4046/5044/3 4073/5057/3 4074/5061/3
f 4512/5059/3 4056/5058/3 4473/5062/3
f 4053/5047/3 4059/5063/3 4058/5064/3
f 4062/5065/3 4060/5066/3 4341/5067/3
f 4341/5067/3 4041/5068/3 4039/5039/3
f 4067/5069/3 4054/5054/3 4061/5053/3
f 4054/5054/3 4068/5070/3 4081/5071/3
f 4063/5072/3 4060/5066/3 4062/5065/3
f 4067/5069/3 4061/5053/3 4066/5055/3
f 4069/5073/3 4064/5074/3 4068/5070/3
f 4072/5075/3 4071/5076/3 4070/5077/3
f 4075/5078/3 4074/5061/3 4073/5057/3
f 4058/5064/3 4059/5063/3 3837/5079/3
f 4075/5078/3 4073/5057/3 4058/5064/3
f 4072/5075/3 4058/5064/3 4077/5080/3
f 4081/5071/3 4089/5081/3 4078/5082/3
f 4509/5083/3 4080/5084/3 4079/5085/3
f 4511/5086/3 4509/5083/3 4325/5087/3
f 4321/5088/3 4070/5077/3 4071/5076/3
f 4070/5077/3 4321/5088/3 4324/5089/3
f 4079/5085/3 4080/5084/3 4505/5090/3
f 4076/5091/3 4083/5092/3 4085/5093/3
f 4085/5093/3 4320/5094/3 4077/5080/3
f 4090/5095/3 4084/5096/3 4065/5097/3
f 4090/5095/3 4065/5097/3 4063/5072/3
f 4086/5098/3 4083/5092/3 3838/5099/3
f 4078/5082/3 4089/5081/3 4524/5100/3
f 4087/5101/3 4091/5102/3 4526/5103/3
f 4093/5104/3 4092/5105/3 4560/5106/3
f 4096/5107/3 4088/5108/3 4558/5109/3
f 4096/5107/3 4087/5101/3 4088/5108/3
f 4096/5107/3 4098/5110/3 4547/5111/3
f 4094/5112/3 4099/5113/3 4545/5114/3
f 4093/5104/3 4100/5115/3 4092/5105/3
f 4104/5116/3 4597/5117/3 4101/5118/3
f 4101/5118/3 4597/5117/3 4591/5119/3
f 4101/5118/3 3959/5120/3 3957/5121/3
f 4102/5122/3 4103/5123/3 4099/5113/3
f 4102/5122/3 3956/5124/3 3959/5120/3
f 4094/5112/3 4095/5125/3 4589/5126/3
f 4105/5127/3 4106/5128/3 4590/5129/3
f 4101/5118/3 3958/5130/3 4107/5131/3
f 4107/5131/3 4108/5132/3 4606/5133/3
f 4136/5134/3 4111/5135/3 4110/5136/3
f 4109/5137/3 4112/5138/3 4130/5139/3
f 4133/5140/3 4115/5141/3 4114/5142/3
f 4113/5143/3 4116/5144/3 4124/5145/3
f 4127/5146/3 4119/5147/3 4118/5148/3
f 4117/5149/3 4120/5150/3 4121/5151/3
f 4123/5152/3 4121/5151/3 4120/5150/3
f 4126/5153/3 4124/5145/3 4116/5144/3
f 4129/5154/3 4119/5147/3 4127/5146/3
f 4132/5155/3 4130/5139/3 4112/5138/3
f 4135/5156/3 4115/5141/3 4133/5140/3
f 4138/5157/3 4111/5135/3 4136/5134/3
f 4131/5158/3 4140/5159/3 4154/5160/3
f 4137/5161/3 4160/5162/3 4139/5163/3
f 4160/5162/3 4137/5161/3 4138/5157/3
f 4125/5164/3 4142/5165/3 4148/5166/3
f 4134/5167/3 4157/5168/3 4141/5169/3
f 4157/5168/3 4134/5167/3 4135/5156/3
f 4122/5170/3 4144/5171/3 4145/5172/3
f 4128/5173/3 4151/5174/3 4143/5175/3
f 4151/5174/3 4128/5173/3 4129/5154/3
f 4147/5176/3 4145/5172/3 4144/5171/3
f 4150/5177/3 4148/5166/3 4142/5165/3
f 4153/5178/3 4143/5175/3 4151/5174/3
f 4156/5179/3 4154/5160/3 4140/5159/3
f 4159/5180/3 4141/5169/3 4157/5168/3
f 4162/5181/3 4139/5163/3 4160/5162/3
f 4163/5182/3 4161/5183/3 4162/5181/3
f 4162/5181/3 4155/5184/3 4164/5185/3
f 4165/5186/3 4158/5187/3 4159/5180/3
f 4159/5180/3 4149/5188/3 4166/5189/3
f 4167/5190/3 4152/5191/3 4153/5178/3
f 4153/5178/3 4146/5192/3 4168/5193/3
f 4178/5200/4 4177/5201/4 4172/5202/4
f 4177/5201/4 4171/5203/4 4172/5202/4
f 4173/3250/4 4170/3247/4 4171/5203/4
f 4176/5204/4 4171/5203/4 4257/3491/4
f 4181/5205/4 4175/5206/4 4176/5204/4
f 4184/3252/4 4174/3251/4 4175/5206/4
f 4187/5207/4 4186/2187/4 4197/5208/4
f 4197/5208/4 4195/5209/4 4188/5210/4
f 4190/3493/4 4191/5211/4 4189/5212/4
f 4191/5211/4 4190/3493/4 4243/5213/4
f 4193/5214/4 4189/5212/4 4191/5211/4
f 4196/5218/4 4185/5219/4 4195/5209/4
f 4199/2138/4 4197/5208/4 4186/2187/4
f 4207/5223/4 4194/5224/4 4196/5218/4
f 4201/5225/4 4198/5226/4 4199/2138/4
f 4198/5226/4 4201/5225/4 4209/5227/4
f 4200/5228/4 4193/5214/4 4194/5224/4
f 4193/5214/4 4200/5228/4 4203/5229/4
f 4205/5230/4 4202/5231/4 4203/5229/4
f 4208/5235/4 4200/5228/4 4207/5223/4
f 4211/2209/4 4209/5227/4 4201/5225/4
f 4213/5238/4 4206/5239/4 4208/5235/4
f 4332/5240/4 4208/5235/4 4210/5241/4
f 4213/5238/4 4205/5230/4 4206/5239/4
f 4205/5230/4 4213/5238/4 4333/5242/4
f 4223/5243/3 4216/5244/3 4225/5245/3
f 4221/5246/4 4218/5247/4 3820/3343/4
f 4215/5248/4 4217/5249/4 4340/5250/4
f 4220/5251/4 4215/5248/4 4218/5247/4
f 4215/5248/4 4220/5251/4 4230/5252/4
f 4224/5255/4 4221/5246/4 4223/5243/4
f 4216/5244/4 4226/5258/4 4225/5245/4
f 4237/5259/4 4222/5260/4 4224/5255/4
f 4226/5258/4 4229/5261/4 4239/5262/4
f 4230/5252/4 4232/5263/4 4228/5264/4
f 4222/5260/4 4237/5259/4 4235/5265/4
f 4232/5263/4 4230/5252/4 4220/5251/4
f 4228/5264/4 4231/5266/4 4339/5267/4
f 4234/5268/4 4228/5264/4 4232/5263/4
f 4228/5264/4 4234/5268/4 4242/5269/4
f 4238/5273/4 4235/5265/4 4237/5259/4
f 4229/5261/4 4240/5275/4 4239/5262/4
f 4240/5275/4 4187/5207/4 4238/5273/4
f 4188/5210/4 4234/5268/4 4236/1898/4
f 4242/5269/4 4243/5213/4 4233/5276/4
f 4178/931/6 2795/3887/6 2949/3905/6
f 4245/724/5 2556/3781/5 2544/3792/5
f 4247/5277/5 4244/5278/5 2545/5279/5
f 4192/928/2 4202/5280/2 2794/3657/2
f 2794/3657/2 4202/5280/2 4204/5281/2
f 2795/5282/2 4190/5283/2 4189/995/2
f 4248/5290/2 4253/5291/2 4252/5292/2
f 4250/5293/2 4254/5294/2 2445/3657/2
f 2445/3657/2 4253/5291/2 4249/5295/2
f 4250/5293/2 4255/5296/2 4254/5294/2
f 2447/3655/2 4255/5296/2 4251/5297/2
f 2453/5298/2 4256/5282/2 4179/5283/2
f 2446/5299/2 4179/5283/2 4248/5290/2
f 4257/5300/1 4180/986/1 2953/3894/1
f 2953/3894/1 4180/986/1 4177/934/1
f 4181/5301/1 4257/5300/1 2953/3894/1
f 2954/3893/1 4183/5302/1 4182/936/1
f 2793/3827/5 4183/5303/5 2954/3828/5
f 4264/5306/5 4343/5307/5 4261/5308/5
f 4343/5307/5 4264/5306/5 2444/5309/5
f 4266/5310/5 4344/5311/5 4265/5312/5
f 4344/5311/5 4266/5310/5 2441/5313/5
f 4345/5314/5 2449/153/5 2440/5315/5
f 4263/4762/5 4184/937/5 4262/934/5
f 4131/5316/5 2462/5317/5 2460/5318/5
f 4125/5319/5 2459/5320/5 2455/5321/5
f 4122/5322/5 2454/5323/5 2451/5324/5
f 2461/5325/6 4136/5326/6 4130/5327/6
f 2456/5328/6 4133/5329/6 4124/5330/6
f 2452/5331/6 4127/5332/6 4121/5333/6
f 2454/5334/2 4127/5335/2 2457/5336/2
f 2452/5337/1 4122/5338/1 2451/5339/1
f 2459/5334/2 4133/5335/2 2458/5336/2
f 2456/5337/1 4125/5338/1 2455/5339/1
f 2462/5334/2 4136/5335/2 2464/5336/2
f 2461/5337/1 4131/5338/1 2460/5339/1
f 2449/153/5 4271/5342/5 2466/3815/5
f 4247/1204/1 2545/3892/1 2585/4756/1
f 4273/3894/1 4274/5302/1 4272/5300/1
f 4277/3816/5 4276/5344/5 4561/3971/5
f 4275/5345/5 4278/3822/5 2563/3821/5
f 4278/3822/5 4275/5345/5 4559/5346/5
f 4274/5277/5 2586/5279/5 2562/3824/5
f 4277/3816/5 4271/5342/5 4276/5344/5
f 4279/5347/2 4282/5348/2 2536/5349/2
f 2475/5350/2 4179/5283/2 4256/5282/2
f 4179/5283/2 2475/5350/2 2478/5351/2
f 4281/3018/2 4283/2/2 4280/1203/2
f 4288/5352/1 4307/5308/1 4285/5353/1
f 4307/5308/1 4288/5352/1 2490/5354/1
f 4304/5312/1 4290/5355/1 4289/162/1
f 4304/5312/1 4289/162/1 2538/5356/1
f 4286/5357/1 4287/5358/1 2476/5359/1
f 4155/5316/5 2489/5317/5 2486/5318/5
f 4149/5319/5 2485/5320/5 2483/5321/5
f 4146/5322/5 2482/5323/5 2479/5324/5
f 2487/5325/6 4160/5326/6 4154/5327/6
f 2480/5328/6 4157/5329/6 4148/5330/6
f 2477/5331/6 4151/5332/6 4145/5333/6
f 2482/5360/2 4151/5361/2 2481/5362/2
f 2477/5363/1 4146/5364/1 2479/5365/1
f 2485/5360/2 4157/5361/2 2484/5362/2
f 2480/5363/1 4149/5364/1 2483/5365/1
f 2489/5360/2 4160/5361/2 2488/5362/2
f 2487/5363/1 4155/5364/1 2486/5365/1
f 4291/5347/2 4294/5348/2 2577/5366/2
f 4269/5283/2 4270/5282/2 2576/5367/2
f 4293/3018/2 4295/2/2 4292/1203/2
f 4298/5358/1 4297/5357/1 4599/978/1
f 4296/5353/1 4299/5352/1 2555/5368/1
f 4301/5355/1 4300/162/1 2554/5369/1
f 4298/5358/1 4245/1204/1 4297/5357/1
f 4533/5370/1 4305/5371/1 4304/5312/1
f 4533/5370/1 4304/5312/1 4285/5353/1
f 4307/5308/1 4528/5372/1 4306/5373/1
f 4528/5372/1 4307/5308/1 4286/5357/1
f 4305/5371/1 4290/5355/1 4304/5312/1
f 4843/178/1 4305/5371/1 4534/5374/1
f 4280/1203/2 4329/3017/2 3997/5389/2
f 4279/5347/2 4328/4621/2 3998/5390/2
f 4280/1203/2 4283/2/2 4833/7/2
f 4190/1133/6 4008/5391/6 4330/4796/6
f 4008/5391/6 4190/1133/6 4178/931/6
f 4190/5392/6 3996/5393/6 4243/4799/6
f 4201/5280/2 4331/5394/2 4009/5395/2
f 4010/5396/2 4212/932/2 4211/5281/2
f 4331/5394/2 4199/928/2 4186/995/2
f 4335/5391/5 4213/5397/5 4332/931/5
f 4213/5397/5 4335/5391/5 4006/4800/5
f 4334/5398/5 4214/5392/5 4333/933/5
f 4007/5399/5 4184/937/5 4183/5303/5
f 4335/5391/5 4212/1186/5 4010/5400/5
f 4219/5401/1 4338/4621/1 3995/5389/1
f 4337/3017/1 4340/1203/1 4217/5402/1
f 4233/926/1 3996/4625/1 3994/5390/1
f 4338/4621/1 4339/5347/1 4231/5403/1
f 4337/3017/1 3819/8/1 3818/7/1
f 3987/5387/2 4241/5357/2 4229/1051/2
f 3790/178/2 3992/5385/2 4216/5404/2
f 3987/5387/2 4187/1204/2 4241/5357/2
f 4344/5311/5 4041/4816/5 4341/5405/5
f 4343/5307/5 4342/5406/5 4036/4819/5
f 4041/4816/5 4344/5311/5 4261/5308/5
f 4345/5314/5 4065/4812/5 4084/4811/5
f 4344/5311/5 4341/5405/5 4060/4815/5
f 4065/4812/5 4345/5314/5 4265/5312/5
f 4343/5307/5 4017/4651/5 4342/5406/5
f 4262/934/5 4336/4760/5 4012/4820/5
f 4449/5515/5 4164/5516/5 4448/5517/5
f 4453/5521/5 4166/5522/5 4452/5523/5
f 4457/5527/5 4168/5528/5 4456/5529/5
f 4463/5533/6 4110/5534/6 4462/5535/6
f 4467/5539/6 4114/5540/6 4466/5541/6
f 4471/5545/6 4118/5546/6 4470/5547/6
f 4119/5335/2 4470/5558/2 4118/5559/2
f 4143/5361/2 4152/5560/2 4457/5561/2
f 4147/5364/1 4456/5565/1 4168/5566/1
f 4123/5338/1 4120/5567/1 4471/5568/1
f 4115/5335/2 4466/5558/2 4114/5559/2
f 4141/5361/2 4158/5560/2 4453/5561/2
f 4150/5364/1 4452/5565/1 4166/5566/1
f 4126/5338/1 4116/5567/1 4467/5568/1
f 4111/5335/2 4462/5558/2 4110/5559/2
f 4139/5361/2 4161/5560/2 4449/5561/2
f 4156/5364/1 4448/5565/1 4164/5566/1
f 4132/5338/1 4112/5567/1 4463/5568/1
f 4345/5314/5 4526/3020/5 4267/5699/5
f 4246/721/5 4541/5733/5 4607/5734/5
f 4247/5277/5 4542/5735/5 4598/5736/5
f 4570/917/1 4542/5737/1 4247/1204/1
f 4570/917/1 4247/1204/1 4272/5300/1
f 4274/5302/1 4544/5738/1 4566/913/1
f 4267/5699/5 4091/4941/5 4271/5342/5
f 4092/4940/5 4100/5753/5 4554/5754/5
f 4561/3971/5 4560/3975/5 4092/4940/5
f 4556/5755/5 4559/5346/5 4275/5345/5
f 4560/3975/5 4561/3971/5 4276/5344/5
f 4559/5346/5 4544/5735/5 4274/5277/5
f 4585/5796/2 4291/5347/2 4292/1203/2
f 4584/5797/2 4269/5283/2 4291/5347/2
f 4585/5796/2 4295/2/2 4587/5798/2
f 4585/5796/2 4590/3017/2 4106/5389/2
f 4584/5797/2 4589/4621/2 4095/5806/2
f 4585/5796/2 4587/5798/2 4839/7/2
f 4600/5372/1 4599/978/1 4297/5357/1
f 4107/5385/1 3958/3984/1 4847/178/1
f 4608/5784/1 4108/5807/1 4107/5385/1
f 4608/5784/1 4107/5385/1 4296/5353/1
f 2516/4755/6 3056/920/6 2515/4763/6
f 4746/4758/6 3082/4619/6 3056/920/6
f 3188/5948/3 4750/5949/3 5039/5950/3
f 5039/5950/3 4869/5873/3 4752/5869/3
f 4751/5951/3 4927/5952/3 4750/5949/3
f 4927/5952/3 4751/5951/3 3186/5953/3
f 4754/5883/3 4926/5910/3 4753/5882/3
f 4926/5910/3 4754/5883/3 3187/5928/3
f 4757/2481/3 4756/5954/3 4942/5955/3
f 4755/5947/3 3190/5946/3 3209/5956/3
f 4759/4612/3 4758/5957/3 4940/5958/3
f 4756/5954/3 4757/2481/3 3257/144/3
f 4761/5959/3 4760/5960/3 4938/5961/3
f 4758/5957/3 4759/4612/3 3255/4560/3
f 3299/2535/3 3321/5962/3 4762/5963/3
f 4761/5959/3 3256/5964/3 4760/5960/3
f 4936/5965/3 3256/5964/3 3258/5966/3
f 3448/5967/3 3468/5968/3 4763/5969/3
f 3343/5970/3 3365/2533/3 4762/5963/3
f 3409/5971/3 3428/5972/3 4934/5973/3
f 3567/5974/3 4765/5975/3 4764/1732/3
f 3488/2529/3 3508/2527/3 4763/5969/3
f 3548/2525/3 3567/5974/3 4932/5976/3
f 3654/2518/3 4766/1730/3 5070/1729/3
f 5070/1729/3 4931/5977/3 4765/5975/3
f 4767/4730/3 5071/1726/3 4766/1730/3
f 5071/1726/3 4767/4730/3 3655/5978/3
f 4752/5869/3 3804/4966/3 3189/5979/3
f 3591/2020/6 4735/4806/6 4769/1950/6
f 3593/2211/6 4769/1950/6 4729/2334/6
f 3625/6099/6 4771/6100/6 6080/6101/6
f 3631/6102/6 4772/6103/6 6079/6104/6
f 3635/5500/6 4773/6105/6 6083/6106/6
f 3639/6107/6 4774/6108/6 6045/6109/6
f 3643/6110/6 4775/6111/6 6000/6112/6
f 3647/6113/6 4776/6114/6 5999/6115/6
f 3650/1996/6 4728/2373/6 6015/6116/6
f 3624/6117/6 4768/4917/6 3656/6118/6
f 3973/6164/1 4875/6181/1 4831/2955/1
f 4849/6184/3 4852/6185/3 3943/5121/3
f 4850/6186/3 4851/6187/3 3942/5120/3
f 4853/6188/3 4854/6189/3 3941/5124/3
f 4855/6190/3 4856/6191/3 3940/6192/3
f 4857/6193/3 4858/6194/3 3939/5092/3
f 4859/6195/3 4860/6196/3 3938/6197/3
f 4861/6198/3 4862/6199/3 3937/6200/3
f 4863/6201/3 4864/6202/3 3936/6203/3
f 4865/6204/3 4866/6205/3 3934/6173/3
f 4749/6206/3 4867/6172/3 3935/6207/3
f 4870/6208/3 3986/6209/3 3944/5130/3
f 4874/6170/1 3969/6173/1 4871/6171/1
f 3969/6173/1 4874/6170/1 5791/6172/1
f 5798/5873/1 4876/6210/1 4875/6181/1
f 3968/6207/1 5798/5873/1 4845/5880/1
f 4876/6210/1 5802/6211/1 4831/2955/1
f 3974/6212/1 4877/6213/1 5790/6204/1
f 3977/6214/1 4879/6215/1 5899/6216/1
f 3976/5099/1 4878/6217/1 5900/6218/1
f 3980/5079/1 4880/6219/1 5870/6220/1
f 4881/6221/1 3985/4981/1 3982/5046/1
f 4879/6215/1 3986/5124/1 4870/4924/1
f 4928/6269/3 4927/5952/3 4753/5882/3
f 4933/6270/3 4932/5976/3 4764/1732/3
f 4935/6271/3 4934/5973/3 4763/5969/3
f 4937/6272/3 4936/5965/3 4762/5963/3
f 4939/6273/3 4938/5961/3 4760/5960/3
f 4941/6274/3 4940/5958/3 4758/5957/3
f 4943/6275/3 4942/5955/3 4756/5954/3
f 4929/6276/3 4926/5910/3 4755/5947/3
f 4943/6275/3 4906/6277/3 4903/6278/3
f 4941/6274/3 4906/6277/3 4943/6275/3
f 4939/6273/3 4913/6255/3 4941/6274/3
f 4937/6272/3 4911/6254/3 4939/6273/3
f 4935/6271/3 4909/6252/3 4937/6272/3
f 4933/6270/3 4945/6279/3 5376/6280/3
f 4930/6281/3 4923/6262/3 4920/6264/3
f 4929/6276/3 4944/6282/3 5324/6283/3
f 4949/6284/3 4948/6285/3 5017/6286/3
f 4953/6287/3 4952/6288/3 5043/6289/3
f 4953/6287/3 4956/6290/3 4955/6291/3
f 4955/6291/3 4958/6292/3 4957/6293/3
f 4957/6293/3 4960/6294/3 4959/6295/3
f 4959/6295/3 4962/6296/3 4961/6297/3
f 4961/6297/3 4949/6284/3 4950/6298/3
f 4950/6298/3 4947/6299/3 5246/6300/3
f 4966/6301/3 4965/6302/3 5048/6303/3
f 4966/6301/3 4955/6291/3 4967/6304/3
f 4967/6304/3 4957/6293/3 4968/6305/3
f 4968/6305/3 4959/6295/3 4969/6306/3
f 4969/6306/3 4961/6297/3 4970/6307/3
f 4970/6307/3 4950/6298/3 4964/6308/3
f 4964/6308/3 4963/6309/3 4901/6241/3
f 4973/6310/3 4972/6311/3 5051/6312/3
f 4973/6310/3 4967/6304/3 4974/6313/3
f 4974/6313/3 4968/6305/3 4975/6314/3
f 4975/6314/3 4969/6306/3 4976/6315/3
f 4976/6315/3 4970/6307/3 4977/6316/3
f 4977/6316/3 4964/6308/3 4971/6317/3
f 4978/6318/3 4889/6227/3 4890/6226/3
f 4980/6319/3 4979/6320/3 5054/6321/3
f 4980/6319/3 4974/6313/3 4981/6322/3
f 4981/6322/3 4975/6314/3 4982/6323/3
f 4982/6323/3 4976/6315/3 4983/6324/3
f 4983/6324/3 4977/6316/3 4984/6325/3
f 4984/6325/3 4971/6317/3 4978/6318/3
f 4985/6326/3 4890/6226/3 4893/6231/3
f 4987/1029/3 4986/6327/3 5057/6328/3
f 4987/1029/3 4981/6322/3 4988/6329/3
f 4988/6329/3 4982/6323/3 4989/6330/3
f 4989/6330/3 4983/6324/3 4990/6331/3
f 4990/6331/3 4984/6325/3 4991/6332/3
f 4991/6332/3 4978/6318/3 4985/6326/3
f 4992/6333/3 4893/6231/3 4896/6235/3
f 4994/6334/3 4993/6335/3 5060/6336/3
f 4994/6334/3 4988/6329/3 4995/6337/3
f 4995/6337/3 4989/6330/3 4996/6338/3
f 4996/6338/3 4990/6331/3 4997/6339/3
f 4997/6339/3 4991/6332/3 4998/6340/3
f 4998/6340/3 4985/6326/3 4992/6333/3
f 4992/6333/3 4899/6261/3 4915/6257/3
f 4994/6334/3 4999/6341/3 4924/6267/3
f 4994/6334/3 4919/6260/3 4999/6341/3
f 4995/6337/3 4918/6259/3 4919/6260/3
f 4996/6338/3 4917/6258/3 4918/6259/3
f 4997/6339/3 4916/6256/3 4917/6258/3
f 4998/6340/3 4915/6257/3 4916/6256/3
f 4962/6296/3 5000/6342/3 4949/6284/3
f 4960/6294/3 5001/6343/3 4962/6296/3
f 4958/6292/3 5003/6344/3 5079/6345/3
f 4956/6290/3 5003/6344/3 4958/6292/3
f 4954/6346/3 5004/6347/3 4956/6290/3
f 4954/6346/3 4951/6348/3 5044/6349/3
f 5000/6342/3 5007/6350/3 5016/6351/3
f 5000/6342/3 5009/6352/3 5008/6353/3
f 5001/6343/3 5010/6354/3 5009/6352/3
f 5007/6350/3 5008/6353/3 5011/6355/3
f 5012/6356/3 5015/6357/3 5022/6358/3
f 5327/6359/3 5017/6286/3 4948/6285/3
f 4948/6285/3 5016/6351/3 5012/6356/3
f 5007/6350/3 5011/6355/3 5919/6360/3
f 5919/6360/3 5018/6361/3 5012/6356/3
f 5015/6357/3 5018/6361/3 5019/6362/3
f 4849/6184/3 5021/6363/3 5020/6364/3
f 5021/6363/3 5023/6365/3 5014/6366/3
f 4850/6186/3 5024/6367/3 5021/6363/3
f 5024/6367/3 5025/6368/3 5314/6369/3
f 4853/6188/3 5026/6370/3 5024/6367/3
f 5026/6370/3 5027/6244/3 4902/6243/3
f 4855/6190/3 5028/6371/3 5026/6370/3
f 5028/6371/3 5029/6225/3 4886/6224/3
f 4857/6193/3 5030/6372/3 5028/6371/3
f 5030/6372/3 5031/6230/3 4885/6229/3
f 4859/6195/3 5032/6373/3 5030/6372/3
f 5032/6373/3 5033/6234/3 4891/6233/3
f 4861/6198/3 5034/6374/3 5032/6373/3
f 5034/6374/3 5035/6238/3 4894/6237/3
f 4863/6201/3 5036/6375/3 5034/6374/3
f 5036/6375/3 5037/6376/3 5318/6377/3
f 5318/6377/3 4897/6378/3 5034/6374/3
f 4865/6204/3 5038/6379/3 5036/6375/3
f 5038/6379/3 4928/6269/3 4946/6380/3
f 4867/6172/3 5039/5950/3 5038/6379/3
f 5038/6379/3 5039/5950/3 4750/5949/3
f 5020/6364/3 5022/6358/3 5015/6357/3
f 4849/6184/3 5040/6381/3 4870/6208/3
f 5041/6382/3 5044/6349/3 4951/6348/3
f 5042/6383/3 5046/6384/3 5096/6385/3
f 5042/6383/3 5043/6289/3 4952/6288/3
f 5047/6386/3 5049/6387/3 5095/6388/3
f 5047/6386/3 5048/6303/3 4965/6302/3
f 5050/6389/3 5052/6390/3 5099/6391/3
f 5050/6389/3 5051/6312/3 4972/6311/3
f 5053/6392/3 5055/6393/3 5093/6394/3
f 5093/6394/3 5101/6395/3 5050/6389/3
f 5053/6392/3 5054/6321/3 4979/6320/3
f 5056/6396/3 5058/6397/3 5084/6398/3
f 5056/6396/3 5057/6328/3 4986/6327/3
f 5059/6399/3 5061/6400/3 5083/6401/3
f 5059/6399/3 5060/6336/3 4993/6335/3
f 5062/6402/3 5064/6403/3 5087/6404/3
f 4922/6266/3 5066/6265/3 5065/6405/3
f 5062/6402/3 5063/6406/3 4925/6407/3
f 5065/6405/3 5067/6408/3 5089/6409/3
f 5065/6405/3 5066/6265/3 4923/6262/3
f 5065/6405/3 5091/6410/3 5067/6408/3
f 5091/6410/3 5065/6405/3 5068/6411/3
f 4930/6281/3 5070/1729/3 5068/6411/3
f 5068/6411/3 5070/1729/3 4766/1730/3
f 5041/6382/3 5073/6412/3 5072/6413/3
f 5072/6413/3 5074/6414/3 5006/6415/3
f 5004/6347/3 5076/6416/3 5936/6417/3
f 5005/6418/3 5077/6419/3 5935/6420/3
f 5006/6415/3 5074/6414/3 5937/6421/3
f 5079/6345/3 5075/6422/3 5078/6423/3
f 5080/6424/3 5071/1726/3 4768/6124/3
f 5080/6424/3 5081/6425/3 5069/6426/3
f 5085/6427/3 5084/6398/3 5058/6397/3
f 5086/6428/3 5083/6401/3 5061/6400/3
f 5088/6429/3 5087/6404/3 5064/6403/3
f 5090/6430/3 5089/6409/3 5067/6408/3
f 5094/6431/3 5093/6394/3 5055/6393/3
f 5097/6432/3 5096/6385/3 5046/6384/3
f 5098/6433/3 5095/6388/3 5049/6387/3
f 5100/6434/3 5099/6391/3 5052/6390/3
f 5103/6435/3 5073/6412/3 5045/6436/3
f 5792/7684/1 5791/6172/1 4874/6170/1
f 5797/7685/1 5795/6506/1 5794/6505/1
f 5792/7684/1 5796/7686/1 5797/7685/1
f 5799/5949/1 5798/5873/1 4873/6168/1
f 5801/5882/1 5794/6505/1 5800/5947/1
f 5799/5949/1 5797/7685/1 5801/5882/1
f 5803/7687/1 5802/6211/1 4876/6210/1
f 5805/7688/1 5800/5947/1 5804/6508/1
f 5803/7687/1 5801/5882/1 5805/7688/1
f 5806/7689/1 4814/1562/1 4816/2669/1
f 5808/7690/1 5804/6508/1 5807/6510/1
f 5806/7689/1 5805/7688/1 5808/7690/1
f 5806/7689/1 2608/3819/1 4814/1562/1
f 5808/7690/1 2978/3741/1 2979/3735/1
f 5808/7690/1 2979/3735/1 2612/165/1
f 2612/165/1 2611/7691/1 5806/7689/1
f 5793/7692/1 5810/6497/1 5796/7686/1
f 5796/7686/1 5812/6246/1 5795/6506/1
f 5811/6494/1 5790/6204/1 4877/6213/1
f 5816/7693/1 5814/6504/1 5813/6501/1
f 5817/7694/1 5820/7695/1 5942/6541/1
f 5817/7694/1 5822/7696/1 5821/7697/1
f 5821/7697/1 5815/7698/1 5816/7693/1
f 5815/7698/1 5823/6507/1 5814/6504/1
f 5818/7699/1 5819/7700/1 5943/6544/1
f 5818/7699/1 5827/7701/1 5822/7696/1
f 5822/7696/1 5824/7702/1 5815/7698/1
f 5824/7702/1 5828/5856/1 5823/6507/1
f 5825/7703/1 5826/7704/1 5944/6547/1
f 5825/7703/1 5832/5957/1 5827/7701/1
f 5827/7701/1 5829/5954/1 5824/7702/1
f 5829/5954/1 5833/6509/1 5828/5856/1
f 5830/5960/1 5831/5963/1 5945/6554/1
f 5830/5960/1 5837/7705/1 5832/5957/1
f 5832/5957/1 5834/7706/1 5829/5954/1
f 5834/7706/1 5838/1528/1 5833/6509/1
f 5835/7707/1 5836/7708/1 5860/7709/1
f 5835/7707/1 5842/1048/1 5837/7705/1
f 5837/7705/1 5839/7710/1 5834/7706/1
f 5839/7710/1 3002/3791/1 5838/1528/1
f 5841/1036/1 2997/3746/1 5840/7711/1
f 5840/7711/1 2995/3742/1 5842/1048/1
f 5842/1048/1 2996/3739/1 5839/7710/1
f 5821/7697/1 5844/6523/1 5843/6526/1
f 5817/7694/1 5843/6526/1 5845/6530/1
f 5845/6530/1 5846/6534/1 5941/6538/1
f 5816/7693/1 5847/6535/1 5844/6523/1
f 5849/1045/1 2998/3754/1 5841/1036/1
f 5851/942/1 5850/3944/1 3001/3760/1
f 5852/943/1 5853/3943/1 3000/3757/1
f 5854/939/1 5855/3942/1 2999/3752/1
f 5854/939/1 5857/6562/1 5856/6557/1
f 5852/943/1 5856/6557/1 5858/4726/1
f 5852/943/1 5859/4724/1 5851/942/1
f 5849/1045/1 5860/7709/1 5857/6562/1
f 5862/7712/1 4882/6500/1 4881/6221/1
f 5866/6511/1 5865/6502/1 5950/6499/1
f 5863/7713/1 5864/6498/1 5951/6496/1
f 5862/7712/1 5868/7714/1 5918/7715/1
f 5863/7713/1 5867/7716/1 5917/7717/1
f 5917/7717/1 5869/6536/1 5947/6235/1
f 4881/6221/1 5870/6220/1 5913/7718/1
f 5874/7719/1 5872/6540/1 5871/6555/1
f 5878/6404/1 5876/7720/1 5875/7721/1
f 5875/7721/1 5873/7722/1 5874/7719/1
f 5873/7722/1 5879/6543/1 5872/6540/1
f 5877/6409/1 5881/7723/1 5876/7720/1
f 5876/7720/1 5880/7724/1 5873/7722/1
f 5880/7724/1 5883/6546/1 5879/6543/1
f 5882/6410/1 5885/1782/1 5881/7723/1
f 5881/7723/1 5884/2268/1 5880/7724/1
f 5884/2268/1 5887/6549/1 5883/6546/1
f 5886/1784/1 5889/1778/1 5885/1782/1
f 5885/1782/1 5888/2328/1 5884/2268/1
f 5888/2328/1 5891/6556/1 5887/6549/1
f 5890/1727/1 5894/7725/1 5952/6561/1
f 5889/1778/1 5893/6560/1 5953/6559/1
f 5875/7721/1 5896/7726/1 5895/7727/1
f 5895/7727/1 5897/7728/1 6133/7729/1
f 5874/7719/1 5871/6555/1 5961/6533/1
f 5901/7730/1 5900/6218/1 4878/6217/1
f 5906/6514/1 5904/7731/1 5903/7732/1
f 5903/7732/1 5908/7733/1 5907/7734/1
f 5907/7734/1 5910/7735/1 5909/7736/1
f 5909/7736/1 5912/7737/1 5911/7738/1
f 5911/7738/1 5901/7730/1 5902/7739/1
f 5913/7718/1 5870/6220/1 4880/6219/1
f 5905/6513/1 5915/6525/1 5964/6527/1
f 5904/7731/1 5914/7740/1 5965/6521/1
f 5908/7733/1 5916/7741/1 5869/6536/1
f 5910/7735/1 5917/7717/1 5867/7716/1
f 5912/7737/1 5918/7715/1 5868/7714/1
f 5911/7738/1 5040/7742/1 5019/6699/1
f 5911/7738/1 5019/6699/1 5018/6583/1
f 5909/7736/1 5919/6580/1 5011/6581/1
f 5903/7732/1 5008/7743/1 5009/7744/1
f 5906/6514/1 5009/7744/1 5010/6518/1
f 5902/7739/1 5899/6216/1 4879/6215/1
f 5923/7745/1 5921/6515/1 5920/6512/1
f 5926/7746/1 5925/7747/1 6149/7748/1
f 5926/7746/1 5929/7749/1 5928/7750/1
f 5928/7750/1 5931/7751/1 5930/7752/1
f 5930/7752/1 5922/7753/1 5923/7745/1
f 5922/7753/1 5932/6516/1 5921/6515/1
f 5927/7754/1 5924/7755/1 6150/7756/1
f 5927/7754/1 5896/7726/1 5929/7749/1
f 5929/7749/1 5896/7726/1 5898/6532/1
f 5931/7751/1 5934/7757/1 5967/6531/1
f 5923/7745/1 5936/7758/1 5076/6753/1
f 5930/7752/1 5935/7759/1 5077/6752/1
f 5928/7750/1 5937/7760/1 5074/7761/1
f 5072/7762/1 5073/7763/1 6148/6395/1
f 5920/6512/1 5078/6519/1 5075/7764/1
f 5970/1223/6 2960/3906/6 5968/5569/6
f 2613/4801/6 4746/4758/6 2516/4755/6
f 5971/7857/6 2613/4801/6 2642/3887/6
f 5972/921/6 5973/3905/6 2958/5292/6
f 5974/5642/6 5975/3903/6 2959/3902/6
f 5974/5642/6 5977/6488/6 5976/6489/6
f 5972/921/6 5976/6489/6 5978/5391/6
f 5971/7857/6 5978/5391/6 5979/5398/6
f 5971/7857/6 4747/4760/6 4746/4758/6
f 5970/1223/6 5980/5669/6 5977/6488/6
f 5982/5830/6 2974/3924/6 5981/1212/6
f 5984/1300/6 2972/3923/6 5983/7858/6
f 5983/7858/6 2971/12/6 5985/2595/6
f 5985/2595/6 2970/3922/6 5986/5728/6
f 5986/5728/6 2968/3921/6 5987/5812/6
f 5987/5812/6 2969/3920/6 5982/5830/6
f 5987/5812/6 5989/5829/6 5988/5811/6
f 5986/5728/6 5988/5811/6 5990/4036/6
f 5985/2595/6 5990/4036/6 5991/15/6
f 5983/7858/6 5991/15/6 5992/2411/6
f 5984/1300/6 5992/2411/6 5993/3017/6
f 5982/5830/6 5994/4028/6 5989/5829/6
f 5998/7859/6 5996/4112/6 5995/4108/6
f 6001/7860/6 6000/6112/6 4775/6111/6
f 6001/7860/6 6004/7861/6 6003/7862/6
f 6003/7862/6 6006/7863/6 6005/7864/6
f 6005/7864/6 6008/7865/6 6007/7866/6
f 6007/7866/6 6010/7867/6 6009/7868/6
f 6009/7868/6 6012/3348/6 6011/7869/6
f 6011/7869/6 5997/7870/6 5998/7859/6
f 5997/7870/6 6013/4118/6 5996/4112/6
f 6002/7871/6 5999/6115/6 4776/6114/6
f 6002/7871/6 6017/7872/6 6004/7861/6
f 6004/7861/6 6018/7873/6 6006/7863/6
f 6006/7863/6 6019/5265/6 6008/7865/6
f 6008/7865/6 6020/5246/6 6010/7867/6
f 6010/7867/6 6021/6165/6 6012/3348/6
f 6012/3348/6 6014/7874/6 5997/7870/6
f 6014/7874/6 6022/4124/6 6013/4118/6
f 6016/7875/6 6015/6116/6 4728/2373/6
f 4728/2373/6 4729/2334/6 6024/1975/6
f 6016/7875/6 6025/1977/6 6017/7872/6
f 6017/7872/6 6026/2023/6 6018/7873/6
f 6018/7873/6 6027/1836/6 6019/5265/6
f 6019/5265/6 6028/7876/6 6020/5246/6
f 6020/5246/6 6029/7877/6 6021/6165/6
f 6021/6165/6 6023/7878/6 6014/7874/6
f 6023/7878/6 6030/25/6 6022/4124/6
f 6032/6492/6 4769/1950/6 4735/4806/6
f 6024/1975/6 6033/6491/6 6025/1977/6
f 6025/1977/6 6034/6490/6 6026/2023/6
f 6026/2023/6 6035/6487/6 6027/1836/6
f 6027/1836/6 6036/6485/6 6028/7876/6
f 6028/7876/6 6037/2440/6 6029/7877/6
f 6029/7877/6 6031/6484/6 6023/7878/6
f 5998/7859/6 6039/7879/6 6140/6464/6
f 6011/7869/6 6038/3361/6 6141/6467/6
f 6009/7868/6 6040/7880/6 6142/6470/6
f 6007/7866/6 6041/7881/6 6143/6473/6
f 6005/7864/6 6042/7882/6 6144/6476/6
f 6003/7862/6 6043/7883/6 6084/7884/6
f 6044/7885/6 6045/6109/6 4774/6108/6
f 5995/4108/6 6046/6478/6 6139/6463/6
f 6050/7886/6 6048/7887/6 6047/7796/6
f 6051/7888/6 6054/7889/6 6146/6454/6
f 6051/7888/6 6049/7890/6 6050/7886/6
f 6049/7890/6 6055/3482/6 6048/7887/6
f 6053/6482/6 6057/7891/6 6052/7892/6
f 6052/7892/6 6056/7893/6 6049/7890/6
f 6056/7893/6 6059/7894/6 6055/3482/6
f 6058/3529/6 6061/7895/6 6057/7891/6
f 6057/7891/6 6060/7896/6 6056/7893/6
f 6060/7896/6 6063/7897/6 6059/7894/6
f 6062/6479/6 6065/7898/6 6061/7895/6
f 6061/7895/6 6064/115/6 6060/7896/6
f 6064/115/6 6067/7899/6 6063/7897/6
f 6066/6480/6 6069/69/6 6065/7898/6
f 6065/7898/6 6068/5848/6 6064/115/6
f 6050/7886/6 6072/4167/6 6124/7900/6
f 6051/7888/6 6071/4139/6 6127/7901/6
f 6050/7886/6 6074/7902/6 6072/4167/6
f 6077/7903/6 6076/7904/6 6151/6440/6
f 6078/7905/6 6080/6101/6 4771/6100/6
f 6082/7906/6 6081/7907/6 6153/6442/6
f 6077/7903/6 6079/6104/6 4772/6103/6
f 6044/7885/6 6084/7884/6 6147/7908/6
f 6082/7906/6 6083/6106/6 4773/6105/6
f 5080/4915/6 4768/4917/6 4770/7909/6
f 6078/7905/6 6075/7910/6 6152/6437/6
f 6088/7911/6 6086/6457/6 6085/6456/6
f 6092/6439/6 6090/7912/6 6089/7913/6
f 6089/7913/6 6094/7914/6 6093/7915/6
f 6093/7915/6 6096/7916/6 6095/7917/6
f 6095/7917/6 6087/7918/6 6088/7911/6
f 6087/7918/6 6097/6459/6 6086/6457/6
f 6091/6438/6 6099/5489/6 6090/7912/6
f 6090/7912/6 6101/5493/6 6094/7914/6
f 6094/7914/6 6102/7919/6 6096/7916/6
f 6096/7916/6 6098/7920/6 6087/7918/6
f 6098/7920/6 6103/6460/6 6097/6459/6
f 6100/6441/6 6105/6475/6 6099/5489/6
f 6099/5489/6 6107/6472/6 6101/5493/6
f 6101/5493/6 6108/6469/6 6102/7919/6
f 6102/7919/6 6104/6466/6 6098/7920/6
f 6095/7917/6 5085/7921/6 5086/7922/6
f 6093/7915/6 5086/7922/6 5088/7923/6
f 6089/7913/6 5088/7923/6 5090/7924/6
f 6092/6439/6 5090/7924/6 5092/6444/6
f 6088/7911/6 5094/6462/6 5085/7921/6
f 6112/7925/6 6110/7926/6 6109/7927/6
f 6116/6461/6 6114/7928/6 6113/7929/6
f 6113/7929/6 6118/7930/6 6117/7931/6
f 6117/7931/6 6111/7932/6 6112/7925/6
f 6111/7932/6 6119/7933/6 6110/7926/6
f 6115/6455/6 6121/7934/6 6114/7928/6
f 6114/7928/6 6123/7935/6 6118/7930/6
f 6118/7930/6 6120/7936/6 6111/7932/6
f 6120/7936/6 6124/7900/6 6072/4167/6
f 6122/6458/6 6125/6451/6 6121/7934/6
f 6121/7934/6 6125/6451/6 6073/7937/6
f 6123/7935/6 6127/7901/6 6071/4139/6
f 6117/7931/6 5097/4196/6 5098/6691/6
f 6113/7929/6 5098/6691/6 5100/4129/6
f 6116/6461/6 5100/4129/6 5102/4130/6
f 6112/7925/6 5103/4194/6 5097/4196/6
f 5850/3944/1 5981/749/1 2974/3955/1
f 5851/942/1 5994/7949/1 5981/749/1
f 6047/6429/1 5877/6409/1 5878/6404/1
f 6048/6430/1 5882/6410/1 5877/6409/1
f 6055/7950/1 5886/1784/1 5882/6410/1
f 6059/7951/1 5890/1727/1 5886/1784/1
f 6063/7952/1 5894/7725/1 5890/1727/1
f 6047/6429/1 6133/7729/1 6074/7953/1
f 6110/8003/1 6149/7748/1 5925/7747/1
f 6119/8004/1 6150/7756/1 5924/7755/1
f 6074/7953/1 6133/7729/1 5897/7728/1
f 5103/8005/1 6148/6395/1 5073/7763/1
f 9/3/1 4/5/1 3/4/1
f 3/4/1 2/1/1 9/3/1
f 3699/6/1 6/13/1 5/12/1
f 5/12/1 3/4/1 3699/6/1
f 2367/10/1 9/3/1 2368/7/1
f 2369/8/1 8/31/1 7/9/1
f 2367/10/1 2368/7/1 2369/8/1
f 6/13/1 10/2595/1 12/3991/1
f 12/3991/1 11/3992/1 6/13/1
f 11/3992/1 2355/11/1 6/13/1
f 21/16/1 13/34/1 2372/14/1
f 2372/14/1 12/3991/1 10/2595/1
f 2365/15/1 14/24/1 21/16/1
f 2372/14/1 10/2595/1 2365/15/1
f 17/23/1 13/20/1 32/22/1
f 32/22/1 50/18/1 24/17/1
f 36/26/1 18/25/1 14/24/1
f 2357/27/1 20/28/1 36/26/1
f 20/28/1 19/30/1 36/26/1
f 7/9/1 8/31/1 35/33/1
f 35/33/1 19/30/1 7/9/1
f 13/34/1 21/16/1 18/25/1
f 27/37/1 25/8016/1 24/17/1
f 24/17/1 15/19/1 27/37/1
f 30/39/1 28/8017/1 27/37/1
f 27/37/1 23/36/1 30/39/1
f 31/40/1 30/39/1 26/38/1
f 41/47/1 44/44/1 32/46/1
f 32/46/1 16/35/1 41/47/1
f 2382/51/1 37/52/1 36/54/1
f 36/54/1 19/49/1 2382/51/1
f 2383/55/1 34/3056/1 16/21/1
f 16/21/1 18/53/1 2383/55/1
f 38/48/1 35/50/1 22/56/1
f 43/58/1 42/59/1 41/47/1
f 42/59/1 46/2446/1 45/60/1
f 45/60/1 44/44/1 42/59/1
f 45/60/1 48/2447/1 47/62/1
f 47/62/1 33/45/1 45/60/1
f 51/63/1 50/61/1 33/45/1
f 47/62/1 49/2448/1 51/63/1
f 51/63/1 53/2449/1 52/66/1
f 52/66/1 15/64/1 51/63/1
f 52/66/1 55/8018/1 54/68/1
f 54/68/1 23/65/1 52/66/1
f 54/68/1 56/2452/1 57/70/1
f 57/70/1 26/67/1 54/68/1
f 57/70/1 59/2455/1 58/73/1
f 58/73/1 29/69/1 57/70/1
f 58/73/1 62/2457/1 61/75/1
f 61/75/1 64/71/1 58/73/1
f 68/77/1 65/2458/1 64/71/1
f 64/71/1 61/75/1 68/77/1
f 72/80/1 69/2459/1 68/77/1
f 68/77/1 66/74/1 72/80/1
f 101/83/1 73/2460/1 72/80/1
f 72/80/1 70/78/1 101/83/1
f 78/84/1 77/109/1 76/85/1
f 88/89/1 81/95/1 80/8019/1
f 80/8019/1 79/87/1 88/89/1
f 85/92/1 82/88/1 79/87/1
f 79/87/1 83/90/1 85/92/1
f 87/93/1 86/105/1 85/92/1
f 90/94/1 89/101/1 81/95/1
f 94/96/1 93/130/1 92/97/1
f 90/94/1 97/102/1 96/104/1
f 96/104/1 121/99/1 90/94/1
f 118/107/1 96/104/1 2410/103/1
f 2406/108/1 86/105/1 118/107/1
f 86/105/1 98/106/1 118/107/1
f 101/83/1 115/114/1 77/109/1
f 78/84/1 102/8020/1 101/83/1
f 74/81/1 100/111/1 105/110/1
f 74/81/1 105/110/1 107/117/1
f 115/114/1 101/83/1 74/81/1
f 74/81/1 107/117/1 114/113/1
f 99/112/1 104/8021/1 103/4185/1
f 103/4185/1 106/115/1 99/112/1
f 94/128/1 91/126/1 76/85/1
f 76/85/1 77/109/1 115/114/1
f 115/114/1 116/124/1 94/128/1
f 2390/131/1 119/132/1 118/107/1
f 118/107/1 98/106/1 2390/131/1
f 2388/133/1 122/134/1 121/99/1
f 121/99/1 96/104/1 2388/133/1
f 2389/135/1 124/136/1 123/138/1
f 123/138/1 95/100/1 2389/135/1
f 2393/139/1 126/140/1 125/142/1
f 125/142/1 2434/137/1 2393/139/1
f 2391/143/1 128/8023/1 127/151/1
f 127/151/1 2433/141/1 2391/143/1
f 93/130/1 94/96/1 116/144/1
f 120/129/1 93/130/1 110/145/1
f 120/129/1 110/145/1 108/146/1
f 106/147/1 103/2469/1 120/129/1
f 3782/150/2 131/4725/2 130/2538/2
f 130/2538/2 129/148/2 3782/150/2
f 132/149/2 129/148/2 127/151/2
f 2068/156/1 136/161/1 135/8024/1
f 135/8024/1 548/154/1 2068/156/1
f 2065/157/1 139/165/1 138/158/1
f 136/161/1 2065/157/1 544/159/1
f 547/160/1 135/8024/1 136/161/1
f 141/162/1 137/153/1 134/155/1
f 1116/168/1 143/164/1 139/165/1
f 139/165/1 142/166/1 1116/168/1
f 1169/172/1 144/167/1 142/166/1
f 142/166/1 2076/169/1 1169/172/1
f 141/162/1 140/163/1 148/8025/1
f 148/8025/1 633/174/1 141/162/1
f 2095/178/1 149/173/1 147/175/1
f 147/175/1 151/176/1 2095/178/1
f 154/179/2 153/181/2 146/170/2
f 2135/187/2 159/2634/2 150/177/2
f 150/177/2 157/184/2 2135/187/2
f 163/188/3 162/298/3 161/189/3
f 1493/193/4 167/837/4 166/8026/4
f 166/8026/4 165/191/4 1493/193/4
f 171/194/4 170/201/4 169/195/4
f 173/197/4 171/194/4 168/196/4
f 1492/199/3 1496/838/3 174/200/3
f 170/201/4 166/8026/4 167/837/4
f 167/837/4 1492/199/4 170/201/4
f 164/192/4 165/191/4 177/3853/4
f 177/3853/4 176/203/4 164/192/4
f 181/209/4 180/205/4 185/207/4
f 186/208/4 178/218/4 181/209/4
f 212/212/4 179/206/4 180/205/4
f 180/205/4 183/210/4 212/212/4
f 1603/214/4 187/8027/4 186/208/4
f 186/208/4 185/207/4 1603/214/4
f 1606/215/4 189/790/4 188/216/4
f 178/218/4 186/208/4 187/8027/4
f 187/8027/4 1602/217/4 178/218/4
f 184/213/4 185/207/4 179/206/4
f 179/206/4 191/220/4 184/213/4
f 209/225/4 194/235/4 193/234/4
f 193/234/4 1582/223/4 209/225/4
f 208/229/4 195/222/4 192/224/4
f 192/224/4 1578/227/4 208/229/4
f 1579/231/4 188/216/4 189/790/4
f 189/790/4 190/221/4 1579/231/4
f 190/221/4 211/230/4 1579/231/4
f 205/237/4 202/232/4 193/234/4
f 193/234/4 194/235/4 205/237/4
f 198/233/4 202/232/4 1610/241/4
f 1610/241/4 1618/238/4 200/240/4
f 1609/244/4 205/237/4 199/236/4
f 199/236/4 204/242/4 1609/244/4
f 195/222/4 208/229/4 207/246/4
f 207/246/4 206/245/4 195/222/4
f 197/226/4 211/230/4 210/247/4
f 210/247/4 207/246/4 197/226/4
f 191/220/4 179/206/4 212/212/4
f 212/212/4 210/247/4 191/220/4
f 194/235/4 209/225/4 206/245/4
f 206/245/4 213/255/4 194/235/4
f 213/255/4 1622/248/4 194/235/4
f 207/246/4 215/1654/4 161/189/4
f 161/189/4 160/249/4 207/246/4
f 1241/252/4 215/1654/4 207/246/4
f 207/246/4 210/247/4 1241/252/4
f 1240/253/4 216/251/4 210/247/4
f 210/247/4 212/212/4 1240/253/4
f 206/245/4 214/250/4 1544/254/4
f 218/256/4 217/263/4 1632/257/4
f 1629/258/4 213/255/4 218/256/4
f 213/255/4 1544/254/4 218/256/4
f 1584/261/4 219/260/4 201/239/4
f 1620/262/4 203/243/4 1584/261/4
f 203/243/4 220/259/4 1584/261/4
f 220/259/4 204/242/4 1621/8028/4
f 1621/8028/4 217/263/4 220/259/4
f 1210/270/4 224/265/4 228/267/4
f 228/267/4 222/268/4 1210/270/4
f 227/271/4 225/269/4 222/268/4
f 233/273/4 230/277/4 229/285/4
f 229/285/4 228/267/4 233/273/4
f 240/275/4 231/276/4 169/195/4
f 169/195/4 174/200/4 240/275/4
f 230/277/4 233/273/4 168/196/4
f 168/196/4 169/195/4 230/277/4
f 223/266/4 224/265/4 1211/467/4
f 1211/467/4 172/198/4 223/266/4
f 172/198/4 168/196/4 223/266/4
f 1482/278/4 234/287/4 239/286/4
f 239/286/4 232/274/4 174/200/4
f 175/204/4 176/203/4 1482/278/4
f 239/286/4 174/200/4 1482/278/4
f 254/281/4 237/283/4 236/282/4
f 236/282/4 235/279/4 254/281/4
f 232/274/4 239/286/4 235/279/4
f 235/279/4 236/282/4 232/274/4
f 249/284/4 242/295/4 241/8029/4
f 241/8029/4 236/282/4 249/284/4
f 236/282/4 241/8029/4 1801/8030/4
f 1801/8030/4 229/285/4 236/282/4
f 229/285/4 231/276/4 236/282/4
f 1823/288/4 243/289/4 235/279/4
f 235/279/4 239/286/4 1823/288/4
f 238/280/4 235/279/4 243/289/4
f 248/291/4 247/301/4 246/292/4
f 242/295/4 249/284/4 247/301/4
f 247/301/4 248/291/4 242/295/4
f 248/291/4 245/293/4 252/296/4
f 163/300/4 162/298/4 248/291/4
f 162/298/4 226/272/4 248/291/4
f 226/272/4 1792/299/4 248/291/4
f 237/283/4 254/281/4 253/302/4
f 253/302/4 247/301/4 237/283/4
f 260/304/4 246/292/4 247/301/4
f 247/301/4 253/302/4 260/304/4
f 245/293/4 246/292/4 257/305/4
f 1724/308/4 252/296/4 245/293/4
f 245/293/4 256/306/4 1724/308/4
f 246/292/4 260/304/4 259/309/4
f 1838/311/4 261/312/4 256/306/4
f 256/306/4 257/305/4 1838/311/4
f 1832/313/4 263/817/4 258/307/4
f 258/307/4 256/306/4 1832/313/4
f 259/309/4 265/319/4 268/314/4
f 268/314/4 1836/316/4 259/309/4
f 1836/316/4 262/310/4 259/309/4
f 265/319/4 255/303/4 267/317/4
f 267/317/4 266/318/4 265/319/4
f 238/280/4 244/290/4 267/317/4
f 267/317/4 253/302/4 238/280/4
f 268/314/4 266/318/4 269/320/4
f 299/323/3 272/332/3 271/331/3
f 271/331/3 270/321/3 299/323/3
f 298/326/3 273/322/3 270/321/3
f 270/321/3 274/324/3 298/326/3
f 303/330/3 275/325/3 274/324/3
f 274/324/3 277/328/3 303/330/3
f 307/333/3 279/355/3 278/1830/3
f 278/1830/3 271/331/3 307/333/3
f 291/337/3 283/339/3 282/338/3
f 282/338/3 281/335/3 291/337/3
f 297/340/3 285/347/3 284/8031/3
f 284/8031/3 282/338/3 297/340/3
f 288/334/3 280/336/3 287/341/3
f 283/339/3 291/337/3 290/343/3
f 294/327/3 276/329/3 293/345/3
f 285/347/3 297/340/3 296/348/3
f 308/351/3 300/354/3 299/323/3
f 299/323/3 273/322/3 308/351/3
f 311/353/3 301/350/3 298/326/3
f 275/325/3 303/330/3 302/352/3
f 311/353/3 298/326/3 275/325/3
f 300/354/3 304/359/3 272/332/3
f 279/355/3 307/333/3 306/356/3
f 321/361/3 309/358/3 300/354/3
f 300/354/3 308/351/3 321/361/3
f 320/363/3 310/360/3 301/350/3
f 301/350/3 311/353/3 320/363/3
f 292/346/3 293/345/3 313/364/3
f 319/365/3 312/362/3 311/353/3
f 311/353/3 302/352/3 319/365/3
f 325/366/3 314/373/3 305/357/3
f 305/357/3 306/356/3 325/366/3
f 286/342/3 287/341/3 316/260/3
f 290/343/3 286/342/3 335/367/3
f 335/367/3 342/261/3 290/343/3
f 1224/368/3 295/349/3 296/348/3
f 296/348/3 289/344/3 1224/368/3
f 289/344/3 315/259/3 1224/368/3
f 320/363/3 312/362/3 319/365/3
f 382/372/3 323/374/3 325/366/3
f 325/366/3 309/358/3 382/372/3
f 309/358/3 322/370/3 382/372/3
f 314/373/3 325/366/3 323/374/3
f 337/379/3 329/375/3 1017/233/3
f 1017/233/3 327/377/3 337/379/3
f 336/383/3 330/378/3 1018/380/3
f 1018/380/3 331/381/3 336/383/3
f 340/387/3 332/382/3 1019/384/3
f 1019/384/3 333/385/3 340/387/3
f 329/375/3 335/367/3 316/260/3
f 345/389/3 338/392/3 337/379/3
f 337/379/3 330/378/3 345/389/3
f 348/391/3 339/388/3 336/383/3
f 336/383/3 332/382/3 348/391/3
f 346/393/3 342/261/3 335/367/3
f 335/367/3 329/375/3 346/393/3
f 338/392/3 345/389/3 344/397/3
f 344/397/3 1223/394/3 338/392/3
f 339/388/3 348/391/3 347/399/3
f 347/399/3 1226/396/3 339/388/3
f 360/419/3 349/418/3 443/504/3
f 360/419/3 443/504/3 1235/400/3
f 341/390/3 350/415/3 360/419/3
f 1228/398/3 348/391/3 1232/252/3
f 348/391/3 341/390/3 1232/252/3
f 360/419/3 1235/400/3 341/390/3
f 315/259/3 342/261/3 346/393/3
f 346/393/3 343/395/3 315/259/3
f 1016/406/3 353/401/3 1194/403/3
f 1194/403/3 351/404/3 1016/406/3
f 1015/408/3 354/405/3 1195/188/3
f 1195/188/3 355/269/3 1015/408/3
f 365/410/3 356/407/3 355/269/3
f 365/410/3 355/269/3 1202/270/3
f 415/266/3 357/420/3 365/410/3
f 1205/411/3 444/409/3 365/410/3
f 444/409/3 415/266/3 365/410/3
f 318/369/3 319/365/3 313/364/3
f 1012/413/3 318/369/3 1198/412/3
f 1198/412/3 352/402/3 1012/413/3
f 334/386/3 333/385/3 359/414/3
f 422/416/3 361/417/3 360/419/3
f 360/419/3 350/415/3 422/416/3
f 361/417/3 362/472/3 349/418/3
f 357/420/3 364/277/3 363/285/3
f 369/421/3 368/437/3 367/422/3
f 373/424/3 372/434/3 371/425/3
f 1021/431/3 363/285/3 364/277/3
f 364/277/3 1002/427/3 1021/431/3
f 1002/427/3 398/429/3 1021/431/3
f 386/301/3 377/441/3 369/421/3
f 372/434/3 373/424/3 386/301/3
f 373/424/3 378/432/3 386/301/3
f 368/437/3 369/421/3 377/441/3
f 377/441/3 380/435/3 368/437/3
f 324/371/3 381/310/3 380/435/3
f 380/435/3 383/438/3 324/371/3
f 394/440/3 384/449/3 387/439/3
f 387/439/3 386/301/3 378/432/3
f 378/432/3 385/284/3 394/440/3
f 377/441/3 386/301/3 387/439/3
f 387/439/3 383/438/3 377/441/3
f 1024/442/3 388/318/3 383/438/3
f 383/438/3 387/439/3 1024/442/3
f 1023/444/3 389/317/3 387/439/3
f 387/439/3 384/449/3 1023/444/3
f 384/449/3 395/443/3 1023/444/3
f 323/374/3 382/372/3 383/438/3
f 383/438/3 388/318/3 323/374/3
f 401/448/3 396/451/3 395/443/3
f 399/450/3 401/448/3 384/449/3
f 384/449/3 394/440/3 391/447/3
f 391/447/3 392/446/3 399/450/3
f 396/451/3 397/455/3 390/290/3
f 392/446/3 393/445/3 398/429/3
f 398/429/3 400/452/3 392/446/3
f 404/454/3 401/448/3 399/450/3
f 399/450/3 400/452/3 404/454/3
f 404/454/3 403/456/3 396/451/3
f 403/456/3 406/459/3 405/458/3
f 405/458/3 397/455/3 403/456/3
f 1003/457/3 407/8032/3 400/452/3
f 400/452/3 398/429/3 1003/457/3
f 402/453/3 400/452/3 407/8032/3
f 407/8032/3 408/287/3 402/453/3
f 439/197/3 411/463/3 410/465/3
f 410/465/3 1026/461/3 439/197/3
f 441/466/3 414/494/3 413/493/3
f 413/493/3 1025/464/3 441/466/3
f 438/467/3 412/460/3 409/462/3
f 409/462/3 415/266/3 438/467/3
f 436/210/3 416/500/3 419/8033/3
f 419/8033/3 418/468/3 436/210/3
f 440/471/3 417/469/3 418/468/3
f 418/468/3 421/570/3 500/470/3
f 500/470/3 420/501/3 440/471/3
f 361/417/3 422/416/3 419/8033/3
f 419/8033/3 416/500/3 361/417/3
f 416/500/3 437/253/3 361/417/3
f 468/476/3 425/497/3 424/5801/3
f 424/5801/3 644/474/3 468/476/3
f 467/480/3 426/473/3 423/475/3
f 423/475/3 647/478/3 467/480/3
f 473/484/3 428/477/3 427/479/3
f 427/479/3 649/482/3 473/484/3
f 476/488/3 430/481/3 429/483/3
f 429/483/3 651/486/3 476/488/3
f 479/492/3 432/485/3 431/487/3
f 431/487/3 653/490/3 479/492/3
f 482/496/3 434/489/3 433/491/3
f 433/491/3 413/493/3 482/496/3
f 643/499/3 424/5801/3 425/497/3
f 425/497/3 157/566/3 150/498/3
f 150/498/3 151/8034/3 643/499/3
f 412/460/3 438/467/3 437/253/3
f 437/253/3 416/500/3 412/460/3
f 411/463/3 439/197/3 436/210/3
f 436/210/3 417/469/3 411/463/3
f 414/494/3 441/466/3 440/471/3
f 440/471/3 420/501/3 414/494/3
f 420/501/3 485/503/3 414/494/3
f 358/265/3 444/409/3 349/418/3
f 349/418/3 362/472/3 358/265/3
f 1184/508/3 447/546/3 446/564/3
f 446/564/3 471/506/3 1184/508/3
f 1183/512/3 448/505/3 445/507/3
f 445/507/3 472/510/3 1183/512/3
f 1182/516/3 450/509/3 449/511/3
f 449/511/3 475/514/3 1182/516/3
f 1181/520/3 452/513/3 451/515/3
f 451/515/3 478/518/3 1181/520/3
f 1180/521/3 454/517/3 453/519/3
f 521/525/3 1180/521/3 481/522/3
f 481/522/3 455/523/3 521/525/3
f 507/529/3 456/524/3 484/526/3
f 484/526/3 457/527/3 507/529/3
f 506/533/3 458/528/3 487/530/3
f 487/530/3 459/531/3 506/533/3
f 515/537/3 460/532/3 490/534/3
f 490/534/3 461/535/3 515/537/3
f 1186/541/3 462/536/3 493/538/3
f 493/538/3 463/539/3 1186/541/3
f 1185/545/3 464/540/3 496/542/3
f 496/542/3 466/543/3 1185/545/3
f 146/548/3 153/2639/3 446/564/3
f 446/564/3 447/546/3 146/548/3
f 1187/568/3 466/543/3 496/542/3
f 496/542/3 494/563/3 1187/568/3
f 494/563/3 495/575/3 498/569/3
f 488/558/3 501/556/3 500/470/3
f 500/470/3 421/570/3 488/558/3
f 491/561/3 502/559/3 499/571/3
f 499/571/3 658/572/3 491/561/3
f 495/575/3 504/562/3 503/573/3
f 659/574/3 505/8035/3 498/569/3
f 495/575/3 503/573/3 659/574/3
f 501/556/3 442/502/3 420/501/3
f 458/528/3 506/533/3 509/580/3
f 509/580/3 508/576/3 458/528/3
f 513/577/3 512/587/3 511/578/3
f 510/579/3 511/578/3 508/576/3
f 460/532/3 515/537/3 514/583/3
f 514/583/3 509/580/3 460/532/3
f 1193/582/3 516/8036/3 513/577/3
f 513/577/3 510/579/3 1193/582/3
f 1192/584/3 517/581/3 510/579/3
f 510/579/3 509/580/3 1192/584/3
f 1189/586/3 518/590/3 508/576/3
f 508/576/3 511/578/3 1189/586/3
f 1188/589/3 519/585/3 511/578/3
f 511/578/3 512/587/3 1188/589/3
f 456/524/3 507/529/3 508/576/3
f 508/576/3 518/590/3 456/524/3
f 551/594/4 524/629/4 523/8037/4
f 523/8037/4 1115/592/4 551/594/4
f 550/595/4 525/591/4 522/593/4
f 556/599/4 550/595/4 1113/596/4
f 1113/596/4 526/597/4 556/599/4
f 555/603/4 527/598/4 1111/600/4
f 1111/600/4 528/601/4 555/603/4
f 561/607/4 529/602/4 1108/604/4
f 1108/604/4 530/605/4 561/607/4
f 564/612/4 531/606/4 1109/611/4
f 1109/611/4 615/609/4 564/612/4
f 568/613/4 533/608/4 532/610/4
f 572/617/4 568/613/4 605/614/4
f 605/614/4 534/615/4 572/617/4
f 571/621/4 535/616/4 606/618/4
f 606/618/4 536/619/4 571/621/4
f 611/622/4 538/624/4 539/623/4
f 539/623/4 537/620/4 611/622/4
f 1120/625/4 540/627/4 541/626/4
f 541/626/4 539/623/4 1120/625/4
f 1121/628/4 543/1356/4 542/678/4
f 542/678/4 541/626/4 1121/628/4
f 138/631/4 143/8038/4 523/8037/4
f 523/8037/4 524/629/4 138/631/4
f 135/634/4 547/635/4 546/636/4
f 546/636/4 545/632/4 135/634/4
f 547/635/4 544/630/4 524/629/4
f 527/598/4 555/603/4 558/648/4
f 558/648/4 557/647/4 527/598/4
f 587/650/4 559/660/4 557/647/4
f 557/647/4 558/648/4 587/650/4
f 529/602/4 561/607/4 562/651/4
f 562/651/4 558/648/4 529/602/4
f 589/653/4 560/649/4 558/648/4
f 558/648/4 562/651/4 589/653/4
f 531/606/4 564/612/4 565/654/4
f 565/654/4 562/651/4 531/606/4
f 591/656/4 563/652/4 562/651/4
f 562/651/4 565/654/4 591/656/4
f 533/608/4 568/613/4 567/657/4
f 567/657/4 565/654/4 533/608/4
f 593/659/4 566/655/4 565/654/4
f 565/654/4 567/657/4 593/659/4
f 559/660/4 554/8040/4 549/661/4
f 557/647/4 549/661/4 550/595/4
f 577/672/4 576/673/4 537/620/4
f 576/673/4 577/672/4 579/674/4
f 580/676/4 577/672/4 539/623/4
f 577/672/4 580/676/4 581/677/4
f 580/676/4 541/626/4 542/678/4
f 580/676/4 582/679/4 583/680/4
f 570/681/4 576/673/4 578/675/4
f 576/673/4 570/681/4 571/621/4
f 553/684/4 584/8042/4 586/686/4
f 586/686/4 585/683/4 553/684/4
f 586/686/4 584/8042/4 554/8040/4
f 554/8040/4 559/660/4 586/686/4
f 560/649/4 589/653/4 590/687/4
f 590/687/4 588/685/4 560/649/4
f 563/652/4 591/656/4 592/688/4
f 592/688/4 590/687/4 563/652/4
f 566/655/4 593/659/4 594/689/4
f 594/689/4 592/688/4 566/655/4
f 596/691/4 594/689/4 569/658/4
f 574/690/4 595/692/4 596/691/4
f 575/682/4 578/675/4 597/867/4
f 597/867/4 596/691/4 575/682/4
f 598/693/4 597/867/4 578/675/4
f 599/694/4 598/693/4 579/674/4
f 599/694/4 581/677/4 583/680/4
f 140/698/4 134/696/4 545/632/4
f 545/632/4 585/683/4 140/698/4
f 604/699/4 603/704/4 602/700/4
f 534/615/4 605/614/4 608/703/4
f 608/703/4 607/702/4 534/615/4
f 601/701/4 602/700/4 607/702/4
f 603/704/4 610/1365/4 609/705/4
f 536/619/4 606/618/4 607/702/4
f 607/702/4 612/8043/4 1128/706/4
f 1128/706/4 611/622/4 536/619/4
f 1127/707/4 612/8043/4 607/702/4
f 607/702/4 602/700/4 1127/707/4
f 601/701/4 608/703/4 614/708/4
f 532/610/4 615/609/4 614/708/4
f 614/708/4 608/703/4 532/610/4
f 604/699/4 601/701/4 613/709/4
f 634/713/5 619/718/5 618/717/5
f 618/717/5 617/711/5 634/713/5
f 638/716/5 620/712/5 617/711/5
f 617/711/5 622/714/5 638/716/5
f 635/719/5 624/756/5 623/742/5
f 623/742/5 618/717/5 635/719/5
f 645/722/5 625/746/5 585/745/5
f 585/745/5 586/720/5 645/722/5
f 648/725/5 626/721/5 586/720/5
f 586/720/5 588/723/5 648/725/5
f 650/728/5 627/724/5 588/723/5
f 588/723/5 590/726/5 650/728/5
f 652/731/5 628/727/5 590/726/5
f 590/726/5 592/729/5 652/731/5
f 654/734/5 629/730/5 592/729/5
f 592/729/5 594/732/5 654/734/5
f 655/737/5 630/733/5 594/732/5
f 594/732/5 596/735/5 655/737/5
f 765/740/5 631/736/5 596/735/5
f 596/735/5 597/738/5 765/740/5
f 623/742/5 632/739/5 597/738/5
f 597/738/5 598/741/5 623/742/5
f 617/711/5 618/717/5 598/741/5
f 617/711/5 599/743/5 600/744/5
f 646/747/5 633/8044/5 148/8045/5
f 148/8045/5 585/745/5 646/747/5
f 657/750/5 636/748/5 619/718/5
f 619/718/5 634/713/5 657/750/5
f 656/752/5 637/749/5 620/712/5
f 620/712/5 638/716/5 656/752/5
f 621/715/5 1074/753/5 660/8046/5
f 660/8046/5 639/751/5 621/715/5
f 1131/755/5 660/8046/5 1074/753/5
f 1074/753/5 641/8047/5 640/754/5
f 636/748/5 642/775/5 624/756/5
f 625/746/5 645/722/5 644/759/5
f 644/759/5 424/757/5 625/746/5
f 626/721/5 648/725/5 647/761/5
f 647/761/5 423/758/5 626/721/5
f 627/724/5 650/728/5 649/763/5
f 649/763/5 427/760/5 627/724/5
f 628/727/5 652/731/5 651/765/5
f 651/765/5 429/762/5 628/727/5
f 629/730/5 654/734/5 653/8048/5
f 653/8048/5 431/764/5 629/730/5
f 433/768/5 653/8048/5 654/734/5
f 654/734/5 630/733/5 433/768/5
f 630/733/5 997/766/5 433/768/5
f 147/770/5 633/8044/5 646/747/5
f 646/747/5 643/170/5 147/770/5
f 503/773/5 658/771/5 637/749/5
f 637/749/5 656/752/5 503/773/5
f 639/751/5 660/8046/5 505/8049/5
f 505/8049/5 659/772/5 639/751/5
f 499/776/5 421/774/5 636/748/5
f 636/748/5 657/750/5 499/776/5
f 841/779/4 664/794/4 663/8050/4
f 663/8050/4 662/777/4 841/779/4
f 676/783/4 667/784/4 666/786/4
f 666/786/4 688/781/4 676/783/4
f 679/787/4 670/788/4 669/789/4
f 669/789/4 691/785/4 679/787/4
f 681/790/4 672/796/4 671/803/4
f 671/803/4 693/221/4 681/790/4
f 675/793/4 668/780/4 665/782/4
f 665/782/4 689/792/4 675/793/4
f 689/792/4 853/791/4 675/793/4
f 820/223/4 677/224/4 668/780/4
f 668/780/4 675/793/4 820/223/4
f 818/227/4 680/228/4 667/784/4
f 667/784/4 676/783/4 818/227/4
f 814/231/4 682/216/4 670/788/4
f 670/788/4 679/787/4 814/231/4
f 683/209/4 663/8050/4 664/794/4
f 815/218/4 683/209/4 840/795/4
f 815/218/4 840/795/4 842/8051/4
f 681/790/4 682/216/4 815/218/4
f 815/218/4 842/8051/4 672/796/4
f 854/238/4 685/239/4 684/240/4
f 678/234/4 675/793/4 674/232/4
f 674/232/4 852/241/4 678/234/4
f 665/782/4 688/781/4 687/222/4
f 687/222/4 716/797/4 665/782/4
f 666/786/4 691/785/4 690/226/4
f 690/226/4 714/798/4 666/786/4
f 669/789/4 693/221/4 692/220/4
f 692/220/4 712/799/4 669/789/4
f 661/778/4 662/777/4 694/205/4
f 694/205/4 701/800/4 661/778/4
f 711/802/4 692/220/4 693/221/4
f 671/803/4 843/801/4 711/802/4
f 843/801/4 701/800/4 711/802/4
f 673/237/4 689/792/4 686/235/4
f 686/235/4 696/242/4 673/237/4
f 697/260/4 684/240/4 685/239/4
f 768/805/4 697/260/4 695/243/4
f 695/243/4 696/242/4 768/805/4
f 862/809/4 857/806/4 694/205/4
f 694/205/4 700/807/4 862/809/4
f 873/812/4 705/8052/4 704/8053/4
f 704/8053/4 703/810/4 873/812/4
f 874/813/4 707/8054/4 710/198/4
f 825/197/4 704/8053/4 705/8052/4
f 705/8052/4 872/814/4 825/197/4
f 872/814/4 710/198/4 825/197/4
f 710/198/4 699/808/4 825/197/4
f 767/818/4 698/259/4 696/242/4
f 696/242/4 708/816/4 767/818/4
f 692/220/4 711/802/4 856/8055/4
f 692/220/4 856/8055/4 863/8056/4
f 713/819/4 712/799/4 692/220/4
f 706/815/4 710/198/4 713/819/4
f 692/220/4 863/8056/4 706/815/4
f 690/226/4 712/799/4 713/819/4
f 713/819/4 715/820/4 690/226/4
f 687/222/4 714/798/4 715/820/4
f 715/820/4 717/296/4 687/222/4
f 686/235/4 716/797/4 717/296/4
f 717/296/4 708/816/4 686/235/4
f 747/822/4 718/827/4 708/816/4
f 708/816/4 717/296/4 747/822/4
f 717/296/4 715/820/4 720/823/4
f 715/820/4 713/819/4 721/824/4
f 713/819/4 710/198/4 707/8054/4
f 707/8054/4 732/825/4 713/819/4
f 773/828/4 709/817/4 708/816/4
f 708/816/4 718/827/4 773/828/4
f 906/193/4 727/837/4 726/8026/4
f 726/8026/4 725/191/4 906/193/4
f 742/832/4 730/833/4 729/835/4
f 729/835/4 886/830/4 742/832/4
f 722/826/4 732/825/4 875/8057/4
f 875/8057/4 702/811/4 722/826/4
f 702/811/4 826/834/4 722/826/4
f 887/836/4 726/8026/4 727/837/4
f 741/839/4 731/829/4 728/831/4
f 728/831/4 887/836/4 741/839/4
f 887/836/4 905/199/4 741/839/4
f 907/838/4 733/200/4 741/839/4
f 724/192/4 725/191/4 736/3853/4
f 736/3853/4 735/203/4 724/192/4
f 740/840/4 739/303/4 738/319/4
f 731/829/4 741/839/4 744/844/4
f 744/844/4 743/842/4 731/829/4
f 746/843/4 745/845/4 743/842/4
f 739/303/4 740/840/4 745/845/4
f 719/821/4 740/840/4 737/841/4
f 730/833/4 742/832/4 743/842/4
f 743/842/4 721/824/4 730/833/4
f 745/845/4 720/823/4 721/824/4
f 740/840/4 719/821/4 720/823/4
f 950/847/4 748/850/4 739/303/4
f 739/303/4 746/843/4 950/847/4
f 949/289/4 749/846/4 746/843/4
f 746/843/4 744/844/4 949/289/4
f 890/849/4 891/287/4 744/844/4
f 744/844/4 741/839/4 733/200/4
f 734/204/4 735/203/4 890/849/4
f 744/844/4 733/200/4 890/849/4
f 739/303/4 748/850/4 753/852/4
f 754/853/4 738/319/4 739/303/4
f 992/855/4 755/8058/4 754/853/4
f 754/853/4 753/852/4 992/855/4
f 737/841/4 738/319/4 757/856/4
f 747/822/4 737/841/4 756/857/4
f 993/858/4 758/864/4 757/856/4
f 738/319/4 754/853/4 755/8058/4
f 755/8058/4 991/859/4 738/319/4
f 752/854/4 753/852/4 751/851/4
f 751/851/4 760/861/4 752/854/4
f 800/316/4 761/863/4 756/857/4
f 756/857/4 757/856/4 800/316/4
f 801/311/4 723/413/4 718/827/4
f 718/827/4 756/857/4 801/311/4
f 763/320/4 762/315/4 758/864/4
f 759/862/4 760/861/4 763/320/4
f 632/867/4 623/8059/4 764/871/4
f 764/871/4 766/865/4 632/867/4
f 1001/870/4 768/805/4 698/259/4
f 698/259/4 767/818/4 1001/870/4
f 767/818/4 770/868/4 1001/870/4
f 1000/872/4 769/869/4 770/868/4
f 770/868/4 766/865/4 1000/872/4
f 770/868/4 772/8060/4 771/873/4
f 709/817/4 773/828/4 772/8060/4
f 772/8060/4 770/868/4 709/817/4
f 631/691/4 765/866/4 766/865/4
f 766/865/4 771/873/4 631/691/4
f 697/899/6 768/8061/6 799/900/6
f 761/904/6 800/906/6 803/905/6
f 803/905/6 802/902/6 761/904/6
f 762/907/6 763/8062/6 804/1212/6
f 804/1212/6 803/905/6 762/907/6
f 723/910/6 801/903/6 802/902/6
f 802/902/6 805/908/6 723/910/6
f 1013/916/1 808/911/1 934/913/1
f 934/913/1 806/914/1 1013/916/1
f 1011/920/1 809/915/1 935/917/1
f 912/918/1 811/5737/1 810/919/1
f 1011/920/1 935/917/1 912/918/1
f 1014/924/1 813/921/1 936/923/1
f 936/923/1 807/912/1 1014/924/1
f 1004/930/2 816/925/2 682/927/2
f 682/927/2 814/928/2 1004/930/2
f 680/931/2 818/932/2 819/924/2
f 819/924/2 817/929/2 680/931/2
f 677/933/2 820/936/2 821/916/2
f 821/916/2 819/924/2 677/933/2
f 678/937/2 684/934/2 798/920/2
f 798/920/2 821/916/2 678/937/2
f 1005/938/2 822/1223/2 683/5403/2
f 683/5403/2 815/926/2 1005/938/2
f 700/940/5 694/739/5 824/943/5
f 824/943/5 823/939/5 700/940/5
f 662/944/5 663/941/5 822/942/5
f 822/942/5 824/943/5 662/944/5
f 703/948/5 704/945/5 823/939/5
f 823/939/5 827/946/5 703/948/5
f 881/1030/5 879/1039/5 878/1031/5
f 880/1035/5 881/1030/5 911/1032/5
f 911/1032/5 877/1033/5 880/1035/5
f 776/1037/5 796/1190/5 880/1035/5
f 880/1035/5 876/1034/5 776/1037/5
f 883/1038/5 882/1219/5 879/1039/5
f 728/1044/5 886/1040/5 1006/1038/5
f 1006/1038/5 884/1042/5 728/1044/5
f 729/1046/5 826/947/5 1008/1045/5
f 1008/1045/5 885/1041/5 729/1046/5
f 726/727/5 887/1043/5 884/1042/5
f 725/1050/5 726/727/5 1007/1047/5
f 1007/1047/5 888/1048/5 725/1050/5
f 735/978/1 736/1051/1 1009/1053/1
f 1010/1054/1 889/1055/1 735/978/1
f 889/1055/1 890/8070/1 735/978/1
f 951/1056/1 891/935/1 890/8070/1
f 890/8070/1 889/1055/1 951/1056/1
f 913/1059/6 895/8071/6 894/1093/6
f 894/1093/6 893/1057/6 913/1059/6
f 879/1076/2 882/930/2 910/1256/2
f 910/1256/2 909/1074/2 879/1076/2
f 896/363/3 811/369/3 877/311/3
f 811/369/3 912/413/3 877/311/3
f 909/370/3 895/360/3 911/863/3
f 895/360/3 913/1077/3 911/863/3
f 810/1078/11 811/8075/11 896/1079/11
f 894/1081/12 895/8076/12 909/1082/12
f 982/1059/6 917/1087/6 921/1089/6
f 921/1089/6 918/1084/6 982/1059/6
f 791/1091/6 792/902/6 915/1085/6
f 915/1085/6 918/1084/6 791/1091/6
f 921/1089/6 916/1088/6 920/1092/6
f 925/1098/2 924/1094/2 926/1096/2
f 927/1097/2 922/1102/2 925/1098/2
f 914/1100/2 915/1110/2 933/1109/2
f 933/1109/2 930/1099/2 914/1100/2
f 925/1098/2 922/1102/2 876/1076/2
f 778/1104/2 774/1101/2 876/1076/2
f 876/1076/2 922/1102/2 778/1104/2
f 929/1105/2 928/1260/2 927/1097/2
f 932/1106/2 931/1262/2 923/1095/2
f 788/1112/2 784/1107/2 933/1109/2
f 933/1109/2 915/1110/2 788/1112/2
f 806/1114/3 934/1115/3 924/425/3
f 924/425/3 925/879/3 806/1114/3
f 807/1116/3 936/8077/3 914/1194/3
f 914/1194/3 924/425/3 807/1116/3
f 912/413/3 935/1113/3 925/879/3
f 749/1129/1 949/936/1 948/1130/1
f 948/1130/1 947/1128/1 749/1129/1
f 750/1131/1 891/935/1 951/1056/1
f 951/1056/1 948/1130/1 750/1131/1
f 950/932/1 947/1128/1 952/1132/1
f 972/916/1 971/924/1 947/1128/1
f 972/916/1 948/1130/1 951/1056/1
f 971/924/1 973/1293/1 952/1132/1
f 751/1186/1 748/1133/1 952/1132/1
f 952/1132/1 973/1293/1 751/1186/1
f 973/1293/1 974/1182/1 751/1186/1
f 760/995/1 974/1182/1 804/930/1
f 981/1032/5 975/1189/5 1020/1036/5
f 1022/1190/5 977/1038/5 981/1032/5
f 977/1038/5 976/8097/5 981/1032/5
f 916/1110/2 917/1100/2 979/8098/2
f 979/8098/2 980/1191/2 916/1110/2
f 914/1194/3 936/8077/3 812/410/3
f 812/410/3 975/285/3 914/1194/3
f 975/285/3 981/1192/3 914/1194/3
f 979/447/3 917/440/3 982/1193/3
f 982/1193/3 981/1192/3 976/445/3
f 978/1195/13 975/8099/13 812/1196/13
f 980/1198/14 979/8100/14 976/1199/14
f 996/938/1 995/1202/1 771/1201/1
f 996/938/1 772/951/1 773/1187/1
f 995/1202/1 997/1300/1 655/1203/1
f 769/972/2 1000/1206/2 999/1205/2
f 999/1205/2 998/919/2 769/972/2
f 764/1207/2 623/174/2 624/1321/2
f 624/1321/2 642/1563/2 764/1207/2
f 642/1563/2 999/1205/2 764/1207/2
f 1001/1204/2 998/919/2 799/920/2
f 798/901/6 799/900/6 422/1208/6
f 375/1211/6 1002/1217/6 802/902/6
f 802/902/6 803/905/6 375/1211/6
f 407/1214/6 1003/1210/6 803/905/6
f 803/905/6 804/1212/6 407/1214/6
f 364/1218/6 357/1215/6 805/908/6
f 805/908/6 802/902/6 364/1218/6
f 381/764/5 324/8101/5 882/1219/5
f 287/1221/2 280/1222/2 1005/938/2
f 1005/938/2 816/925/2 287/1221/2
f 280/1222/2 281/1617/2 822/1223/2
f 884/1042/5 1006/1038/5 270/764/5
f 270/764/5 271/762/5 884/1042/5
f 885/1041/5 1008/1045/5 274/768/5
f 274/768/5 270/764/5 885/1041/5
f 827/946/5 823/939/5 277/1641/5
f 277/1641/5 274/768/5 827/946/5
f 284/1247/5 277/1641/5 823/939/5
f 823/939/5 824/943/5 284/1247/5
f 824/943/5 822/942/5 281/776/5
f 888/1048/5 1007/1047/5 271/762/5
f 888/1052/1 278/8106/1 279/1249/1
f 305/1250/1 1010/1054/1 1009/1053/1
f 889/1055/1 1010/1054/1 314/1252/1
f 314/1252/1 326/1253/1 889/1055/1
f 893/1057/6 894/1093/6 310/1254/6
f 882/930/2 324/1220/2 322/1255/2
f 810/919/1 318/1302/1 1012/1253/1
f 893/1080/11 320/8108/11 318/1257/11
f 910/1083/12 322/8109/12 310/1258/12
f 366/1259/2 367/1280/2 928/1260/2
f 370/1261/2 371/1267/2 931/1262/2
f 354/1265/1 1015/1263/1 808/911/1
f 808/911/1 1013/916/1 354/1265/1
f 353/1266/1 1016/1264/1 809/915/1
f 809/915/1 1011/920/1 353/1266/1
f 356/1259/1 365/8110/1 813/921/1
f 813/921/1 1014/924/1 356/1259/1
f 327/1267/2 1017/1270/2 817/929/2
f 817/929/2 819/924/2 327/1267/2
f 331/1268/2 1018/1263/2 819/924/2
f 819/924/2 821/916/2 331/1268/2
f 333/1269/2 1019/1264/2 821/916/2
f 821/916/2 798/920/2 333/1269/2
f 328/1271/2 316/1220/2 1004/930/2
f 1004/930/2 817/929/2 328/1271/2
f 363/1277/5 1021/1281/5 1020/1036/5
f 813/1197/13 365/8111/13 363/1278/13
f 1020/1036/5 1021/1281/5 374/1282/5
f 919/1093/6 920/1092/6 394/1283/6
f 389/1290/1 1023/1263/1 971/924/1
f 971/924/1 972/916/1 389/1290/1
f 388/1291/1 1024/1264/1 972/916/1
f 972/916/1 892/920/1 388/1291/1
f 971/924/1 1023/1263/1 390/1292/1
f 397/1280/1 405/1275/1 974/1182/1
f 974/1182/1 973/1293/1 397/1280/1
f 974/1182/1 405/1275/1 408/1220/1
f 1022/1190/5 374/1282/5 393/764/5
f 391/1294/2 394/1268/2 920/1111/2
f 977/1200/14 393/8114/14 391/1295/14
f 410/1298/1 1025/1299/1 995/1202/1
f 995/1202/1 996/938/1 410/1298/1
f 409/1255/1 1026/1222/1 996/938/1
f 996/938/1 805/930/1 409/1255/1
f 1025/1299/1 413/8115/1 997/1300/1
f 998/919/2 999/1205/2 418/1301/2
f 999/1205/2 642/1563/2 421/176/2
f 998/919/2 419/1302/2 422/1253/2
f 1030/1303/6 1029/1524/6 1028/1304/6
f 1034/1306/6 1033/8116/6 1032/1307/6
f 1038/1309/6 1037/8117/6 1036/1310/6
f 1042/1312/6 1041/8118/6 1040/1313/6
f 1046/1315/6 1045/8119/6 1044/1316/6
f 1050/1057/6 1049/8120/6 1048/1318/6
f 1052/1320/2 640/1563/2 641/1321/2
f 1056/1323/2 1055/3962/2 1054/1324/2
f 1060/1326/2 1059/6129/2 1058/1327/2
f 1064/1329/2 1063/8121/2 1062/1330/2
f 1068/1332/2 1067/3956/2 1066/1333/2
f 1072/172/2 1071/7690/2 1070/1335/2
f 530/1379/6 1108/1381/6 1107/1380/6
f 1107/1380/6 1106/1377/6 530/1379/6
f 528/1382/6 1111/1384/6 1110/1383/6
f 1110/1383/6 1107/1380/6 528/1382/6
f 526/1385/6 1113/1387/6 1112/1386/6
f 1112/1386/6 1110/1383/6 526/1385/6
f 522/1388/6 1115/1390/6 1114/1389/6
f 1114/1389/6 1112/1386/6 522/1388/6
f 523/1391/6 143/3054/6 1116/1520/6
f 1116/1520/6 1114/1389/6 523/1391/6
f 1109/1378/6 1106/1377/6 1117/1319/6
f 540/1395/6 1120/1397/6 1119/1396/6
f 1119/1396/6 1118/1393/6 540/1395/6
f 538/1398/6 611/8134/6 1122/1304/6
f 1122/1304/6 1119/1396/6 538/1398/6
f 543/1399/6 1121/1394/6 1118/1393/6
f 613/1403/1 614/1406/1 1126/1404/1
f 614/1406/1 615/8135/1 1117/1407/1
f 616/1385/1 613/1403/1 1125/1405/1
f 1177/1411/2 1129/1415/2 1128/745/2
f 1128/745/2 612/1410/2 1177/1411/2
f 1176/1414/2 1130/1409/2 1127/720/2
f 1127/720/2 609/1413/2 1176/1414/2
f 1129/1415/2 1122/168/2 611/164/2
f 1069/1496/6 1083/1526/6 1142/1497/6
f 1106/1377/6 1107/1380/6 1165/1515/6
f 1107/1380/6 1110/1383/6 1166/1517/6
f 1110/1383/6 1112/1386/6 1167/1518/6
f 1112/1386/6 1114/1389/6 1168/1519/6
f 144/1521/6 1169/1553/6 1168/1519/6
f 1168/1519/6 1114/1389/6 144/1521/6
f 1106/1377/6 1164/1516/6 1170/1057/6
f 1118/1393/6 1119/1396/6 1172/1522/6
f 1119/1396/6 1122/1304/6 1173/1524/6
f 1088/1400/6 1118/1393/6 1171/1523/6
f 1171/1523/6 1146/1525/6 1088/1400/6
f 1130/1409/2 1176/1414/2 1190/1528/2
f 1190/1528/2 1174/1529/2 1130/1409/2
f 1093/1412/2 1094/1530/2 1152/1532/2
f 1152/1532/2 1175/1527/2 1093/1412/2
f 1129/1415/2 1177/1411/2 1191/1533/2
f 1191/1533/2 1173/172/2 1129/1415/2
f 1125/1405/1 1126/1404/1 1179/1534/1
f 1126/1404/1 1117/1407/1 1170/1536/1
f 1096/1408/1 1125/1405/1 1178/1535/1
f 1178/1535/1 1153/1517/1 1096/1408/1
f 1029/1048/2 1151/1531/2 1094/1530/2
f 1047/1546/1 1095/1538/1 1154/1537/1
f 454/1254/6 1180/8160/6 1164/1516/6
f 1164/1516/6 1165/1515/6 454/1254/6
f 452/1297/6 1181/1547/6 1165/1515/6
f 1165/1515/6 1166/1517/6 452/1297/6
f 450/1550/6 1182/1548/6 1166/1517/6
f 1166/1517/6 1167/1518/6 450/1550/6
f 448/1552/6 1183/1549/6 1167/1518/6
f 1167/1518/6 1168/1519/6 448/1552/6
f 447/1555/6 1184/1551/6 1168/1519/6
f 1168/1519/6 1169/1553/6 447/1555/6
f 1164/1516/6 1180/8160/6 521/1218/6
f 464/1557/6 1185/1560/6 1171/1523/6
f 1171/1523/6 1172/1522/6 464/1557/6
f 462/1209/6 1186/1556/6 1172/1522/6
f 1172/1522/6 1173/1524/6 462/1209/6
f 465/1559/6 1146/1525/6 1171/1523/6
f 519/1552/1 1188/1566/1 1178/1535/1
f 1178/1535/1 1179/1534/1 519/1552/1
f 518/1555/1 1189/1564/1 1179/1534/1
f 1179/1534/1 1170/1536/1 518/1555/1
f 520/1550/1 1153/1517/1 1178/1535/1
f 517/758/2 1192/1567/2 1174/1529/2
f 1174/1529/2 1190/1528/2 517/758/2
f 1175/1527/2 1152/1532/2 516/760/2
f 516/760/2 1193/1568/2 1175/1527/2
f 514/757/2 515/171/2 1173/172/2
f 1173/172/2 1191/1533/2 514/757/2
f 351/1265/1 1194/1294/1 1197/1577/1
f 1197/1577/1 1196/1575/1 351/1265/1
f 352/1266/1 1198/1579/1 1199/1578/1
f 1199/1578/1 1197/1577/1 352/1266/1
f 1200/1580/1 1199/1578/1 313/1252/1
f 1200/1580/1 313/1252/1 293/1250/1
f 276/1249/1 277/8106/1 1200/1580/1
f 1216/1585/1 1218/1582/1 355/1259/1
f 1218/1582/1 1204/1584/1 355/1259/1
f 355/1259/1 1195/1576/1 1216/1585/1
f 1207/1587/1 1202/8110/1 355/1259/1
f 355/1259/1 1204/1584/1 1207/1587/1
f 1209/1589/1 1205/1590/1 1202/8110/1
f 1202/8110/1 1207/1587/1 1209/1589/1
f 1209/1589/1 1208/8161/1 444/1280/1
f 224/1592/1 1210/1596/1 1197/1577/1
f 1197/1577/1 1199/1578/1 224/1592/1
f 172/1594/1 1211/1591/1 1199/1578/1
f 1199/1578/1 1200/1580/1 172/1594/1
f 227/1595/1 1197/1577/1 1210/1596/1
f 1196/1575/1 1197/1577/1 227/1595/1
f 227/1595/1 162/1599/1 1196/1575/1
f 1215/1602/1 1213/1581/1 1196/1575/1
f 1196/1575/1 1212/1598/1 1215/1602/1
f 1220/1604/1 1216/1585/1 1213/1581/1
f 1213/1581/1 1215/1602/1 1220/1604/1
f 1220/1604/1 1219/8162/1 1218/1582/1
f 317/1220/2 343/1271/2 1222/1608/2
f 1222/1608/2 1239/1606/2 317/1220/2
f 344/1267/2 1226/1263/2 1225/1581/2
f 1225/1581/2 1238/1609/2 344/1267/2
f 347/1268/2 1228/1264/2 1230/1611/2
f 1230/1611/2 1251/1613/2 347/1268/2
f 1251/1613/2 1247/1614/2 347/1268/2
f 1244/1615/2 1242/1610/2 347/1268/2
f 1242/1610/2 1226/1263/2 347/1268/2
f 285/1222/2 295/1221/2 1221/1607/2
f 1221/1607/2 1229/1616/2 285/1222/2
f 1233/1618/2 1231/8163/2 1230/1611/2
f 1230/1611/2 1228/1264/2 1233/1618/2
f 1236/1620/2 1234/8164/2 1233/1618/2
f 1233/1618/2 1232/1294/2 1236/1620/2
f 1235/1619/2 443/4807/2 1237/1621/2
f 216/1623/2 1240/1627/2 1239/1606/2
f 1239/1606/2 1222/1608/2 216/1623/2
f 215/1624/2 1241/1622/2 1238/1609/2
f 161/1599/2 215/1624/2 1225/1581/2
f 1225/1581/2 1242/1610/2 161/1599/2
f 1242/1610/2 1245/1625/2 161/1599/2
f 182/1628/2 183/8165/2 1229/1616/2
f 1229/1616/2 1221/1607/2 182/1628/2
f 1248/1629/2 1243/8166/2 1245/1625/2
f 1245/1625/2 1242/1610/2 1248/1629/2
f 1249/1630/2 1246/4804/2 1248/1629/2
f 1248/1629/2 1244/1615/2 1249/1630/2
f 1247/1614/2 1251/1613/2 1250/1631/2
f 1251/399/3 1227/398/3 1201/269/3
f 444/1632/6 1208/1642/6 1237/1633/6
f 1207/1635/6 1203/1638/6 1231/1636/6
f 1204/1638/6 1201/1644/6 1227/1639/6
f 284/1247/5 1229/1652/5 1200/1640/5
f 1204/269/3 1230/398/3 1231/252/3
f 1206/411/3 1207/270/3 1233/252/3
f 1209/1642/6 1206/1635/6 1234/1637/6
f 1209/411/3 1236/400/3 1237/504/3
f 1250/1643/6 1251/1639/6 1218/1644/6
f 1243/1646/6 1248/1657/6 1215/1647/6
f 160/1649/6 1245/1646/6 1212/1648/6
f 173/1651/5 1200/1640/5 1229/1652/5
f 1212/188/3 1245/190/3 1243/1654/3
f 1217/820/3 1215/1655/3 1248/1654/3
f 1249/1643/6 1220/1645/6 1217/1647/6
f 1220/820/3 1249/1656/3 1250/399/3
f 1266/1659/3 1255/1660/3 1254/338/3
f 1254/338/3 1253/335/3 1266/1659/3
f 1271/368/3 1257/8167/3 1256/1900/3
f 1256/1900/3 1254/338/3 1271/368/3
f 1635/233/3 1260/223/3 1259/392/3
f 1259/392/3 1273/237/3 1635/233/3
f 1636/380/3 1263/227/3 1262/388/3
f 1262/388/3 1272/1661/3 1636/380/3
f 1279/1663/3 1262/388/3 1263/227/3
f 1263/227/3 1638/384/3 1279/1663/3
f 1638/384/3 1276/387/3 1279/1663/3
f 1669/1662/3 1264/390/3 1279/1663/3
f 1252/1658/3 1261/260/3 1258/261/3
f 1270/236/3 1269/1678/3 1268/396/3
f 1270/236/3 1267/394/3 1286/256/3
f 1286/256/3 1287/264/3 1270/236/3
f 1673/1665/3 1672/1664/3 1265/231/3
f 1265/231/3 1275/385/3 1673/1665/3
f 1292/251/3 1280/398/3 1279/1663/3
f 1264/390/3 1675/8168/3 1292/251/3
f 1298/418/3 1292/251/3 1675/8168/3
f 1283/415/3 1278/1666/3 1277/472/3
f 1298/418/3 1675/8168/3 1283/415/3
f 1280/398/3 1281/1654/3 1262/388/3
f 1274/386/3 1275/385/3 1282/414/3
f 1282/414/3 1278/1666/3 1274/386/3
f 1289/1669/3 1759/1667/3 1284/818/3
f 1284/818/3 1287/264/3 1289/1669/3
f 1763/1672/3 1762/1670/3 1286/256/3
f 1286/256/3 1267/394/3 1763/1672/3
f 1280/398/3 1292/251/3 1299/1680/3
f 1775/1675/3 1291/1685/3 1302/1673/3
f 1280/398/3 1299/1680/3 1775/1675/3
f 1302/1673/3 1281/1654/3 1280/398/3
f 1288/1671/3 1267/394/3 1268/396/3
f 1268/396/3 1294/1676/3 1288/1671/3
f 1779/1682/3 1778/1679/3 1292/251/3
f 1292/251/3 1298/418/3 1779/1682/3
f 1781/1683/3 1301/1686/3 1300/1684/3
f 1340/409/3 1303/271/3 1302/1673/3
f 1302/1673/3 1291/1685/3 1340/409/3
f 1303/271/3 1296/1655/3 1290/1674/3
f 1304/265/3 1300/1684/3 1301/1686/3
f 1301/1686/3 1297/1681/3 1277/472/3
f 1312/1693/3 1307/1699/3 1798/1692/3
f 1798/1692/3 1795/1690/3 1334/1688/3
f 1334/1688/3 1308/1687/3 1312/1693/3
f 1310/309/3 1308/1687/3 1305/1689/3
f 1829/1696/3 1313/8169/3 1312/1693/3
f 1308/1687/3 1310/309/3 1829/1696/3
f 1310/309/3 1314/1694/3 1829/1696/3
f 1307/1699/3 1312/1693/3 1313/8169/3
f 1810/2331/3 1809/312/3 1307/1699/3
f 1809/312/3 1335/1697/3 1307/1699/3
f 1307/1699/3 1313/8169/3 1810/2331/3
f 1828/1700/3 1314/1694/3 1332/319/3
f 1332/319/3 1318/851/3 1828/1700/3
f 1338/440/3 1319/8170/3 1322/1702/3
f 1322/1702/3 1321/883/3 1338/440/3
f 1321/883/3 1324/1716/3 1323/272/3
f 1322/1702/3 1319/8170/3 1326/281/3
f 1329/1707/3 1327/1706/3 1306/1691/3
f 1329/1707/3 1306/1691/3 1785/293/3
f 1788/1711/3 1333/1712/3 1329/1707/3
f 1305/1689/3 1334/1688/3 1327/1706/3
f 1327/1706/3 1331/1705/3 1305/1689/3
f 1333/1712/3 1315/1698/3 1293/1677/3
f 1293/1677/3 1294/1676/3 1295/404/3
f 1295/404/3 1329/1707/3 1333/1712/3
f 1750/817/3 1284/818/3 1285/1668/3
f 1765/1713/3 1293/1677/3 1335/1697/3
f 1750/817/3 1285/1668/3 1765/1713/3
f 1335/1697/3 1316/828/3 1750/817/3
f 1348/1714/3 1336/1715/3 1320/1701/3
f 1320/1701/3 1323/272/3 1348/1714/3
f 1345/445/3 1339/446/3 1338/440/3
f 1338/440/3 1320/1701/3 1345/445/3
f 1339/446/3 1345/445/3 1344/276/3
f 1355/1717/3 1339/446/3 1842/457/3
f 1842/457/3 1343/274/3 1355/1717/3
f 1336/1715/3 1348/1714/3 1841/427/3
f 1841/427/3 1344/276/3 1336/1715/3
f 1337/267/3 1340/409/3 1300/1684/3
f 1300/1684/3 1840/1718/3 1337/267/3
f 1840/1718/3 1347/273/3 1337/267/3
f 1858/848/3 1349/455/3 1346/448/3
f 1346/448/3 1343/274/3 1858/848/3
f 1330/1719/3 1353/1709/3 1352/1720/3
f 1354/1710/3 1330/1719/3 1821/850/3
f 1820/442/3 1351/8171/3 1354/1710/3
f 1325/1703/3 1859/846/3 1352/1720/3
f 1326/281/3 1355/1717/3 1346/448/3
f 1346/448/3 1349/455/3 1859/846/3
f 1859/846/3 1325/1703/3 1326/281/3
f 1354/1710/3 1351/8171/3 1318/851/3
f 1364/1723/6 1357/2246/6 1356/8172/6
f 1356/8172/6 1359/1721/6 1364/1723/6
f 1366/1724/6 1257/8173/6 1271/2249/6
f 1271/2249/6 1358/1722/6 1366/1724/6
f 1546/1728/6 1360/1778/6 1363/1729/6
f 1646/1730/6 1647/1725/6 1546/1728/6
f 1647/1725/6 1361/1727/6 1546/1728/6
f 1363/1729/6 1360/1778/6 1357/1731/6
f 1369/1734/6 1367/8174/6 1366/1724/6
f 1359/1721/6 1356/8172/6 1365/1733/6
f 1369/1734/6 1366/1724/6 1359/1721/6
f 1372/1736/6 1370/8175/6 1369/1734/6
f 1369/1734/6 1365/1733/6 1372/1736/6
f 1375/1738/6 1373/8176/6 1372/1736/6
f 1372/1736/6 1368/1735/6 1375/1738/6
f 1378/1740/6 1376/2283/6 1375/1738/6
f 1375/1738/6 1371/1737/6 1378/1740/6
f 1381/1742/6 1379/8177/6 1378/1740/6
f 1378/1740/6 1374/1739/6 1381/1742/6
f 1384/1744/6 1382/8178/6 1381/1742/6
f 1381/1742/6 1377/1741/6 1384/1744/6
f 1387/1746/6 1385/8179/6 1384/1744/6
f 1384/1744/6 1380/1743/6 1387/1746/6
f 1390/1748/6 1388/8180/6 1387/1746/6
f 1387/1746/6 1383/1745/6 1390/1748/6
f 1393/1750/6 1391/8181/6 1390/1748/6
f 1390/1748/6 1386/1747/6 1393/1750/6
f 1396/1752/6 1394/8182/6 1393/1750/6
f 1393/1750/6 1389/1749/6 1396/1752/6
f 1399/1754/6 1397/8183/6 1396/1752/6
f 1396/1752/6 1392/1751/6 1399/1754/6
f 1402/1756/6 1400/8184/6 1399/1754/6
f 1399/1754/6 1395/1753/6 1402/1756/6
f 1405/1758/6 1403/8185/6 1402/1756/6
f 1402/1756/6 1398/1755/6 1405/1758/6
f 1409/1760/6 1406/8186/6 1405/1758/6
f 1405/1758/6 1401/1757/6 1409/1760/6
f 1409/1760/6 1404/1759/6 1408/1761/6
f 1468/1765/5 1410/1876/5 166/8187/5
f 166/8187/5 170/1763/5 1468/1765/5
f 1467/1768/5 1411/1764/5 170/1763/5
f 170/1763/5 171/1766/5 1467/1768/5
f 1412/1767/5 171/1766/5 1461/1769/5
f 173/1651/5 1413/2328/5 1443/8188/5
f 173/1651/5 1443/8188/5 1446/8189/5
f 1461/1769/5 171/1766/5 173/1651/5
f 1458/8190/5 1461/1769/5 173/1651/5
f 173/1651/5 1446/8189/5 1449/8191/5
f 173/1651/5 1449/8191/5 1452/1771/5
f 1455/1772/5 1458/8190/5 173/1651/5
f 173/1651/5 1428/8192/5 1432/8193/5
f 173/1651/5 1432/8193/5 1435/1773/5
f 1438/1774/5 1413/2328/5 173/1651/5
f 183/1653/5 180/1777/5 1414/1778/5
f 183/1653/5 1414/1778/5 1417/1783/5
f 1428/8192/5 173/1651/5 183/1653/5
f 1426/1776/5 1428/8192/5 183/1653/5
f 183/1653/5 1417/1783/5 1422/1775/5
f 180/1777/5 181/8194/5 1415/1727/5
f 165/1781/5 166/8187/5 1410/1876/5
f 1470/1779/5 1416/2347/5 177/1780/5
f 165/1781/5 1410/1876/5 1470/1779/5
f 1419/1782/5 1418/1789/5 1417/1783/5
f 1420/1784/5 1419/1782/5 1414/1778/5
f 1420/1784/5 1253/8195/5 1254/1785/5
f 1421/1787/5 1418/1789/5 1419/1782/5
f 1419/1782/5 1254/1785/5 1421/1787/5
f 1425/1790/5 1422/1775/5 1417/1783/5
f 1417/1783/5 1418/1789/5 1425/1790/5
f 1427/1792/5 1426/1776/5 1422/1775/5
f 1422/1775/5 1425/1790/5 1427/1792/5
f 1431/1794/5 1428/8192/5 1426/1776/5
f 1426/1776/5 1427/1792/5 1431/1794/5
f 1434/1796/5 1432/8193/5 1428/8192/5
f 1428/8192/5 1431/1794/5 1434/1796/5
f 1437/1798/5 1435/1773/5 1432/8193/5
f 1432/8193/5 1434/1796/5 1437/1798/5
f 1439/1800/5 1438/1774/5 1435/1773/5
f 1435/1773/5 1437/1798/5 1439/1800/5
f 1442/1802/5 1413/2328/5 1438/1774/5
f 1438/1774/5 1439/1800/5 1442/1802/5
f 1445/1804/5 1443/8188/5 1413/2328/5
f 1413/2328/5 1442/1802/5 1445/1804/5
f 1448/1806/5 1446/8189/5 1443/8188/5
f 1443/8188/5 1445/1804/5 1448/1806/5
f 1451/1808/5 1449/8191/5 1446/8189/5
f 1446/8189/5 1448/1806/5 1451/1808/5
f 1454/1810/5 1452/1771/5 1449/8191/5
f 1449/8191/5 1451/1808/5 1454/1810/5
f 1457/1812/5 1455/1772/5 1452/1771/5
f 1452/1771/5 1454/1810/5 1457/1812/5
f 1460/1814/5 1458/8190/5 1455/1772/5
f 1455/1772/5 1457/1812/5 1460/1814/5
f 1462/1816/5 1461/1769/5 1458/8190/5
f 1458/8190/5 1460/1814/5 1462/1816/5
f 1464/1817/5 1463/1770/5 1461/1769/5
f 1411/321/3 1467/1821/3 1466/1820/3
f 1466/1820/3 1465/1818/3 1411/321/3
f 1412/324/3 1463/1949/3 1469/8060/3
f 1469/8060/3 1466/1820/3 1412/324/3
f 1410/331/3 1468/1819/3 1465/1818/3
f 1476/332/3 1491/1822/3 1410/331/3
f 1491/1822/3 1470/1823/3 1410/331/3
f 1465/1818/3 1466/1820/3 1473/1824/3
f 1466/1820/3 1469/8060/3 1474/1826/3
f 1495/1828/3 1494/1827/3 1465/1818/3
f 1465/1818/3 1472/1825/3 1495/1828/3
f 1471/333/3 1497/1829/3 1477/357/3
f 1477/357/3 1416/1830/3 1471/333/3
f 1830/1832/3 1479/1834/3 1472/1825/3
f 1472/1825/3 1473/1824/3 1830/1832/3
f 1811/362/3 1812/363/3 1473/1824/3
f 1473/1824/3 1474/1826/3 1811/362/3
f 1831/1835/3 1481/373/3 1478/356/3
f 1478/356/3 1475/359/3 1831/1835/3
f 1415/1836/2 181/8165/2 178/1628/2
f 176/1594/1 177/1593/1 1416/1919/1
f 1477/1838/1 1481/8196/1 1482/1839/1
f 176/1594/1 1416/1919/1 1477/1838/1
f 1385/1885/1 1387/1930/1 1442/1886/1
f 1373/1888/1 1375/1913/1 1431/1889/1
f 1367/1891/1 1369/1905/1 1425/1892/1
f 1257/1894/1 1366/1891/1 1421/1893/1
f 1362/1896/2 1499/1898/2 1420/5265/2
f 1420/5265/2 1415/1836/2 1362/1896/2
f 1253/1897/2 1420/5265/2 1499/1898/2
f 1421/1900/3 1366/8167/3 1367/1901/3
f 1424/1903/3 1425/1902/3 1369/1901/3
f 1372/1888/1 1427/1890/1 1424/1892/1
f 1427/1903/3 1372/1904/3 1373/1906/3
f 1430/1908/3 1431/1907/3 1375/1906/3
f 1379/1910/1 1381/1918/1 1437/1911/1
f 1378/1910/1 1434/1912/1 1430/1889/1
f 1434/1908/3 1378/1909/3 1379/1914/3
f 1436/1916/3 1437/1915/3 1381/1914/3
f 1384/1885/1 1439/1887/1 1436/1911/1
f 1439/1916/3 1384/1917/3 1385/364/3
f 1407/1921/1 1408/8196/1 1474/1838/1
f 1474/1838/1 1469/1860/1 1464/1920/1
f 1441/1922/3 1442/328/3 1387/364/3
f 1397/1924/1 1399/1943/1 1454/1925/1
f 1391/1927/1 1393/1935/1 1448/1928/1
f 1390/1927/1 1445/1929/1 1441/1886/1
f 1445/1922/3 1390/1923/3 1391/1931/3
f 1447/1933/3 1448/1932/3 1393/1931/3
f 1396/1924/1 1451/1926/1 1447/1928/1
f 1451/1933/3 1396/1934/3 1397/1936/3
f 1453/1938/3 1454/1937/3 1399/1936/3
f 1403/1940/1 1405/1948/1 1460/1941/1
f 1402/1940/1 1457/1942/1 1453/1925/1
f 1457/1938/3 1402/1939/3 1403/1944/3
f 1459/1946/3 1460/1945/3 1405/1944/3
f 1409/1921/1 1462/1920/1 1459/1941/1
f 1462/1946/3 1409/1947/3 1407/1833/3
f 1505/1952/1 1503/8203/1 1507/1957/1
f 1507/1957/1 1502/1956/1 1505/1952/1
f 1502/1956/1 1501/1950/1 1505/1952/1
f 1506/1953/1 1505/1952/1 1500/1951/1
f 1509/1955/1 1508/2021/1 1502/1956/1
f 1515/1960/1 1513/8204/1 1517/1965/1
f 1517/1965/1 1512/1964/1 1515/1960/1
f 1512/1964/1 1511/1958/1 1515/1960/1
f 1516/1961/1 1515/1960/1 1510/1959/1
f 1519/1963/1 1518/8205/1 1512/1964/1
f 1525/1968/1 1523/8206/1 1527/1973/1
f 1527/1973/1 1522/1972/1 1525/1968/1
f 1522/1972/1 1521/1966/1 1525/1968/1
f 1526/1969/1 1525/1968/1 1520/1967/1
f 1529/1971/1 1528/8207/1 1522/1972/1
f 1538/1979/1 1532/1974/1 1572/1976/1
f 1572/1976/1 1530/1977/1 1538/1979/1
f 1531/1975/1 1532/1974/1 1511/1958/1
f 1500/1951/1 1518/8205/1 1534/1981/1
f 1512/1964/1 1518/8205/1 1500/1951/1
f 1500/1951/1 1501/1950/1 1571/1980/1
f 1571/1980/1 1511/1958/1 1512/1964/1
f 1537/1986/1 1533/1978/1 1573/1985/1
f 1573/1985/1 1574/1982/1 1537/1986/1
f 1543/1989/1 1539/1987/1 1533/1978/1
f 1533/1978/1 1537/1986/1 1543/1989/1
f 1538/1979/1 1539/1987/1 1521/1966/1
f 1510/1959/1 1528/8207/1 1541/1990/1
f 1522/1972/1 1528/8207/1 1510/1959/1
f 1510/1959/1 1511/1958/1 1532/1974/1
f 1532/1974/1 1521/1966/1 1522/1972/1
f 1540/1988/1 1537/1986/1 1535/1984/1
f 214/1992/1 1539/1987/1 1543/1989/1
f 160/1600/1 161/1599/1 1524/1970/1
f 1520/1967/1 1521/1966/1 1539/1987/1
f 160/1600/1 1524/1970/1 1520/1967/1
f 1539/1987/1 214/1992/1 160/1600/1
f 218/1995/1 1544/1993/1 1540/1988/1
f 1540/1988/1 1542/1991/1 218/1995/1
f 1358/1905/1 1271/1894/1 1287/2136/1
f 1287/2136/1 1545/1996/1 1358/1905/1
f 1551/2000/3 1601/1997/3 1546/1659/3
f 1546/1659/3 1361/1658/3 1551/2000/3
f 1605/2004/3 1604/2001/3 1548/1999/3
f 1548/1999/3 1550/2002/3 1605/2004/3
f 1547/1998/3 1607/2005/3 1552/2007/3
f 1552/2007/3 1360/1660/3 1547/1998/3
f 1580/233/3 1554/223/3 1557/225/3
f 1557/225/3 1556/259/3 1580/233/3
f 1581/380/3 1558/227/3 1559/229/3
f 1559/229/3 1557/225/3 1581/380/3
f 1569/390/3 1561/230/3 1559/229/3
f 1559/229/3 1558/227/3 1583/384/3
f 1583/384/3 1564/387/3 1569/390/3
f 1553/2006/3 1549/2003/3 1555/260/3
f 1555/260/3 1556/259/3 1553/2006/3
f 1617/1665/3 1612/1664/3 1560/231/3
f 1560/231/3 1563/385/3 1617/1665/3
f 1562/386/3 1563/385/3 1567/414/3
f 1567/414/3 1566/1666/3 1562/386/3
f 1577/419/3 1561/230/3 1611/2009/3
f 1565/415/3 1566/1666/3 1568/417/3
f 1577/419/3 1611/2009/3 1565/415/3
f 1556/259/3 1557/225/3 1501/2010/3
f 1556/259/3 1501/2010/3 1502/395/3
f 1508/256/3 1570/264/3 1556/259/3
f 1531/249/3 1571/250/3 1557/225/3
f 1557/225/3 1559/229/3 1531/249/3
f 1530/252/3 1572/1654/3 1559/229/3
f 1559/229/3 1561/230/3 1530/252/3
f 1561/230/3 1624/2011/3 1530/252/3
f 1576/247/3 1573/251/3 1530/252/3
f 1552/2007/3 1556/259/3 1570/264/3
f 1570/264/3 1357/368/3 1552/2007/3
f 1573/251/3 1576/247/3 1630/2014/3
f 1630/2014/3 1631/2012/3 1574/418/3
f 1575/2013/3 1623/2015/3 1568/417/3
f 1568/417/3 1536/472/3 1575/2013/3
f 1554/2016/2 1580/1985/2 196/1622/2
f 196/1622/2 1578/1624/2 1554/2016/2
f 1558/2017/2 1581/1976/2 192/1626/2
f 192/1626/2 1582/1597/2 1558/2017/2
f 193/2018/2 198/2036/2 1560/2086/2
f 1560/2086/2 1583/1980/2 193/2018/2
f 1563/2021/2 1560/2086/2 198/2036/2
f 200/2019/2 219/1592/2 1567/2020/2
f 1563/2021/2 198/2036/2 200/2019/2
f 188/1627/2 1579/1623/2 1555/1983/2
f 1550/2023/2 1548/2022/2 188/1627/2
f 1548/2022/2 178/1628/2 188/1627/2
f 1568/2027/6 1566/2028/6 1584/2030/6
f 1584/2030/6 220/2024/6 1568/2027/6
f 220/2024/6 1542/2025/6 1535/2026/6
f 1535/2026/6 1536/2246/6 1568/2027/6
f 1566/2028/6 1567/4515/6 219/2029/6
f 1260/2130/2 1635/2139/2 1634/2138/2
f 1634/2138/2 1633/2128/2 1260/2130/2
f 1263/2133/2 1636/2129/2 1633/2128/2
f 1633/2128/2 1637/2131/2 1263/2133/2
f 1265/2134/2 1638/2132/2 1637/2131/2
f 1275/2137/2 1265/2134/2 1650/2135/2
f 1650/2135/2 1639/1996/2 1282/2136/2
f 1261/2140/2 1252/1899/2 1499/1898/2
f 1499/1898/2 1362/1896/2 1261/2140/2
f 1362/1896/2 1634/2138/2 1261/2140/2
f 1643/379/4 1642/383/4 1641/388/4
f 1642/383/4 1645/387/4 1644/390/4
f 1645/387/4 1647/208/4 1646/207/4
f 1671/791/4 1649/232/4 1643/379/4
f 1643/379/4 1640/392/4 1671/791/4
f 1637/223/4 1633/227/4 1642/383/4
f 1633/227/4 1634/231/4 1645/387/4
f 1634/231/4 1362/218/4 1647/208/4
f 1650/240/4 1637/223/4 1649/232/4
f 1650/240/4 1649/232/4 1670/241/4
f 1674/238/4 1651/239/4 1650/240/4
f 1738/396/4 1652/250/4 1640/392/4
f 1640/392/4 1641/388/4 1738/396/4
f 1741/398/4 1653/1654/4 1641/388/4
f 1641/388/4 1644/390/4 1741/398/4
f 1644/390/4 1646/207/4 1363/206/4
f 1363/206/4 1545/472/4 1644/390/4
f 1658/242/4 1655/243/4 1676/804/4
f 1648/237/4 1640/392/4 1652/250/4
f 1658/242/4 1676/804/4 1648/237/4
f 1739/394/4 1656/256/4 1658/242/4
f 1648/237/4 1652/250/4 1739/394/4
f 1655/243/4 1658/242/4 1657/259/4
f 1651/239/4 1655/243/4 1660/261/4
f 1660/261/4 1639/260/4 1651/239/4
f 1658/242/4 1656/256/4 1659/264/4
f 1657/2143/6 1659/1723/6 1277/2249/6
f 1277/2249/6 1278/2141/6 1657/2143/6
f 1278/2141/6 1282/8213/6 1639/2144/6
f 1682/2192/2 1680/2217/2 1679/2208/2
f 1679/2208/2 1708/1985/2 1682/2192/2
f 1708/1985/2 1686/2190/2 1682/2192/2
f 1683/2193/2 1680/2217/2 1682/2192/2
f 1686/2190/2 1678/2189/2 1685/1982/2
f 1692/2198/2 1690/2220/2 1689/2216/2
f 1689/2216/2 1688/1978/2 1692/2198/2
f 1688/1978/2 1696/2196/2 1692/2198/2
f 1693/2199/2 1690/2220/2 1692/2198/2
f 1696/2196/2 1688/1978/2 1695/2201/2
f 1702/2205/2 1700/1967/2 1699/1966/2
f 1699/1966/2 1698/2218/2 1702/2205/2
f 1698/2218/2 1706/2203/2 1702/2205/2
f 1703/1970/2 1700/1967/2 1702/2205/2
f 1706/2203/2 1698/2218/2 1705/1987/2
f 1746/2209/2 1709/2138/2 1679/2208/2
f 1679/2208/2 1707/1976/2 1746/2209/2
f 1744/2210/2 1710/2128/2 1707/1976/2
f 1707/1976/2 1711/1980/2 1744/2210/2
f 1743/2157/2 1712/2131/2 1711/1980/2
f 1749/2135/2 1743/2157/2 1714/2020/2
f 1833/2211/2 1713/1996/2 1749/2135/2
f 1709/2138/2 1716/2212/2 1685/1982/2
f 1678/2189/2 1708/1985/2 1709/2138/2
f 1711/1980/2 1707/1976/2 1718/2213/2
f 1711/1980/2 1717/2214/2 1719/2215/2
f 1707/1976/2 1679/2208/2 1688/1978/2
f 1689/2216/2 1718/2213/2 1707/1976/2
f 1695/2201/2 1688/1978/2 1679/2208/2
f 1695/2201/2 1679/2208/2 1680/2217/2
f 1683/2193/2 1720/2400/2 1695/2201/2
f 1699/1966/2 1721/2222/2 1717/2214/2
f 1717/2214/2 1718/2213/2 1699/1966/2
f 1717/2214/2 1721/2222/2 1722/2219/2
f 1705/1987/2 1698/2218/2 1718/2213/2
f 1718/2213/2 1690/2220/2 1705/1987/2
f 1690/2220/2 1693/2199/2 1705/1987/2
f 258/2018/2 263/1592/2 1722/2219/2
f 1722/2219/2 1721/2222/2 258/2018/2
f 1721/2222/2 1699/1966/2 251/2223/2
f 252/1595/2 1724/1597/2 1721/2222/2
f 163/1626/2 251/2223/2 1699/1966/2
f 163/1626/2 1699/1966/2 1700/1967/2
f 1703/1970/2 162/1599/2 163/1626/2
f 1715/817/3 1383/364/3 1380/1917/3
f 1715/817/3 1380/1917/3 1377/1914/3
f 1374/1909/3 1371/1906/3 1715/817/3
f 1570/264/3 1508/256/3 1685/816/3
f 1685/816/3 1715/817/3 1570/264/3
f 1715/817/3 1371/1906/3 1570/264/3
f 1371/1906/3 1368/1904/3 1570/264/3
f 1357/368/3 1570/264/3 1356/8167/3
f 1356/8167/3 1570/264/3 1365/1901/3
f 1534/2010/3 1518/254/3 1695/2224/3
f 1541/2225/3 1528/397/3 1705/297/3
f 162/1650/6 1703/2231/6 1524/2226/6
f 1697/2227/6 1706/2230/6 1527/2228/6
f 1704/2230/6 1705/2233/6 1528/2025/6
f 1704/297/3 1529/397/3 1527/396/3
f 1702/300/3 1697/404/3 1523/396/3
f 1701/2231/6 1702/2227/6 1525/2229/6
f 1701/300/3 1526/249/3 1524/189/3
f 1514/2232/6 1541/2025/6 1723/2233/6
f 1517/2235/6 1513/2240/6 1687/2236/6
f 1519/2235/6 1694/2237/6 1695/2238/6
f 1694/2224/3 1519/254/3 1517/2239/3
f 1692/308/3 1687/403/3 1513/2239/3
f 1516/2232/6 1691/2234/6 1692/2236/6
f 1691/308/3 1516/250/3 1514/2225/3
f 1504/2241/6 1534/2026/6 1720/2238/6
f 1507/2243/6 1503/2248/6 1677/2244/6
f 1509/2243/6 1684/2245/6 1685/1745/6
f 1684/816/3 1509/256/3 1507/395/3
f 1682/402/3 1677/2247/3 1503/395/3
f 1506/2241/6 1681/2242/6 1682/2244/6
f 1681/402/3 1506/394/3 1504/2010/3
f 1277/2249/6 1659/1723/6 1713/2250/6
f 1761/2253/4 1728/1681/4 1727/8220/4
f 1727/8220/4 1726/2252/4 1761/2253/4
f 1737/2256/4 1731/2257/4 1730/1674/4
f 1730/1674/4 1745/1676/4 1737/2256/4
f 1740/2259/4 1734/1680/4 1733/1685/4
f 1733/1685/4 1747/2258/4 1740/2259/4
f 1777/2260/4 1736/1671/4 1732/2254/4
f 1732/2254/4 1729/2255/4 1777/2260/4
f 1652/250/4 1738/396/4 1737/2256/4
f 1737/2256/4 1732/2254/4 1652/250/4
f 1653/1654/4 1741/398/4 1740/2259/4
f 1740/2259/4 1731/2257/4 1653/1654/4
f 1545/472/4 1727/8220/4 1728/1681/4
f 1654/251/4 1545/472/4 1760/1682/4
f 1764/1679/4 1734/1680/4 1654/251/4
f 1734/1680/4 1741/398/4 1654/251/4
f 1739/394/4 1736/1671/4 1776/1672/4
f 1776/1672/4 1780/1670/4 1656/256/4
f 1729/2255/4 1745/1676/4 1744/404/4
f 1744/404/4 1712/308/4 1729/2255/4
f 1730/1674/4 1747/2258/4 1746/269/4
f 1746/269/4 1710/1655/4 1730/1674/4
f 1709/2262/4 1746/269/4 1747/2258/4
f 1709/2262/4 1747/2258/4 1733/1685/4
f 1725/1686/4 1716/265/4 1709/2262/4
f 1709/2262/4 1733/1685/4 1766/2261/4
f 1782/2263/4 1735/1677/4 1743/402/4
f 1743/402/4 1749/816/4 1782/2263/4
f 1742/1669/4 1748/1668/4 1713/817/4
f 1713/817/4 1659/264/4 1742/1669/4
f 1808/2268/5 1716/2329/5 1726/6096/5
f 1726/6096/5 1727/2264/5 1808/2268/5
f 1727/2264/5 1287/2265/5 1808/2268/5
f 1808/2268/5 1287/2265/5 1284/2266/5
f 1784/139/5 1783/136/5 242/2294/5
f 1790/2298/5 1787/2295/5 1306/2297/5
f 1306/2297/5 1783/136/5 1790/2298/5
f 1788/2299/5 1785/2296/5 1787/2295/5
f 1784/139/5 250/1766/5 1792/2304/5
f 1790/2298/5 1784/139/5 1791/2305/5
f 1793/2307/5 1791/2305/5 1792/2304/5
f 1333/2309/5 1788/2299/5 1786/2300/5
f 1786/2300/5 1789/2306/5 1333/2309/5
f 242/2310/2 1783/2312/2 1794/2311/2
f 1306/2314/2 1795/2130/2 1796/2316/2
f 1796/2316/2 1799/2313/2 1306/2314/2
f 1795/2130/2 1798/2323/2 1797/2315/2
f 1802/2320/2 1801/1993/2 241/1992/2
f 1800/2321/2 1802/2320/2 1794/2311/2
f 1802/2320/2 1803/2325/2 229/2322/2
f 1800/2321/2 1797/2315/2 1307/2324/2
f 1307/2324/2 1803/2325/2 1800/2321/2
f 1807/1767/5 1806/2330/5 1805/2326/5
f 1716/2329/5 1808/2268/5 1806/2330/5
f 1806/2330/5 1807/1767/5 1716/2329/5
f 1316/2309/5 1809/2296/5 1806/2330/5
f 1806/2330/5 1808/2268/5 1316/2309/5
f 1806/2330/5 1809/2296/5 1810/2297/5
f 1811/362/3 1408/1833/3 1404/1947/3
f 1715/817/3 1807/312/3 1404/1947/3
f 1715/817/3 1404/1947/3 1401/1944/3
f 1386/1923/3 1383/364/3 1715/817/3
f 1389/1931/3 1386/1923/3 1715/817/3
f 1715/817/3 1401/1944/3 1398/1939/3
f 1715/817/3 1398/1939/3 1395/1936/3
f 1392/1934/3 1389/1931/3 1715/817/3
f 1811/362/3 1807/312/3 1804/2331/3
f 222/1597/1 228/2018/1 1813/2334/1
f 1813/2334/1 1793/2332/1 222/1597/1
f 1333/2333/1 1793/2332/1 1813/2334/1
f 229/2336/6 1803/2339/6 1813/2337/6
f 1803/2339/6 1307/8224/6 1315/2340/6
f 1857/2332/1 1814/2406/1 1817/1980/1
f 1817/1980/1 1816/2341/1 1857/2332/1
f 1822/2086/1 1819/2020/1 1818/2343/1
f 1818/2343/1 1816/2341/1 1822/2086/1
f 1816/2341/1 1818/2343/1 1318/2335/1
f 1351/2344/1 1820/2132/1 1816/2341/1
f 1816/2341/1 1820/2132/1 1821/2333/1
f 234/1592/1 1482/1839/1 1481/8196/1
f 1481/8196/1 1819/2020/1 234/1592/1
f 243/1597/1 1823/2036/1 1822/2086/1
f 1817/1980/1 1814/2406/1 244/1595/1
f 243/1597/1 1822/2086/1 1817/1980/1
f 1825/2345/5 1824/2349/5 1818/2346/5
f 1827/2348/5 1826/2350/5 1804/2327/5
f 1824/2349/5 1825/2345/5 1826/2350/5
f 1314/2352/5 1828/8225/5 1824/2349/5
f 1824/2349/5 1827/2348/5 1314/2352/5
f 1313/2353/5 1829/2351/5 1827/2348/5
f 1827/2348/5 1805/2326/5 1313/2353/5
f 1824/2349/5 1828/8225/5 1317/2354/5
f 1479/1834/3 1830/1832/3 1826/1696/3
f 1826/1696/3 1825/1700/3 1479/1834/3
f 1480/1831/3 1812/363/3 1804/2331/3
f 1804/2331/3 1826/1696/3 1480/1831/3
f 1831/1835/3 1825/1700/3 1819/320/3
f 1722/2233/6 263/1650/6 1832/2355/6
f 1834/1758/6 1833/8226/6 1714/1745/6
f 1714/1745/6 1719/2238/6 1834/1758/6
f 264/2358/6 269/8227/6 1835/2367/6
f 1835/2367/6 1837/2356/6 264/2358/6
f 262/2361/6 1836/2357/6 1837/2356/6
f 1837/2356/6 1839/2359/6 262/2361/6
f 261/2362/6 1838/2360/6 1839/2359/6
f 1839/2359/6 1834/1758/6 261/2362/6
f 1347/2364/6 1840/2370/6 1834/1758/6
f 1834/1758/6 1839/2359/6 1347/2364/6
f 1344/2366/6 1841/2363/6 1839/2359/6
f 1839/2359/6 1837/2356/6 1344/2366/6
f 1343/2369/6 1842/2365/6 1837/2356/6
f 1837/2356/6 1835/2367/6 1343/2369/6
f 1713/2250/6 1833/8226/6 1834/1758/6
f 1834/1758/6 1840/2370/6 1713/2250/6
f 1855/2403/1 1835/2410/1 269/1994/1
f 1814/2406/1 1857/2332/1 1856/2407/1
f 1856/2407/1 267/2405/1 1814/2406/1
f 1856/2407/1 1855/2403/1 266/2404/1
f 1349/2324/1 1858/5232/1 1855/2403/1
f 1855/2403/1 1856/2407/1 1349/2324/1
f 1352/2409/1 1859/2408/1 1856/2407/1
f 1856/2407/1 1857/2332/1 1352/2409/1
f 1857/2332/1 1815/2342/1 1352/2409/1
f 1855/2403/1 1858/5232/1 1350/2140/1
f 1875/2425/2 1914/2424/2 1889/46/2
f 1914/2424/2 1909/61/2 1889/46/2
f 1879/2435/2 1884/25/2 1883/2436/2
f 1895/2437/2 1892/2433/2 1879/2435/2
f 1892/2433/2 1885/30/2 1879/2435/2
f 1878/2438/2 1885/30/2 1882/2434/2
f 1881/2440/2 1878/2438/2 1893/2439/2
f 1893/2439/2 1887/3042/2 1886/32/2
f 1873/35/2 1889/46/2 1888/2445/2
f 1888/2445/2 1897/2441/2 1873/35/2
f 1882/2434/2 1892/2433/2 1891/2444/2
f 1891/2444/2 1890/2442/2 1882/2434/2
f 1892/2433/2 1895/2437/2 1894/2443/2
f 1900/47/2 1901/43/2 1897/2441/2
f 1897/2441/2 1888/2445/2 1900/47/2
f 1902/58/2 1901/43/2 1900/47/2
f 1899/59/2 1900/47/2 1904/44/2
f 1904/44/2 1903/60/2 1899/59/2
f 1903/60/2 1904/44/2 1896/45/2
f 1896/45/2 1906/62/2 1903/60/2
f 1896/45/2 1888/2445/2 1909/61/2
f 1909/61/2 1908/63/2 1896/45/2
f 1908/63/2 1909/61/2 1874/64/2
f 1874/64/2 1912/66/2 1908/63/2
f 1916/68/2 1915/8018/2 1912/66/2
f 1918/2451/2 1916/68/2 1874/64/2
f 1874/64/2 1914/2424/2 1918/2451/2
f 1922/2454/2 1920/70/2 1916/68/2
f 1916/68/2 1918/2451/2 1922/2454/2
f 1926/69/2 1924/73/2 1920/70/2
f 1920/70/2 1922/2454/2 1926/69/2
f 1930/71/2 1928/75/2 1924/73/2
f 1924/73/2 1926/69/2 1930/71/2
f 1934/77/2 1932/74/2 1928/75/2
f 1928/75/2 1930/71/2 1934/77/2
f 1938/80/2 1936/78/2 1932/74/2
f 1932/74/2 1934/77/2 1938/80/2
f 1944/83/2 1940/81/2 1936/78/2
f 1936/78/2 1938/80/2 1944/83/2
f 1944/83/2 1943/8020/2 1969/84/2
f 1940/81/2 1944/83/2 1967/114/2
f 1940/81/2 1967/114/2 1966/113/2
f 1942/112/2 1941/111/2 1940/81/2
f 1960/110/2 1942/112/2 1940/81/2
f 1940/81/2 1966/113/2 1963/117/2
f 1948/2461/2 1947/8235/2 1946/2462/2
f 1945/2463/2 1949/4185/2 1962/115/2
f 1948/2461/2 1945/2463/2 1954/2464/2
f 1948/2461/2 1954/2464/2 1955/119/2
f 1951/126/2 1950/8236/2 1948/2461/2
f 1948/2461/2 1955/119/2 1957/124/2
f 1951/98/2 1957/144/2 1956/2481/2
f 1956/2481/2 1959/2467/2 1951/98/2
f 1942/2471/2 1960/2472/2 1962/147/2
f 1962/147/2 1949/2469/2 1942/2471/2
f 1959/2467/2 1956/2481/2 1967/2480/2
f 1967/2480/2 1969/2482/2 1959/2467/2
f 1981/1771/2 1972/2328/2 1971/143/2
f 1971/143/2 1970/139/2 1981/1771/2
f 1984/2125/2 1975/1778/2 1974/2484/2
f 1974/2484/2 1971/143/2 1984/2125/2
f 1986/2485/2 1977/1727/2 1976/8238/2
f 1976/8238/2 1974/2484/2 1986/2485/2
f 1989/2487/2 1980/2486/2 1970/139/2
f 1970/139/2 1979/135/2 1989/2487/2
f 1977/1727/2 1986/2485/2 1987/2516/2
f 1987/2516/2 2009/2536/2 1977/1727/2
f 2024/2539/2 2023/2527/2 2016/2529/2
f 2431/137/2 2024/2539/2 2017/2530/2
f 2017/2530/2 2018/2541/2 2431/137/2
f 2027/2542/2 2026/2523/2 2013/2522/2
f 2432/141/2 2027/2542/2 2014/2543/2
f 2014/2543/2 2015/2525/2 2432/141/2
f 2022/2537/2 2009/2536/2 2010/2544/2
f 2435/148/2 2022/2537/2 2011/2518/2
f 2011/2518/2 2012/2545/2 2435/148/2
f 2025/2540/2 2019/2533/2 2020/2535/2
f 2020/2535/2 1988/2500/2 1978/1764/2
f 1978/1764/2 2029/100/2 2020/2535/2
f 2171/2549/3 1881/3016/3 1886/3060/3
f 1886/3060/3 2031/2547/3 2171/2549/3
f 1884/2552/3 1879/2695/3 2170/2688/3
f 2170/2688/3 2033/2673/3 1884/2552/3
f 2033/2673/3 2032/2550/3 1884/2552/3
f 2042/2558/4 2045/2553/4 2036/2555/4
f 2036/2555/4 2035/2556/4 2042/2558/4
f 2048/2560/4 2039/8245/4 2038/8246/4
f 2038/8246/4 2036/2555/4 2048/2560/4
f 2042/2558/4 2034/2557/4 2041/2561/4
f 2037/2554/4 2045/2553/4 2044/2568/4
f 2044/2568/4 2051/2563/4 2037/2554/4
f 2049/2565/4 2039/8245/4 2048/2560/4
f 2057/2567/4 2052/2572/4 2051/2563/4
f 2054/2570/4 2057/2567/4 2044/2568/4
f 2040/2562/4 2041/2561/4 2050/2569/4
f 2054/2570/4 2044/2568/4 2040/2562/4
f 2061/2571/4 2053/2577/4 2049/2565/4
f 2058/2573/4 2061/2571/4 2047/2566/4
f 2047/2566/4 2043/2564/4 2058/2573/4
f 2246/2574/4 2056/8247/4 2055/2989/4
f 2055/2989/4 2054/2570/4 2246/2574/4
f 2052/2572/4 2057/2567/4 2060/2991/4
f 2060/2991/4 2059/2575/4 2052/2572/4
f 2063/2576/4 2062/3167/4 2053/2577/4
f 2079/2583/4 2075/2581/4 2065/2582/4
f 2065/2582/4 2064/2580/4 2079/2583/4
f 137/696/4 141/698/4 2096/8248/4
f 2099/2587/4 2103/2585/4 2069/2584/4
f 137/696/4 2096/8248/4 2099/2587/4
f 2069/2584/4 2068/958/4 137/696/4
f 136/634/4 2068/958/4 2069/2584/4
f 2069/2584/4 2064/2580/4 136/634/4
f 2064/2580/4 2069/2584/4 2071/2588/4
f 2069/2584/4 2067/2586/4 2107/8249/4
f 2107/8249/4 2111/2590/4 2069/2584/4
f 2091/2594/4 2087/2592/4 2064/2580/4
f 2064/2580/4 2070/2589/4 2091/2594/4
f 142/1521/6 139/11/6 2075/12/6
f 2075/12/6 2074/2595/6 142/1521/6
f 146/1554/6 2076/1553/6 2074/2595/6
f 2074/2595/6 2077/2596/6 146/1554/6
f 2074/2595/6 2075/12/6 2079/2598/6
f 2077/2596/6 2074/2595/6 2078/2599/6
f 2078/2599/6 2080/27/6 2077/2596/6
f 2078/2599/6 2079/2598/6 2083/2600/6
f 2080/27/6 2078/2599/6 2082/2601/6
f 2082/2601/6 2084/2602/6 2080/27/6
f 2066/4/6 2087/2615/6 2086/2606/6
f 2086/2606/6 2082/2601/6 2066/4/6
f 2084/2602/6 2082/2601/6 2086/2606/6
f 2086/2606/6 2088/2604/6 2084/2602/6
f 2086/2606/6 2087/2615/6 2091/2607/6
f 2088/2604/6 2086/2606/6 2090/2608/6
f 2090/2608/6 2092/2609/6 2088/2604/6
f 2090/2608/6 2091/2607/6 2073/2611/6
f 2090/2608/6 2094/2612/6 2371/2613/6
f 2092/2609/6 2090/2608/6 1872/2614/6
f 1872/2614/6 1873/33/6 2092/2609/6
f 149/1521/5 2095/1553/5 2097/2595/5
f 2097/2595/5 2096/12/5 149/1521/5
f 150/1554/5 159/2597/5 2098/2596/5
f 2098/2596/5 2097/2595/5 150/1554/5
f 2100/2599/5 2099/2598/5 2096/12/5
f 2098/2596/5 2101/24/5 2102/27/5
f 2102/27/5 2100/2599/5 2098/2596/5
f 2104/2601/5 2103/2600/5 2099/2598/5
f 2102/27/5 2105/2603/5 2106/2602/5
f 2106/2602/5 2104/2601/5 2102/27/5
f 2067/4/5 2103/2600/5 2104/2601/5
f 2104/2601/5 2108/2606/5 2067/4/5
f 2106/2602/5 2109/2605/5 2110/2604/5
f 2110/2604/5 2108/2606/5 2106/2602/5
f 2107/2615/5 2108/2606/5 2112/2608/5
f 2110/2604/5 2114/2610/5 2113/2609/5
f 2113/2609/5 2112/2608/5 2110/2604/5
f 2111/2607/5 2112/2608/5 2115/2612/5
f 2113/2609/5 2031/2440/5 1886/33/5
f 2112/2608/5 2113/2609/5 2373/2614/5
f 2370/2613/5 2115/2612/5 2112/2608/5
f 2205/2721/4 2186/8261/4 2227/2744/4
f 2228/2743/4 2204/8262/4 2205/2721/4
f 2204/8262/4 2203/2719/4 2205/2721/4
f 2205/2721/4 2227/2744/4 2228/2743/4
f 2202/2720/4 2207/8263/4 2206/2722/4
f 2211/2723/4 2210/8264/4 2209/2724/4
f 2206/2722/4 2207/8263/4 2216/8268/4
f 2216/8268/4 2214/8269/4 2206/2722/4
f 2214/8269/4 2215/2731/4 2206/2722/4
f 2235/2739/4 2223/2757/4 2222/8271/4
f 2222/8271/4 2221/2737/4 2235/2739/4
f 2302/2745/4 2180/8273/4 2226/8274/4
f 2226/8274/4 2228/2743/4 2302/2745/4
f 2179/2746/4 2231/8275/4 2230/2747/4
f 2229/2748/4 2230/2747/4 2232/8276/4
f 2232/8276/4 2329/2756/4 2229/2748/4
f 2189/2761/4 2240/8278/4 2239/2762/4
f 2238/2763/4 2239/2762/4 2242/8280/4
f 2242/8280/4 2243/2767/4 2238/2763/4
f 2251/2770/5 2244/2774/5 2246/2684/5
f 2246/2684/5 2050/2669/5 2251/2770/5
f 2034/54/5 2035/8281/5 2298/8282/5
f 2298/8282/5 2245/2771/5 2034/54/5
f 2041/2429/5 2034/54/5 2248/2772/5
f 2249/2773/5 2250/2769/5 2041/2429/5
f 2250/2769/5 2050/2669/5 2041/2429/5
f 2056/50/5 2246/2684/5 2244/2774/5
f 2216/2776/5 2213/2910/5 2249/2773/5
f 2212/2777/5 2218/2906/5 2251/2770/5
f 2252/2778/5 2247/2775/5 2244/2774/5
f 2257/2783/3 2256/8283/3 2254/2784/3
f 2264/2790/3 2262/8285/3 2261/8286/3
f 2261/8286/3 2260/2788/3 2264/2790/3
f 2279/2801/3 2267/8288/3 2271/2802/3
f 2273/2803/3 2274/2798/3 2279/2801/3
f 2274/2798/3 2269/2800/3 2279/2801/3
f 2304/2806/3 2274/2798/3 2273/2803/3
f 2273/2803/3 2272/2804/3 2304/2806/3
f 2275/2805/3 2272/2804/3 2277/2807/3
f 2277/2807/3 2265/2811/3 2248/2813/3
f 2248/2813/3 2245/2810/3 2277/2807/3
f 1870/2814/6 2266/2815/6 2049/2438/6
f 2053/2440/6 2062/33/6 1870/2814/6
f 2039/26/6 2049/2438/6 2266/2815/6
f 2267/2816/6 2279/2817/6 2039/26/6
f 2297/2819/6 2038/8289/6 2039/26/6
f 2039/26/6 2279/2817/6 2297/2819/6
f 2036/87/2 2038/8019/2 2297/2838/2
f 2036/87/2 2296/2839/2 2298/2840/2
f 2270/2855/2 2299/88/2 2296/2839/2
f 2296/2839/2 2297/2838/2 2270/2855/2
f 2296/2839/2 2299/88/2 2300/2866/2
f 2300/2866/2 2278/92/2 2296/2839/2
f 2233/2856/6 2266/2815/6 1870/2814/6
f 2214/2858/2 2216/8300/2 2248/2859/2
f 2239/2863/2 2240/8301/2 2259/8302/2
f 2259/8302/2 2260/2861/2 2239/2863/2
f 2299/88/2 2270/2855/2 2221/2867/2
f 2343/102/2 2318/108/2 2299/88/2
f 2318/108/2 2300/2866/2 2299/88/2
f 2301/2865/2 2204/105/2 2278/92/2
f 2278/2868/5 2204/8303/5 2228/2869/5
f 2277/2874/5 2227/8304/5 2186/8305/5
f 2186/8305/5 2183/2871/5 2277/2874/5
f 2180/2883/2 2302/2884/2 2272/2885/2
f 2272/2885/2 2273/2882/2 2180/2883/2
f 2302/2884/2 2227/2858/2 2277/2860/2
f 2274/2886/6 2220/8306/6 2221/2887/6
f 2275/2892/1 2276/8307/1 2228/8308/1
f 2228/8308/1 2226/2890/1 2275/2892/1
f 2304/2889/1 2303/2891/1 2220/2893/1
f 2179/2897/6 2176/8309/6 2273/8310/6
f 2273/8310/6 2271/2895/6 2179/2897/6
f 2264/2899/6 2189/8311/6 2190/2900/6
f 2261/2903/5 2243/2871/5 2242/2904/5
f 2201/2907/5 2305/8312/5 2254/2908/5
f 2255/2916/6 2209/8313/6 2210/2917/6
f 2204/105/2 2301/2865/2 2317/2937/2
f 2317/2937/2 2316/106/2 2204/105/2
f 2203/2938/5 2316/2952/5 2319/2925/5
f 2202/2939/5 2319/2925/5 2320/2926/5
f 2213/2910/5 2216/2776/5 2320/2926/5
f 2320/2926/5 2321/2947/5 2213/2910/5
f 2327/2948/5 1947/2955/5 2252/2778/5
f 2217/2779/5 2218/2906/5 2321/2947/5
f 2327/2948/5 2252/2778/5 2217/2779/5
f 2323/131/2 2316/106/2 2317/2937/2
f 2325/2780/3 2323/8318/3 2322/2950/3
f 1946/2951/3 2325/2780/3 2324/2711/3
f 2320/2926/3 2319/2925/3 2316/2952/3
f 2325/2954/5 2327/2948/5 2321/2947/5
f 2321/2947/5 2320/2926/5 2325/2954/5
f 2325/2954/5 1946/3215/5 1947/2955/5
f 2329/2956/3 2232/2898/3 2233/2856/3
f 2346/2960/6 2328/2957/6 2233/2856/6
f 2233/2856/6 1871/2857/6 2029/2958/6
f 1978/2959/6 1979/8319/6 2346/2960/6
f 2233/2856/6 2029/2958/6 2346/2960/6
f 2342/2962/6 2222/8320/6 2223/2975/6
f 2223/2975/6 2329/2956/6 2342/2962/6
f 2329/2956/6 2328/2957/6 2342/2962/6
f 2221/2867/2 2222/101/2 2342/100/2
f 2342/100/2 2341/104/2 2221/2867/2
f 2343/102/2 2341/104/2 2317/2937/2
f 2341/104/2 2342/100/2 2330/135/2
f 2317/2937/2 2341/104/2 2344/133/2
f 2345/2980/3 2324/2711/3 2322/2950/3
f 2328/2983/3 2346/2985/3 2345/2980/3
f 2345/2980/3 2344/2981/3 2328/2983/3
f 2347/2984/3 2345/2980/3 2346/2985/3
f 2345/2980/3 2347/2984/3 2326/2713/3
f 29/2987/4 60/3098/4 1925/2317/4
f 2055/2989/4 2056/8247/4 2349/1385/4
f 2354/1382/4 2350/2997/4 2059/2575/4
f 2059/2575/4 2060/2991/4 2354/1382/4
f 2353/1379/4 2062/3167/4 2063/2576/4
f 79/2995/4 2354/1382/4 2351/2992/4
f 2351/2992/4 2348/2990/4 79/2995/4
f 79/2995/4 80/2996/4 2352/2993/4
f 2350/2997/4 2354/1382/4 79/2995/4
f 5/2998/4 2355/3000/4 2070/2589/4
f 2070/2589/4 2071/2588/4 5/2998/4
f 2/2999/4 3/1845/4 2071/2588/4
f 2355/3000/4 11/3049/4 2073/2593/4
f 1914/2628/6 1875/2632/6 17/3001/6
f 17/3003/4 1875/3027/4 1872/2551/4
f 1/1203/5 2/3018/5 2072/2611/5
f 2072/2611/5 2115/2612/5 1/1203/5
f 2115/2612/5 2370/2613/5 2369/3017/5
f 2094/2612/6 2073/2611/6 11/3018/6
f 2094/2612/6 12/1300/6 2372/3017/6
f 2373/2614/5 8/3021/5 2369/3017/5
f 2371/2613/6 2372/3017/6 13/3021/6
f 2375/32/5 22/3043/5 8/3021/5
f 8/3021/5 2373/2614/5 2375/32/5
f 1921/3022/6 31/3028/6 29/3023/6
f 1918/3024/6 1913/2628/6 25/3002/6
f 25/3026/4 1913/3030/4 1914/3027/4
f 1922/3022/6 1917/3024/6 28/3025/6
f 28/3029/4 1917/3032/4 1918/3030/4
f 31/3031/4 1921/8329/4 1922/3032/4
f 1944/3033/6 1937/3104/6 73/3034/6
f 100/3036/5 74/3105/5 1940/3037/5
f 49/3039/5 47/3189/5 1906/3040/5
f 2375/32/5 1886/33/5 1887/3041/5
f 2374/3042/5 2376/3062/5 39/8330/5
f 39/8330/5 22/3043/5 2374/3042/5
f 2381/3046/3 2377/3052/3 1890/8328/3
f 1890/8328/3 1891/3044/3 2381/3046/3
f 2379/3047/3 2378/3045/3 1891/3044/3
f 2384/3050/3 1898/2593/3 1901/8331/3
f 1901/8331/3 40/3048/3 2384/3050/3
f 37/3051/3 2382/1845/3 2381/3046/3
f 2383/3000/3 37/3051/3 2378/3045/3
f 2379/3047/3 2380/3054/3 2383/3000/3
f 38/3053/3 39/2999/3 2376/8332/3
f 2376/8332/3 2377/3052/3 38/3053/3
f 34/3049/3 2383/3000/3 2380/3054/3
f 2380/55/2 2379/8333/2 2386/8334/2
f 2386/8334/2 2385/3055/2 2380/55/2
f 2377/3057/2 2376/57/2 2374/3058/2
f 1883/2552/3 1897/2551/3 2385/158/3
f 2385/158/3 2386/159/3 1883/2552/3
f 1887/3060/3 1893/3016/3 2387/154/3
f 1890/48/5 2377/57/5 2387/3058/5
f 1898/48/5 2384/57/5 2385/3058/5
f 1895/3041/6 2386/3042/6 2379/3062/6
f 43/3064/5 40/8330/5 1901/3063/5
f 46/3066/5 42/3064/5 1899/3065/5
f 43/3048/3 1902/8331/3 1899/3068/3
f 48/3070/5 45/3066/5 1903/3067/5
f 46/3069/3 1905/3068/3 1903/3072/3
f 48/3073/3 1907/3072/3 1906/3074/3
f 1934/48/6 1929/3061/6 65/3076/6
f 67/3078/5 66/3081/5 1932/3079/5
f 1930/3061/6 1925/50/6 60/3023/6
f 63/3081/5 61/3097/5 1928/3082/5
f 56/3083/5 54/3088/5 1916/2955/5
f 53/3085/5 51/3039/5 1908/2775/5
f 49/3075/3 1910/3074/3 1908/3086/3
f 55/3088/5 52/3085/5 1912/2778/5
f 53/3087/3 1911/3086/3 1912/3089/3
f 55/3090/3 1915/3089/3 1916/3091/3
f 59/3093/5 57/3083/5 1920/3084/5
f 56/3092/3 1919/3091/3 1920/3095/3
f 62/3097/5 58/3093/5 1924/3094/5
f 59/3096/3 1923/3095/3 1924/2988/3
f 62/2987/3 1927/2988/3 1928/2317/3
f 65/3099/4 1929/3107/4 1930/3100/4
f 63/3098/3 1931/2317/3 1932/3102/3
f 1938/3104/6 1933/48/6 69/3077/6
f 71/3105/5 70/3078/5 1936/3080/5
f 69/3106/4 1933/3111/4 1934/3107/4
f 67/3103/3 1935/3102/3 1936/3108/3
f 73/3110/4 1937/3191/4 1938/3111/4
f 71/3109/3 1939/3108/3 1940/3112/3
f 122/3115/3 2388/3117/3 2347/2984/3
f 2347/2984/3 1979/2986/3 122/3115/3
f 119/3118/3 2390/3116/3 2326/2713/3
f 2326/2713/3 2347/2984/3 119/3118/3
f 1945/3119/3 1946/8247/3 2390/2994/3
f 1949/3123/3 1945/3119/3 120/3120/3
f 103/3121/3 104/3216/3 1961/3122/3
f 1949/3123/3 120/3120/3 103/3121/3
f 128/3126/3 2391/3128/3 1971/3127/3
f 1971/3127/3 1974/3124/3 128/3126/3
f 126/3129/3 2393/3131/3 1970/3130/3
f 1970/3130/3 1971/3127/3 126/3129/3
f 124/3132/3 2389/2996/3 1979/3167/3
f 1979/3167/3 1970/3130/3 124/3132/3
f 1974/3124/3 1976/8335/3 2394/3133/3
f 2399/3134/6 80/3043/6 81/3135/6
f 2395/3137/3 2396/3140/3 1870/2814/3
f 2353/32/6 80/3043/6 2399/3134/6
f 2400/3138/6 2395/3137/6 2353/32/6
f 2395/3137/6 2062/33/6 2353/32/6
f 2398/3139/6 2397/3145/6 2396/3140/6
f 2402/3141/6 2401/8336/6 2400/3138/6
f 2404/3142/6 2403/3136/6 81/3135/6
f 95/3144/6 2401/8336/6 2402/3141/6
f 2404/3142/6 89/3143/6 95/3144/6
f 2029/2958/6 1871/2857/6 2397/3145/6
f 2398/3139/6 2401/8336/6 2029/2958/6
f 2401/8336/6 95/3144/6 2029/2958/6
f 1950/3146/4 1951/3187/4 91/3147/4
f 2408/3151/4 2405/8337/4 2407/8338/4
f 2407/8338/4 86/3149/4 2408/3151/4
f 2406/3150/4 2410/8340/4 2409/3155/4
f 2412/3160/4 97/8343/4 90/3161/4
f 2409/3155/4 2410/8340/4 97/8343/4
f 97/8343/4 2412/3160/4 2409/3155/4
f 2412/3160/4 2413/8344/4 2409/3155/4
f 2413/8344/4 2414/3163/4 2409/3155/4
f 2419/3181/3 2424/8348/3 2417/3182/3
f 82/3185/3 85/8349/3 2421/8350/3
f 2421/8350/3 2419/3181/3 82/3185/3
f 2419/3181/3 2418/3183/3 82/3185/3
f 2418/3183/3 2422/3186/3 82/3185/3
f 88/8351/3 82/3185/3 2423/3184/3
f 1958/3187/4 1959/8352/4 76/3188/4
f 1969/3040/6 1943/3033/6 102/3035/6
f 102/3190/4 1943/3192/4 1944/3191/4
f 1968/3040/6 75/3189/6 76/3039/6
f 75/3188/4 1968/8352/4 1969/3192/4
f 2349/56/5 2056/50/5 2247/2775/5
f 2247/2775/5 84/3039/5 2349/56/5
f 2416/3197/5 2414/8357/5 2417/3198/5
f 2413/3200/5 2412/8358/5 2422/3201/5
f 2411/3203/5 90/8359/5 88/3204/5
f 2421/3206/6 85/8360/6 86/3207/6
f 1958/2775/6 117/3039/6 91/3085/6
f 2252/2778/5 87/3085/5 84/3039/5
f 1947/2951/4 1948/3146/4 93/3148/4
f 1947/2955/5 98/3088/5 87/3085/5
f 1950/2778/6 92/3085/6 93/3088/6
f 1961/3215/5 104/3217/5 99/3036/5
f 100/3113/3 1941/3112/3 1942/3122/3
f 1977/3037/6 2021/2955/6 130/3088/6
f 130/3088/6 2394/3217/6 1977/3037/6
f 125/3221/4 2433/3222/4 2432/3224/4
f 2432/3224/4 2024/3219/4 125/3221/4
f 127/3225/4 129/8364/4 2435/8365/4
f 2435/8365/4 2027/3223/4 127/3225/4
f 2022/3228/4 2435/8365/4 129/8364/4
f 129/8364/4 130/3226/4 2022/3228/4
f 123/3230/4 2434/3218/4 2431/3220/4
f 2025/3231/4 2028/3229/4 123/3230/4
f 2028/3229/4 95/3114/4 123/3230/4
f 2439/3236/4 2438/3232/4 2464/3234/4
f 2461/3235/4 2436/3239/4 2439/3236/4
f 4266/3238/4 2440/3254/4 2438/3232/4
f 2438/3232/4 2439/3236/4 4266/3238/4
f 2443/3242/4 2439/3236/4 2458/3240/4
f 2456/3241/4 2442/3245/4 2443/3242/4
f 4264/3244/4 2441/3237/4 2439/3236/4
f 2439/3236/4 2443/3242/4 4264/3244/4
f 2452/3248/4 2446/8366/4 4252/8367/4
f 4253/3247/4 2445/3249/4 2443/3242/4
f 2452/3248/4 4252/8367/4 4253/3247/4
f 2443/3242/4 2457/3246/4 2452/3248/4
f 4263/3253/4 2444/3243/4 2443/3242/4
f 2443/3242/4 4254/3250/4 4263/3253/4
f 4254/3250/4 4255/3251/4 4263/3253/4
f 2440/3254/4 2449/8368/4 2448/3255/4
f 2468/3256/4 2450/8369/4 2437/3233/4
f 2437/3233/4 2438/3232/4 2468/3256/4
f 2453/3257/4 2446/8366/4 2452/3248/4
f 2442/3245/4 2456/3241/4 2455/3276/4
f 2455/3276/4 2474/3259/4 2442/3245/4
f 2436/3239/4 2461/3235/4 2460/3271/4
f 2472/3261/4 2459/3272/4 2458/3240/4
f 2436/3239/4 2460/3271/4 2472/3261/4
f 2437/3233/4 2450/8369/4 2463/3281/4
f 2463/3281/4 2471/3262/4 2437/3233/4
f 2448/3255/4 2449/8368/4 2466/3264/4
f 2468/3256/4 2448/3255/4 2465/3265/4
f 2462/3263/4 2471/3262/4 2470/3267/4
f 2460/3271/4 2462/3263/4 2488/3268/4
f 2488/3268/4 2487/3269/4 2460/3271/4
f 2459/3272/4 2472/3261/4 2469/3270/4
f 2455/3276/4 2459/3272/4 2484/3273/4
f 2484/3273/4 2480/3274/4 2455/3276/4
f 2454/3260/4 2474/3259/4 2473/3275/4
f 2451/3258/4 2454/3260/4 2481/3277/4
f 2481/3277/4 2477/3279/4 2451/3258/4
f 2477/3279/4 4256/3278/4 2451/3258/4
f 4258/3282/4 2476/8370/4 2470/3267/4
f 2470/3267/4 2471/3262/4 4258/3282/4
f 2479/3283/4 2478/8371/4 2475/3280/4
f 2532/3285/4 2482/3363/4 2481/3277/4
f 2481/3277/4 2473/3275/4 2532/3285/4
f 2469/3270/4 2487/3269/4 2486/8372/4
f 2527/3286/4 2485/3359/4 2484/3273/4
f 2469/3270/4 2486/8372/4 2527/3286/4
f 2470/3267/4 2476/8370/4 4287/3287/4
f 4287/3287/4 2526/3289/4 2470/3267/4
f 2526/3289/4 2489/3290/4 2470/3267/4
f 2630/3294/4 2493/3339/4 2492/3341/4
f 2492/3341/4 3071/3292/4 2630/3294/4
f 2628/3298/4 2494/3291/4 2491/3293/4
f 2491/3293/4 3069/3296/4 2628/3298/4
f 2626/3302/4 2496/3295/4 2495/3297/4
f 2495/3297/4 3067/3300/4 2626/3302/4
f 2624/3306/4 2498/3299/4 2497/3301/4
f 2497/3301/4 3065/3304/4 2624/3306/4
f 2622/3310/4 2500/3303/4 2499/3305/4
f 2499/3305/4 3063/3308/4 2622/3310/4
f 2620/3314/4 2502/3307/4 2501/3309/4
f 2501/3309/4 3061/3312/4 2620/3314/4
f 2618/3317/4 2504/3311/4 2503/3313/4
f 2503/3313/4 3059/114/4 2618/3317/4
f 2616/3321/4 2506/3315/4 2505/3316/4
f 2505/3316/4 3057/3319/4 2616/3321/4
f 2604/3325/4 2508/3318/4 2507/3320/4
f 3023/3326/4 3024/3323/4 2604/3325/4
f 3024/3323/4 2510/3322/4 2604/3325/4
f 2605/3328/4 2510/3322/4 3028/3327/4
f 3029/3329/4 2511/3334/4 2605/3328/4
f 2511/3334/4 2512/3333/4 2605/3328/4
f 3793/3332/4 3789/3336/4 3038/3330/4
f 3042/3331/4 2514/5868/4 3793/3332/4
f 2517/3338/4 2512/3333/4 3033/3335/4
f 3036/4579/4 3038/3330/4 2517/3338/4
f 3038/3330/4 3789/3336/4 2517/3338/4
f 2517/3338/4 3033/3335/4 3036/4579/4
f 2615/3342/4 2516/3461/4 2515/5863/4
f 2515/5863/4 3054/3340/4 2615/3342/4
f 2519/3343/4 2518/3345/4 2517/3338/4
f 3815/3349/4 3811/3346/4 2520/3348/4
f 2520/3348/4 2518/3345/4 3815/3349/4
f 2592/3352/4 2522/3356/4 2525/3355/4
f 2525/3355/4 2524/3350/4 2592/3352/4
f 2528/3354/4 2527/3286/4 2486/8372/4
f 2486/8372/4 2489/3290/4 2528/3354/4
f 2524/3350/4 2525/3355/4 2528/3354/4
f 2595/3357/4 2530/3361/4 2531/3360/4
f 2531/3360/4 2525/3355/4 2595/3357/4
f 2528/3354/4 2533/3358/4 2483/3284/4
f 2485/3359/4 2527/3286/4 2528/3354/4
f 2525/3355/4 2531/3360/4 2533/3358/4
f 2598/3362/4 2534/3448/4 2535/8373/4
f 2535/8373/4 2531/3360/4 2598/3362/4
f 4282/3364/4 2478/8371/4 2479/3283/4
f 2479/3283/4 2482/3363/4 2533/3358/4
f 2533/3358/4 2536/3366/4 4282/3364/4
f 2531/3360/4 2535/8373/4 4284/6174/4
f 4284/6174/4 4281/3365/4 2531/3360/4
f 4289/3368/4 2537/8374/4 2524/3350/4
f 2524/3350/4 2529/3353/4 4289/3368/4
f 4288/3369/4 2538/3367/4 2529/3353/4
f 2529/3353/4 2526/3289/4 4288/3369/4
f 2524/3350/4 2537/8374/4 2539/3370/4
f 2887/3374/4 2540/3434/4 2580/8375/4
f 2580/8375/4 2543/3384/4 2887/3374/4
f 2543/3384/4 2542/3371/4 2887/3374/4
f 4244/3377/4 2544/3393/4 2547/3375/4
f 2547/3375/4 2546/3428/4 2584/3376/4
f 2584/3376/4 2545/3430/4 4244/3377/4
f 2583/3380/4 2546/3428/4 2547/3375/4
f 2547/3375/4 2549/3378/4 2583/3380/4
f 2582/3383/4 2548/3379/4 2549/3378/4
f 2549/3378/4 2551/3381/4 2582/3383/4
f 2581/3385/4 2550/3382/4 2551/3381/4
f 2551/3381/4 2542/3371/4 2581/3385/4
f 2610/3387/4 2552/3396/4 2542/3371/4
f 2542/3371/4 2551/3381/4 2610/3387/4
f 2551/3381/4 2549/3378/4 4300/3389/4
f 2609/3390/4 2553/3386/4 2551/3381/4
f 4299/3392/4 2554/3388/4 2549/3378/4
f 2549/3378/4 2547/3375/4 4299/3392/4
f 4298/3395/4 2555/3391/4 2547/3375/4
f 2547/3375/4 2544/3393/4 4298/3395/4
f 2877/3398/4 2541/3372/4 2542/3371/4
f 2542/3371/4 2552/3396/4 2877/3398/4
f 2905/3401/4 2558/3415/4 2561/3414/4
f 2561/3414/4 2560/3399/4 2905/3401/4
f 4278/3404/4 2562/3431/4 2565/3406/4
f 2565/3406/4 2564/3402/4 4278/3404/4
f 2567/3405/4 2566/3408/4 2564/3402/4
f 2569/3407/4 2568/3410/4 2566/3408/4
f 2571/3409/4 2570/3412/4 2568/3410/4
f 2573/3411/4 2572/3413/4 2570/3412/4
f 2560/3399/4 2561/3414/4 2572/3413/4
f 2903/3416/4 2574/8376/4 2575/3426/4
f 2575/3426/4 2561/3414/4 2903/3416/4
f 4277/3417/4 2563/3403/4 2564/3402/4
f 2564/3402/4 2465/3265/4 4277/3417/4
f 4270/3419/4 2467/3266/4 2564/3402/4
f 2564/3402/4 2566/3408/4 4270/3419/4
f 4294/3421/4 2576/3418/4 2566/3408/4
f 2566/3408/4 2568/3410/4 4294/3421/4
f 4293/3423/4 2577/3420/4 2568/3410/4
f 2568/3410/4 2570/3412/4 4293/3423/4
f 2607/3425/4 2578/3422/4 2570/3412/4
f 2570/3412/4 2572/3413/4 2607/3425/4
f 2606/3427/4 2579/3424/4 2572/3413/4
f 2572/3413/4 2561/3414/4 2606/3427/4
f 2543/3384/4 2580/8375/4 2560/3399/4
f 2560/3399/4 2573/3411/4 2543/3384/4
f 2550/3382/4 2581/3385/4 2573/3411/4
f 2573/3411/4 2571/3409/4 2550/3382/4
f 2548/3379/4 2582/3383/4 2571/3409/4
f 2571/3409/4 2569/3407/4 2548/3379/4
f 2546/3428/4 2583/3380/4 2569/3407/4
f 2569/3407/4 2567/3405/4 2546/3428/4
f 2545/3430/4 2584/3376/4 2567/3405/4
f 2567/3405/4 2565/3406/4 2545/3430/4
f 4273/3433/4 2585/3429/4 2565/3406/4
f 2565/3406/4 2562/3431/4 4273/3433/4
f 2560/3399/4 2580/8375/4 2540/3434/4
f 2901/3437/4 2587/3440/4 2590/3438/4
f 2590/3438/4 2589/3435/4 2901/3437/4
f 2589/3435/4 2590/3438/4 2523/3351/4
f 2589/3435/4 2523/3351/4 2539/3370/4
f 4791/3439/4 2591/8377/4 2589/3435/4
f 2899/3441/4 2593/3443/4 2594/3442/4
f 2594/3442/4 2590/3438/4 2899/3441/4
f 2522/3356/4 2592/3352/4 2590/3438/4
f 2590/3438/4 2594/3442/4 2522/3356/4
f 2896/3444/4 2596/3446/4 2597/3445/4
f 2597/3445/4 2594/3442/4 2896/3444/4
f 2530/3361/4 2595/3357/4 2594/3442/4
f 2594/3442/4 2597/3445/4 2530/3361/4
f 2897/3447/4 2599/3450/4 2600/3449/4
f 2600/3449/4 2597/3445/4 2897/3447/4
f 2600/3449/4 2601/8378/4 4795/8379/4
f 4795/8379/4 2534/3448/4 2600/3449/4
f 2641/3451/4 2602/3454/4 2603/3452/4
f 2603/3452/4 2600/3449/4 2641/3451/4
f 2600/3449/4 2603/3452/4 2520/3348/4
f 4805/3453/4 2601/8378/4 2600/3449/4
f 2510/3322/4 2605/3328/4 2603/3452/4
f 2603/3452/4 2602/3454/4 2510/3322/4
f 2512/3333/4 2517/3338/4 2518/3345/4
f 2518/3345/4 2603/3452/4 2512/3333/4
f 2579/3424/4 2606/3427/4 2589/3435/4
f 2589/3435/4 2591/8377/4 2579/3424/4
f 2591/8377/4 4781/3455/4 2579/3424/4
f 2575/3426/4 2574/8376/4 2588/3436/4
f 2588/3436/4 2589/3435/4 2575/3426/4
f 2553/3386/4 2609/3390/4 4823/8380/4
f 4813/3458/4 2608/7800/4 5809/3456/4
f 2553/3386/4 4823/8380/4 4813/3458/4
f 5809/3456/4 2610/3387/4 2553/3386/4
f 2611/3457/4 2612/3531/4 2874/3459/4
f 2874/3459/4 2552/3396/4 2611/3457/4
f 2615/3342/4 2614/3470/4 2613/3460/4
f 2508/3318/4 2604/3325/4 2602/3454/4
f 2602/3454/4 2617/3462/4 2508/3318/4
f 2506/3315/4 2616/3321/4 2617/3462/4
f 2617/3462/4 2619/3463/4 2506/3315/4
f 2504/3311/4 2618/3317/4 2619/3463/4
f 2619/3463/4 2621/3464/4 2504/3311/4
f 2502/3307/4 2620/3314/4 2621/3464/4
f 2621/3464/4 2623/3465/4 2502/3307/4
f 2500/3303/4 2622/3310/4 2623/3465/4
f 2623/3465/4 2625/3466/4 2500/3303/4
f 2498/3299/4 2624/3306/4 2625/3466/4
f 2625/3466/4 2627/3467/4 2498/3299/4
f 2496/3295/4 2626/3302/4 2627/3467/4
f 2627/3467/4 2629/3468/4 2496/3295/4
f 2494/3291/4 2628/3298/4 2629/3468/4
f 2629/3468/4 2631/3469/4 2494/3291/4
f 2493/3339/4 2630/3294/4 2631/3469/4
f 2631/3469/4 2614/3470/4 2493/3339/4
f 2862/3472/4 2632/8381/4 2614/3470/4
f 2614/3470/4 2631/3469/4 2862/3472/4
f 2861/3474/4 2633/3471/4 2631/3469/4
f 2631/3469/4 2629/3468/4 2861/3474/4
f 2859/3476/4 2634/3473/4 2629/3468/4
f 2629/3468/4 2627/3467/4 2859/3476/4
f 2857/3478/4 2635/3475/4 2627/3467/4
f 2627/3467/4 2625/3466/4 2857/3478/4
f 2855/3480/4 2636/3477/4 2625/3466/4
f 2625/3466/4 2623/3465/4 2855/3480/4
f 2854/3482/4 2637/3479/4 2623/3465/4
f 2623/3465/4 2621/3464/4 2854/3482/4
f 2852/3484/4 2638/3481/4 2621/3464/4
f 2621/3464/4 2619/3463/4 2852/3484/4
f 2849/3486/4 2639/3483/4 2619/3463/4
f 2619/3463/4 2617/3462/4 2849/3486/4
f 2848/3487/4 2640/3485/4 2617/3462/4
f 2617/3462/4 2602/3454/4 2848/3487/4
f 2614/3470/4 2632/8381/4 2642/3488/4
f 2951/3491/4 2646/3492/4 2645/3494/4
f 2645/3494/4 2644/3489/4 2951/3491/4
f 2646/3492/4 2648/5200/4 2647/3493/4
f 2692/3497/4 2649/3502/4 2652/3499/4
f 2652/3499/4 2651/3495/4 2692/3497/4
f 2880/3398/4 2871/3459/4 2651/3495/4
f 2651/3495/4 2652/3499/4 2880/3398/4
f 2656/3501/4 2652/3499/4 2649/3502/4
f 2881/3373/4 2654/3500/4 2652/3499/4
f 2652/3499/4 2656/3501/4 2881/3373/4
f 2659/3505/4 2656/3501/4 2655/3503/4
f 2929/3400/4 2891/3434/4 2656/3501/4
f 2656/3501/4 2659/3505/4 2929/3400/4
f 2662/3508/4 2659/3505/4 2658/3506/4
f 2931/3511/4 2660/3507/4 2659/3505/4
f 2659/3505/4 2662/3508/4 2931/3511/4
f 2665/3512/4 2662/3508/4 2661/3509/4
f 2934/3515/4 2663/3510/4 2662/3508/4
f 2662/3508/4 2665/3512/4 2934/3515/4
f 2668/3516/4 2665/3512/4 2664/3513/4
f 2936/3520/4 2666/3514/4 2665/3512/4
f 2665/3512/4 2668/3516/4 2936/3520/4
f 2671/3521/4 2668/3516/4 2667/3517/4
f 2940/3524/4 2669/3518/4 2668/3516/4
f 2668/3516/4 2671/3521/4 2940/3524/4
f 2674/3525/4 2671/3521/4 2670/3522/4
f 2942/3528/4 2672/3523/4 2671/3521/4
f 2671/3521/4 2674/3525/4 2942/3528/4
f 2674/3525/4 2673/3526/4 2677/3486/4
f 2943/3447/4 2675/3527/4 2674/3525/4
f 2674/3525/4 2800/3530/4 2801/3529/4
f 2801/3529/4 2946/3450/4 2674/3525/4
f 2975/3532/4 2679/8382/4 2651/3495/4
f 2651/3495/4 2653/3498/4 2975/3532/4
f 2651/3495/4 2679/8382/4 2681/3533/4
f 2655/3503/4 2649/3502/4 2683/3534/4
f 2658/3506/4 2655/3503/4 2682/3535/4
f 2661/3509/4 2658/3506/4 2684/3536/4
f 2664/3513/4 2661/3509/4 2685/3537/4
f 2667/3517/4 2664/3513/4 2686/3538/4
f 2670/3522/4 2667/3517/4 2687/3539/4
f 2673/3526/4 2670/3522/4 2688/3540/4
f 2806/3543/4 2677/3486/4 2673/3526/4
f 2673/3526/4 2689/3541/4 2806/3543/4
f 2649/3502/4 2692/3497/4 2691/3544/4
f 2777/3547/4 2693/3558/4 2696/3557/4
f 2696/3557/4 2695/3545/4 2777/3547/4
f 2691/3544/4 2699/3635/4 2698/3632/4
f 2698/3632/4 2697/3548/4 2691/3544/4
f 2697/3548/4 2698/3632/4 2701/3549/4
f 2700/3550/4 2701/3549/4 2703/3551/4
f 2702/3552/4 2703/3551/4 2705/3553/4
f 2704/3554/4 2705/3553/4 2707/3555/4
f 2706/3556/4 2707/3555/4 2695/3545/4
f 2778/3559/4 2708/3566/4 2709/3565/4
f 2709/3565/4 2696/3557/4 2778/3559/4
f 2682/3535/4 2683/3534/4 2697/3548/4
f 2710/3560/4 2697/3548/4 2700/3550/4
f 2711/3561/4 2700/3550/4 2702/3552/4
f 2712/3562/4 2702/3552/4 2704/3554/4
f 2713/3563/4 2704/3554/4 2706/3556/4
f 2714/3564/4 2706/3556/4 2696/3557/4
f 2781/3567/4 2715/3574/4 2716/3573/4
f 2716/3573/4 2709/3565/4 2781/3567/4
f 2684/3536/4 2682/3535/4 2710/3560/4
f 2717/3568/4 2710/3560/4 2711/3561/4
f 2718/3569/4 2711/3561/4 2712/3562/4
f 2719/3570/4 2712/3562/4 2713/3563/4
f 2720/3571/4 2713/3563/4 2714/3564/4
f 2721/3572/4 2714/3564/4 2709/3565/4
f 2783/3575/4 2722/3582/4 2723/3581/4
f 2723/3581/4 2716/3573/4 2783/3575/4
f 2685/3537/4 2684/3536/4 2717/3568/4
f 2724/3576/4 2717/3568/4 2718/3569/4
f 2725/3577/4 2718/3569/4 2719/3570/4
f 2726/3578/4 2719/3570/4 2720/3571/4
f 2727/3579/4 2720/3571/4 2721/3572/4
f 2728/3580/4 2721/3572/4 2716/3573/4
f 2785/3583/4 2729/3590/4 2730/3589/4
f 2730/3589/4 2723/3581/4 2785/3583/4
f 2686/3538/4 2685/3537/4 2724/3576/4
f 2731/3584/4 2724/3576/4 2725/3577/4
f 2732/3585/4 2725/3577/4 2726/3578/4
f 2733/3586/4 2726/3578/4 2727/3579/4
f 2734/3587/4 2727/3579/4 2728/3580/4
f 2735/3588/4 2728/3580/4 2723/3581/4
f 2787/3591/4 2736/3598/4 2737/3597/4
f 2737/3597/4 2730/3589/4 2787/3591/4
f 2687/3539/4 2686/3538/4 2731/3584/4
f 2738/3592/4 2731/3584/4 2732/3585/4
f 2739/3593/4 2732/3585/4 2733/3586/4
f 2740/3594/4 2733/3586/4 2734/3587/4
f 2741/3595/4 2734/3587/4 2735/3588/4
f 2742/3596/4 2735/3588/4 2730/3589/4
f 2776/3599/4 2743/3607/4 2744/3605/4
f 2744/3605/4 2737/3597/4 2776/3599/4
f 2688/3540/4 2687/3539/4 2738/3592/4
f 2745/3600/4 2738/3592/4 2739/3593/4
f 2746/3601/4 2739/3593/4 2740/3594/4
f 2747/3602/4 2740/3594/4 2741/3595/4
f 2748/3603/4 2741/3595/4 2742/3596/4
f 2749/3604/4 2742/3596/4 2737/3597/4
f 2751/3606/4 2744/3605/4 2743/3607/4
f 2689/3541/4 2688/3540/4 2745/3600/4
f 2752/3609/4 2745/3600/4 2746/3601/4
f 2753/3610/4 2746/3601/4 2747/3602/4
f 2754/3611/4 2747/3602/4 2748/3603/4
f 2755/3612/4 2748/3603/4 2749/3604/4
f 2756/3613/4 2749/3604/4 2744/3605/4
f 2832/3615/4 2757/3623/4 2751/3606/4
f 2751/3606/4 2750/3608/4 2832/3615/4
f 2847/3484/4 2690/3542/4 2689/3541/4
f 2689/3541/4 2752/3609/4 2847/3484/4
f 2843/3482/4 2759/3616/4 2752/3609/4
f 2752/3609/4 2753/3610/4 2843/3482/4
f 2842/3619/4 2760/3617/4 2753/3610/4
f 2753/3610/4 2754/3611/4 2842/3619/4
f 2838/3621/4 2761/3618/4 2754/3611/4
f 2754/3611/4 2755/3612/4 2838/3621/4
f 2837/3475/4 2762/3620/4 2755/3612/4
f 2755/3612/4 2756/3613/4 2837/3475/4
f 2756/3613/4 2751/3606/4 2757/3623/4
f 2986/3625/4 2764/3638/4 2695/3545/4
f 2695/3545/4 2707/3555/4 2986/3625/4
f 2988/3627/4 2765/3624/4 2707/3555/4
f 2707/3555/4 2705/3553/4 2988/3627/4
f 2990/3629/4 2766/3626/4 2705/3553/4
f 2705/3553/4 2703/3551/4 2990/3629/4
f 2992/3631/4 2767/3628/4 2703/3551/4
f 2703/3551/4 2701/3549/4 2992/3631/4
f 2994/3634/4 2768/3630/4 2701/3549/4
f 2701/3549/4 2698/3632/4 2994/3634/4
f 2981/3637/4 2769/3633/4 2698/3632/4
f 2698/3632/4 2699/3635/4 2981/3637/4
f 2984/3639/4 2771/7818/4 2694/3546/4
f 2694/3546/4 2695/3545/4 2984/3639/4
f 2750/3608/4 2743/3607/4 2773/3640/4
f 2868/3642/4 2758/3614/4 2750/3608/4
f 2750/3608/4 2772/3641/4 2868/3642/4
f 2743/3607/4 2776/3599/4 2775/3643/4
f 2693/3558/4 2777/3547/4 2780/3649/4
f 2780/3649/4 2779/3644/4 2693/3558/4
f 2708/3566/4 2778/3559/4 2779/3644/4
f 2779/3644/4 2782/3645/4 2708/3566/4
f 2715/3574/4 2781/3567/4 2782/3645/4
f 2782/3645/4 2784/3646/4 2715/3574/4
f 2722/3582/4 2783/3575/4 2784/3646/4
f 2784/3646/4 2786/3647/4 2722/3582/4
f 2729/3590/4 2785/3583/4 2786/3647/4
f 2786/3647/4 2788/3648/4 2729/3590/4
f 2694/3546/4 2771/7818/4 2789/8383/4
f 2789/8383/4 2780/3649/4 2694/3546/4
f 2791/3650/2 2790/3653/2 2645/3651/2
f 2790/3653/2 2792/3656/2 2644/3654/2
f 2790/3653/2 2794/3657/2 2793/3655/2
f 2791/3650/2 2795/5282/2 2794/3657/2
f 2801/3661/2 2800/3854/2 2798/3662/2
f 2799/3663/2 2803/3665/2 2802/2550/2
f 2802/2550/2 2678/3664/2 2799/3663/2
f 2851/3667/2 2804/3765/2 2802/2550/2
f 2802/2550/2 2803/3665/2 2851/3667/2
f 2798/3662/2 2800/3854/2 2676/3926/2
f 2676/3926/2 2677/3671/2 2798/3662/2
f 2677/3671/2 2831/3669/2 2798/3662/2
f 2850/3674/2 2797/3737/2 2807/3668/2
f 2807/3668/2 2805/3670/2 2850/3674/2
f 2836/3680/2 2812/3713/2 2809/3756/2
f 2809/3756/2 2814/3678/2 2836/3680/2
f 2841/3691/2 2820/3723/2 2817/3750/2
f 2817/3750/2 2822/3689/2 2841/3691/2
f 2846/3702/2 2828/3732/2 2825/3744/2
f 2853/3700/2 2830/3738/2 2829/3701/2
f 2846/3702/2 2825/3744/2 2853/3700/2
f 2867/3708/2 2834/3709/2 2833/8398/2
f 2811/3706/2 2757/3712/2 2832/3707/2
f 2867/3708/2 2833/8398/2 2811/3706/2
f 2863/3711/2 2810/3762/2 2833/8398/2
f 2833/8398/2 2834/3709/2 2863/3711/2
f 2812/3713/2 2836/3680/2 2763/3714/2
f 2763/3714/2 2757/3712/2 2812/3713/2
f 2813/3679/2 2816/3719/2 2837/3718/2
f 2837/3718/2 2763/3714/2 2813/3679/2
f 2816/3719/2 2840/3720/2 2839/3722/2
f 2839/3722/2 2819/3715/2 2816/3719/2
f 2819/3715/2 2762/3717/2 2816/3719/2
f 2840/3720/2 2815/3751/2 2818/3721/2
f 2761/3725/2 2838/3716/2 2820/3723/2
f 2820/3723/2 2841/3691/2 2761/3725/2
f 2821/3690/2 2824/3728/2 2760/3727/2
f 2760/3727/2 2842/3724/2 2821/3690/2
f 2824/3728/2 2845/3729/2 2844/2853/2
f 2827/3726/2 2843/3940/2 2760/3727/2
f 2824/3728/2 2844/2853/2 2827/3726/2
f 2845/3729/2 2823/3748/2 2826/3730/2
f 2759/3733/2 2843/3940/2 2827/3726/2
f 2827/3726/2 2828/3732/2 2759/3733/2
f 2690/3734/2 2847/3731/2 2829/3701/2
f 2829/3701/2 2831/3669/2 2690/3734/2
f 2640/3736/2 2848/3735/2 2796/3666/2
f 2797/3737/2 2850/3674/2 2640/3736/2
f 2850/3674/2 2849/3741/2 2640/3736/2
f 2830/3738/2 2853/3700/2 2852/3739/2
f 2808/3673/2 2830/3738/2 2639/3740/2
f 2639/3740/2 2849/3741/2 2808/3673/2
f 2825/3744/2 2826/3730/2 2638/3743/2
f 2638/3743/2 2852/3739/2 2825/3744/2
f 2823/3748/2 2856/3745/2 2637/3747/2
f 2637/3747/2 2854/3742/2 2823/3748/2
f 2636/3749/2 2855/3746/2 2822/3689/2
f 2817/3750/2 2858/3755/2 2636/3749/2
f 2858/3755/2 2857/3754/2 2636/3749/2
f 2815/3751/2 2860/3759/2 2859/3752/2
f 2818/3721/2 2815/3751/2 2635/3753/2
f 2635/3753/2 2857/3754/2 2818/3721/2
f 2814/3678/2 2809/3756/2 2634/3758/2
f 2634/3758/2 2859/3752/2 2814/3678/2
f 2810/3762/2 2863/3711/2 2633/3761/2
f 2633/3761/2 2861/3757/2 2810/3762/2
f 2632/3763/2 2862/3760/2 2835/3710/2
f 2865/3764/2 2864/8399/2 2632/3763/2
f 2864/8399/2 2642/3955/2 2632/3763/2
f 2851/3667/2 2848/3735/2 2641/165/2
f 2866/3772/2 2868/8402/2 2774/3929/2
f 2774/3929/2 2870/3770/2 2866/3772/2
f 2870/3770/2 2864/8399/2 2865/3764/2
f 2758/3773/2 2868/8402/2 2866/3772/2
f 2866/3772/2 2867/3708/2 2758/3773/2
f 2879/3776/5 2873/3777/5 2872/2853/5
f 2872/2853/5 2680/3940/5 2879/3776/5
f 2680/3940/5 2653/3774/5 2879/3776/5
f 2876/3778/5 2874/8403/5 2612/3742/5
f 2612/3742/5 2872/2853/5 2876/3778/5
f 2557/3781/5 2874/8403/5 2876/3778/5
f 2876/3778/5 2875/3779/5 2557/3781/5
f 2879/3776/5 2871/3775/5 2880/3786/5
f 2889/3789/5 2883/3928/5 2882/8406/5
f 2882/8406/5 2878/3787/5 2889/3789/5
f 2878/3787/5 2654/3788/5 2889/3789/5
f 2875/3779/5 2882/8406/5 2883/3928/5
f 2883/3928/5 2886/3790/5 2875/3779/5
f 2886/3790/5 2541/3792/5 2875/3779/5
f 2887/3741/5 2884/3791/5 2886/3790/5
f 2889/3789/5 2881/3734/5 2890/3671/5
f 2888/3797/5 2890/3671/5 2657/3926/5
f 2657/3926/5 2891/3854/5 2888/3797/5
f 2891/3854/5 2893/3668/5 2888/3797/5
f 2906/3737/5 2540/5279/5 2887/3741/5
f 2887/3741/5 2885/3674/5 2906/3737/5
f 2596/3804/5 2896/3799/5 2925/3801/5
f 2925/3801/5 2894/3802/5 2596/3804/5
f 2593/3809/5 2899/3806/5 2921/3808/5
f 2921/3808/5 2922/3805/5 2593/3809/5
f 2587/3814/5 2901/3811/5 2917/3813/5
f 2917/3813/5 2920/3810/5 2587/3814/5
f 2914/3818/5 2900/3812/5 2901/3811/5
f 2588/3819/5 2574/3815/5 2914/3818/5
f 2574/3815/5 2902/3817/5 2914/3818/5
f 2558/3821/5 2905/3822/5 2904/3823/5
f 2904/3823/5 2913/3820/5 2558/3821/5
f 2559/3824/5 2540/5279/5 2906/3737/5
f 2909/3825/5 2910/3765/5 2559/3824/5
f 2910/3765/5 2905/3822/5 2559/3824/5
f 2599/3828/5 2897/3803/5 2894/3802/5
f 2928/3826/5 2804/8409/5 2641/3827/5
f 2599/3828/5 2894/3802/5 2928/3826/5
f 2935/2679/5 2915/2672/5 2914/3818/5
f 2914/3818/5 2902/3817/5 2935/2679/5
f 2941/3847/5 2923/3872/5 2922/3805/5
f 2922/3805/5 2921/3808/5 2941/3847/5
f 2908/3856/5 2930/3857/5 2893/3668/5
f 2893/3668/5 2891/3854/5 2908/3856/5
f 2930/3857/5 2909/3825/5 2906/3737/5
f 2907/3858/5 2908/3856/5 2929/3855/5
f 2912/2674/5 2933/2673/5 2932/2550/5
f 2907/3858/5 2660/3664/5 2931/3859/5
f 2912/2674/5 2932/2550/5 2907/3858/5
f 2904/3823/5 2910/3765/5 2932/2550/5
f 2932/2550/5 2933/2673/5 2904/3823/5
f 2911/3835/5 2912/2674/5 2663/3860/5
f 2663/3860/5 2934/3861/5 2911/3835/5
f 2915/2672/5 2935/2679/5 2934/3861/5
f 2934/3861/5 2666/3862/5 2915/2672/5
f 2919/3866/5 2939/3867/5 2938/2547/5
f 2916/3864/5 2936/3863/5 2937/3865/5
f 2919/3866/5 2938/2547/5 2916/3864/5
f 2939/3867/5 2920/3810/5 2917/3813/5
f 2918/3846/5 2919/3866/5 2669/3868/5
f 2669/3868/5 2940/3869/5 2918/3846/5
f 2923/3872/5 2941/3847/5 2940/3869/5
f 2672/3870/5 2942/3873/5 2924/3871/5
f 2923/3872/5 2940/3869/5 2672/3870/5
f 2927/3876/5 2945/3877/5 2944/3878/5
f 2944/3878/5 2924/3871/5 2927/3876/5
f 2924/3871/5 2675/3874/5 2927/3876/5
f 2945/3877/5 2894/3802/5 2925/3801/5
f 2926/3879/5 2927/3876/5 2943/3875/5
f 2926/3879/5 2946/3880/5 2678/3895/5
f 2678/3895/5 2802/3881/5 2926/3879/5
f 2802/3881/5 2804/8409/5 2928/3826/5
f 2648/3883/6 2948/3886/6 2791/3884/6
f 2948/3886/6 2949/3905/6 2795/3887/6
f 2952/3888/1 2951/8421/1 2643/3889/1
f 2646/3891/1 2951/8421/1 2952/3888/1
f 2952/3888/1 2948/3878/1 2646/3891/1
f 2952/3888/1 2953/3894/1 2949/3892/1
f 2952/3888/1 2950/3890/1 2954/3893/1
f 2644/3895/5 2792/3881/5 2950/3882/5
f 2792/3881/5 2793/3827/5 2954/3828/5
f 2956/3896/6 2773/3901/6 2775/3897/6
f 2772/3899/6 2957/3900/6 2870/3884/6
f 2957/3900/6 2772/3899/6 2773/3901/6
f 5975/3903/6 2958/5292/6 2957/3900/6
f 2957/3900/6 2956/3896/6 5975/3903/6
f 5973/3905/6 2642/3887/6 2864/3904/6
f 2864/3904/6 2870/3884/6 2957/3900/6
f 2957/3900/6 2958/5292/6 5973/3905/6
f 5969/3907/6 2959/3902/6 2956/3896/6
f 2956/3896/6 2955/3898/6 5969/3907/6
f 2962/3908/6 2780/3919/6 2789/3909/6
f 2964/3910/6 2788/8422/6 2786/3911/6
f 2963/3912/6 2786/3911/6 2784/3913/6
f 2965/3914/6 2784/3913/6 2782/3915/6
f 2966/3916/6 2782/3915/6 2779/3917/6
f 2967/3918/6 2779/3917/6 2780/3919/6
f 2967/3918/6 2962/3908/6 2969/3920/6
f 2966/3916/6 2967/3918/6 2968/3921/6
f 2965/3914/6 2966/3916/6 2970/3922/6
f 2963/3912/6 2965/3914/6 2971/12/6
f 2964/3910/6 2963/3912/6 2972/3923/6
f 2962/3908/6 2961/2852/6 2974/3924/6
f 2976/3925/1 2975/8423/1 2680/3664/1
f 2679/3926/1 2975/8423/1 2976/3925/1
f 2976/3925/1 2977/3798/1 2679/3926/1
f 2977/3798/1 2976/3925/1 2979/3735/1
f 2976/3925/1 2872/2550/1 2612/165/1
f 2982/3927/1 2981/3731/1 2770/3734/1
f 2771/3773/1 2984/3931/1 2983/3930/1
f 2983/3930/1 2961/3770/1 2771/3773/1
f 2764/3712/1 2986/3933/1 2985/3932/1
f 2985/3932/1 2983/3930/1 2764/3712/1
f 2765/3714/1 2988/3935/1 2987/3934/1
f 2987/3934/1 2985/3932/1 2765/3714/1
f 2766/3717/1 2990/3937/1 2989/3936/1
f 2989/3936/1 2987/3934/1 2766/3717/1
f 2767/3725/1 2992/3939/1 2991/3938/1
f 2991/3938/1 2989/3936/1 2767/3725/1
f 2768/3727/1 2994/3940/1 2993/2853/1
f 2993/2853/1 2991/3938/1 2768/3727/1
f 2769/3733/1 2981/3731/1 2982/3927/1
f 2982/3927/1 2993/2853/1 2769/3733/1
f 2993/2853/1 2982/3927/1 2996/3739/1
f 2991/3938/1 2993/2853/1 2995/3742/1
f 2989/3936/1 2991/3938/1 2997/3746/1
f 5848/3941/1 2999/3752/1 2987/3934/1
f 2987/3934/1 2989/3936/1 5848/3941/1
f 5855/3942/1 3000/3757/1 2985/3932/1
f 2985/3932/1 2987/3934/1 5855/3942/1
f 5853/3943/1 3001/3760/1 2983/3930/1
f 2983/3930/1 2985/3932/1 5853/3943/1
f 5850/3944/1 2974/3955/1 2961/3770/1
f 2961/3770/1 2983/3930/1 5850/3944/1
f 2982/3927/1 2980/3928/1 3002/3791/1
f 3025/1332/2 3014/3969/2 3013/4940/2
f 3031/3956/2 3012/3973/2 3011/3957/2
f 3025/1332/2 3013/4940/2 3031/3956/2
f 3039/1323/2 3020/3981/2 4745/3020/2
f 4745/3020/2 3044/3962/2 3039/1323/2
f 3044/3962/2 3018/3963/2 3039/1323/2
f 3026/169/2 3025/1332/2 3011/3957/2
f 3011/3957/2 3015/3968/2 3026/169/2
f 3026/169/2 3027/8427/2 3014/3969/2
f 2509/157/2 3024/3822/2 3015/3968/2
f 3015/3968/2 3016/3970/2 2509/157/2
f 3016/3970/2 3012/3973/2 3030/3974/2
f 3030/3974/2 3035/3971/2 3016/3970/2
f 3031/3956/2 3013/4940/2 3032/3975/2
f 3673/3978/2 3034/3976/2 2511/156/2
f 2511/156/2 3029/3972/2 3673/3978/2
f 3034/3976/2 3037/3979/2 3036/3819/2
f 3037/3979/2 3040/1562/2 3017/3964/2
f 3021/3980/2 3038/3982/2 3037/3979/2
f 3038/3982/2 3036/3819/2 3037/3979/2
f 3040/1562/2 3041/4606/2 3020/3981/2
f 3021/3980/2 3022/3983/2 3042/3811/2
f 3022/3983/2 3018/3963/2 3043/178/2
f 3043/178/2 2514/162/2 3022/3983/2
f 3044/3962/2 3019/3961/2 3045/3984/2
f 3184/49/2 3048/50/2 3047/3987/2
f 3047/3987/2 4737/3985/2 3184/49/2
f 3185/53/2 3049/54/2 3046/3986/2
f 3046/3986/2 4738/769/2 3185/53/2
f 3048/50/2 3053/56/2 3052/177/2
f 3056/3988/2 3055/4014/2 3054/3989/2
f 2507/3993/2 3057/3995/2 3058/3994/2
f 3058/3994/2 3026/3991/2 2507/3993/2
f 2505/3996/2 3059/3998/2 3060/3997/2
f 3060/3997/2 3058/3994/2 2505/3996/2
f 2503/3999/2 3061/4001/2 3062/4000/2
f 3062/4000/2 3060/3997/2 2503/3999/2
f 2501/3157/2 3063/4003/2 3064/4002/2
f 3064/4002/2 3062/4000/2 2501/3157/2
f 2499/4004/2 3065/4005/2 3066/1147/2
f 3066/1147/2 3064/4002/2 2499/4004/2
f 2497/4006/2 3067/4007/2 3068/908/2
f 3068/908/2 3066/1147/2 2497/4006/2
f 2495/4008/2 3069/4009/2 3070/1309/2
f 3070/1309/2 3068/908/2 2495/4008/2
f 2491/4010/2 3071/4012/2 3072/4011/2
f 3072/4011/2 3070/1309/2 2491/4010/2
f 2492/4013/2 3054/3989/2 3055/4014/2
f 3055/4014/2 3072/4011/2 2492/4013/2
f 3139/4016/2 3073/4017/2 3072/4011/2
f 3072/4011/2 3055/4014/2 3139/4016/2
f 3130/4018/2 3075/4019/2 3070/1309/2
f 3070/1309/2 3072/4011/2 3130/4018/2
f 3131/4020/2 3076/4021/2 3068/908/2
f 3068/908/2 3070/1309/2 3131/4020/2
f 3133/4022/2 3077/4023/2 3066/1147/2
f 3066/1147/2 3068/908/2 3133/4022/2
f 3135/4024/2 3078/4081/2 3064/4002/2
f 3064/4002/2 3066/1147/2 3135/4024/2
f 3064/4002/2 3078/4081/2 3136/4025/2
f 3062/4000/2 3064/4002/2 3718/4026/2
f 3062/4000/2 3718/4026/2 3713/4660/2
f 3143/4028/2 3079/4029/2 3062/4000/2
f 3062/4000/2 3713/4660/2 3710/4027/2
f 3141/4030/2 3080/4031/2 3060/3997/2
f 3060/3997/2 3062/4000/2 3141/4030/2
f 3123/4032/2 3081/8428/2 3058/3994/2
f 3058/3994/2 3060/3997/2 3123/4032/2
f 3026/3991/2 3094/4036/2 3087/4033/2
f 3088/4034/2 3027/14/2 3026/3991/2
f 3058/3994/2 3081/8428/2 3112/8429/2
f 3058/3994/2 3112/8429/2 3106/8430/2
f 3094/4036/2 3026/3991/2 3058/3994/2
f 3058/3994/2 3106/8430/2 3100/4035/2
f 3056/3988/2 3082/8431/2 3074/4015/2
f 3050/4040/2 3084/4038/2 3089/4037/2
f 3091/4041/2 3085/4125/2 3050/4040/2
f 3085/4125/2 3051/35/2 3050/4040/2
f 3083/4039/2 3088/4034/2 3087/4033/2
f 3087/4033/2 3086/4042/2 3083/4039/2
f 3097/4044/2 3092/6481/2 3085/4125/2
f 3085/4125/2 3091/4041/2 3097/4044/2
f 3086/4042/2 3087/4033/2 3094/4036/2
f 3094/4036/2 3093/4045/2 3086/4042/2
f 3103/4048/2 3098/4126/2 3092/6481/2
f 3092/6481/2 3097/4044/2 3103/4048/2
f 3093/4045/2 3094/4036/2 3100/4035/2
f 3100/4035/2 3099/4049/2 3093/4045/2
f 3109/4052/2 3104/46/2 3098/4126/2
f 3098/4126/2 3103/4048/2 3109/4052/2
f 3099/4049/2 3100/4035/2 3106/8430/2
f 3106/8430/2 3105/4053/2 3099/4049/2
f 3115/4056/2 3110/61/2 3104/46/2
f 3104/46/2 3109/4052/2 3115/4056/2
f 3105/4053/2 3106/8430/2 3112/8429/2
f 3112/8429/2 3111/2424/2 3105/4053/2
f 3120/4059/2 3116/64/2 3110/61/2
f 3110/61/2 3115/4056/2 3120/4059/2
f 3111/2424/2 3112/8429/2 3081/8428/2
f 3081/8428/2 3117/2451/2 3111/2424/2
f 3124/4062/2 3126/4060/2 3116/64/2
f 3116/64/2 3120/4059/2 3124/4062/2
f 3117/2451/2 3081/8428/2 3123/4032/2
f 3123/4032/2 3122/2454/2 3117/2451/2
f 3127/67/2 3121/65/2 3126/4060/2
f 3075/4019/2 3130/4018/2 3604/4067/2
f 3075/4019/2 3604/4067/2 3608/4531/2
f 3569/4064/2 3131/4020/2 3075/4019/2
f 3075/4019/2 3608/4531/2 3618/4068/2
f 3510/4069/2 3131/4020/2 3128/4065/2
f 3076/4021/2 3131/4020/2 3510/4069/2
f 3076/4021/2 3510/4069/2 3490/8432/2
f 3430/4070/2 3133/4022/2 3076/4021/2
f 3450/4073/2 3430/4070/2 3076/4021/2
f 3076/4021/2 3490/8432/2 3470/4072/2
f 3367/4074/2 3133/4022/2 3132/4071/2
f 3077/4023/2 3133/4022/2 3367/4074/2
f 3077/4023/2 3367/4074/2 3345/8433/2
f 3279/4076/2 3135/4024/2 3077/4023/2
f 3301/4079/2 3279/4076/2 3077/4023/2
f 3077/4023/2 3345/8433/2 3323/4078/2
f 3078/4081/2 3135/4024/2 3134/4077/2
f 3134/4077/2 3137/4080/2 3078/4081/2
f 3073/4017/2 3139/4016/2 3603/4083/2
f 3603/4083/2 3129/4066/2 3073/4017/2
f 4733/4085/2 3127/67/2 3125/4063/2
f 3122/2454/2 3123/4032/2 4733/4085/2
f 3123/4032/2 3080/4031/2 4733/4085/2
f 4733/4085/2 3125/4063/2 3122/2454/2
f 3079/4029/2 3143/4028/2 3142/7899/2
f 3142/7899/2 4732/4086/2 3079/4029/2
f 3191/4088/2 3146/3509/2 3145/4127/2
f 3145/4127/2 3144/4087/2 3191/4088/2
f 3151/4089/2 3150/4092/2 3149/4090/2
f 3153/4091/2 3152/4093/2 3150/4092/2
f 3144/4087/2 3145/4127/2 3152/4093/2
f 3195/4095/2 3147/3513/2 3144/4087/2
f 3144/4087/2 3154/4094/2 3195/4095/2
f 3157/4096/2 3151/4089/2 3148/3368/2
f 3158/4098/2 3153/4091/2 3151/4089/2
f 3154/4094/2 3144/4087/2 3153/4091/2
f 3197/4100/2 3155/3517/2 3154/4094/2
f 3154/4094/2 3159/4099/2 3197/4100/2
f 3162/4101/2 3157/4096/2 3156/4097/2
f 3163/4103/2 3158/4098/2 3157/4096/2
f 3159/4099/2 3154/4094/2 3158/4098/2
f 3199/4105/2 3160/3522/2 3159/4099/2
f 3159/4099/2 3164/4104/2 3199/4105/2
f 3167/4106/2 3162/4101/2 3161/4102/2
f 3168/4108/2 3163/4103/2 3162/4101/2
f 3164/4104/2 3159/4099/2 3163/4103/2
f 3201/4110/2 3165/3526/2 3164/4104/2
f 3164/4104/2 3169/4109/2 3201/4110/2
f 3172/4111/2 3167/4106/2 3166/4107/2
f 3173/4112/2 3168/4108/2 3167/4106/2
f 3169/4109/2 3164/4104/2 3168/4108/2
f 3203/4115/2 3170/3486/2 3169/4109/2
f 3169/4109/2 3174/4113/2 3203/4115/2
f 3177/4116/2 3172/4111/2 3171/3347/2
f 3178/4118/2 3173/4112/2 3172/4111/2
f 3174/4113/2 3169/4109/2 3173/4112/2
f 3205/4121/2 3175/4114/2 3174/4113/2
f 3174/4113/2 3179/4119/2 3205/4121/2
f 3182/4122/2 3177/4116/2 3176/4117/2
f 3183/4124/2 3178/4118/2 3177/4116/2
f 3179/4119/2 3174/4113/2 3178/4118/2
f 3208/4148/2 3180/4120/2 3121/65/2
f 3180/4120/2 3179/4119/2 3121/65/2
f 3179/4119/2 3110/61/2 3116/64/2
f 3121/65/2 3127/67/2 3208/4148/2
f 3048/33/2 3184/30/2 3182/4122/2
f 3182/4122/2 3181/4123/2 3048/33/2
f 3049/26/2 3185/25/2 3183/4124/2
f 3183/4124/2 3182/4122/2 3049/26/2
f 3085/4125/2 3183/4124/2 3185/25/2
f 3179/4119/2 3183/4124/2 3085/4125/2
f 3179/4119/2 3085/4125/2 3092/6481/2
f 3104/46/2 3110/61/2 3179/4119/2
f 3179/4119/2 3092/6481/2 3098/4126/2
f 4754/4129/2 3186/3414/2 3152/4093/2
f 3152/4093/2 3145/4127/2 4754/4129/2
f 4751/4130/2 3188/3413/2 3150/4092/2
f 3150/4092/2 3152/4093/2 4751/4130/2
f 4752/4131/2 3189/3412/2 3149/4090/2
f 3149/4090/2 3150/4092/2 4752/4131/2
f 3192/4132/2 3190/6691/2 3187/4128/2
f 3187/4128/2 3145/4127/2 3192/4132/2
f 3214/4135/2 3193/4133/2 3146/3509/2
f 3146/3509/2 3191/4088/2 3214/4135/2
f 3222/4137/2 3194/4134/2 3147/3513/2
f 3147/3513/2 3195/4095/2 3222/4137/2
f 3227/4139/2 3196/4136/2 3155/3517/2
f 3155/3517/2 3197/4100/2 3227/4139/2
f 3232/4141/2 3198/4138/2 3160/3522/2
f 3160/3522/2 3199/4105/2 3232/4141/2
f 3237/4143/2 3200/4140/2 3165/3526/2
f 3165/3526/2 3201/4110/2 3237/4143/2
f 3242/4145/2 3202/4142/2 3170/3486/2
f 3170/3486/2 3203/4115/2 3242/4145/2
f 3247/4147/2 3204/4144/2 3175/4114/2
f 3175/4114/2 3205/4121/2 3247/4147/2
f 3253/4150/2 3206/4146/2 3180/4120/2
f 3180/4120/2 3208/4148/2 3253/4150/2
f 3215/4151/2 3209/6677/2 3190/6691/2
f 3190/6691/2 3192/4132/2 3215/4151/2
f 3260/4154/2 3212/4197/2 3211/4190/2
f 3211/4190/2 3210/4152/2 3260/4154/2
f 3193/4133/2 3214/4135/2 3217/4157/2
f 3217/4157/2 3216/4155/2 3193/4133/2
f 3219/4156/2 3218/4158/2 3216/4155/2
f 3210/4152/2 3211/4190/2 3218/4158/2
f 3259/4161/2 3213/4153/2 3210/4152/2
f 3210/4152/2 3220/4159/2 3259/4161/2
f 3194/4134/2 3222/4137/2 3223/4162/2
f 3223/4162/2 3217/4157/2 3194/4134/2
f 3224/1069/2 3219/4156/2 3217/4157/2
f 3220/4159/2 3210/4152/2 3219/4156/2
f 3263/4165/2 3221/4160/2 3220/4159/2
f 3220/4159/2 3225/4163/2 3263/4165/2
f 3196/4136/2 3227/4139/2 3228/4167/2
f 3228/4167/2 3223/4162/2 3196/4136/2
f 3229/4166/2 3224/1069/2 3223/4162/2
f 3225/4163/2 3220/4159/2 3224/1069/2
f 3265/4170/2 3226/4164/2 3225/4163/2
f 3225/4163/2 3230/4168/2 3265/4170/2
f 3198/4138/2 3232/4141/2 3233/4172/2
f 3233/4172/2 3228/4167/2 3198/4138/2
f 3234/4171/2 3229/4166/2 3228/4167/2
f 3230/4168/2 3225/4163/2 3229/4166/2
f 3267/4175/2 3231/4169/2 3230/4168/2
f 3230/4168/2 3235/4173/2 3267/4175/2
f 3200/4140/2 3237/4143/2 3238/4177/2
f 3238/4177/2 3233/4172/2 3200/4140/2
f 3239/4176/2 3234/4171/2 3233/4172/2
f 3235/4173/2 3230/4168/2 3234/4171/2
f 3269/4179/2 3236/4174/2 3235/4173/2
f 3235/4173/2 3240/4178/2 3269/4179/2
f 3202/4142/2 3242/4145/2 3243/4181/2
f 3243/4181/2 3238/4177/2 3202/4142/2
f 3244/4180/2 3239/4176/2 3238/4177/2
f 3240/4178/2 3235/4173/2 3239/4176/2
f 3271/4183/2 3241/2366/2 3240/4178/2
f 3240/4178/2 3245/2394/2 3271/4183/2
f 3204/4144/2 3247/4147/2 3248/4185/2
f 3248/4185/2 3243/4181/2 3204/4144/2
f 3249/4184/2 3244/4180/2 3243/4181/2
f 3245/2394/2 3240/4178/2 3244/4180/2
f 3273/4187/2 3246/4182/2 3245/2394/2
f 3245/2394/2 3251/4186/2 3273/4187/2
f 3206/4146/2 3253/4150/2 3252/4188/2
f 3252/4188/2 3248/4185/2 3206/4146/2
f 3249/4184/2 3248/4185/2 3252/4188/2
f 3245/2394/2 3249/4184/2 3254/4189/2
f 4761/4192/2 3255/4193/2 3218/4158/2
f 3218/4158/2 3211/4190/2 4761/4192/2
f 4759/4194/2 3257/4195/2 3216/4155/2
f 3216/4155/2 3218/4158/2 4759/4194/2
f 4757/4196/2 3209/6677/2 3215/4151/2
f 3215/4151/2 3216/4155/2 4757/4196/2
f 3212/4197/2 3258/4218/2 3256/4191/2
f 3281/4200/2 3261/4198/2 3213/4153/2
f 3213/4153/2 3259/4161/2 3281/4200/2
f 3285/4202/2 3262/4199/2 3221/4160/2
f 3221/4160/2 3263/4165/2 3285/4202/2
f 3287/4204/2 3264/4201/2 3226/4164/2
f 3226/4164/2 3265/4170/2 3287/4204/2
f 3289/4206/2 3266/4203/2 3231/4169/2
f 3231/4169/2 3267/4175/2 3289/4206/2
f 3291/4208/2 3268/4205/2 3236/4174/2
f 3236/4174/2 3269/4179/2 3291/4208/2
f 3293/4210/2 3270/4207/2 3241/2366/2
f 3241/2366/2 3271/4183/2 3293/4210/2
f 3295/4212/2 3272/4209/2 3246/4182/2
f 3246/4182/2 3273/4187/2 3295/4212/2
f 3250/2361/2 3276/4214/2 3280/4213/2
f 3298/4216/2 3274/4211/2 3250/2361/2
f 3274/4211/2 3273/4187/2 3250/2361/2
f 3282/4219/2 3277/4217/2 3212/4197/2
f 3212/4197/2 3260/4154/2 3282/4219/2
f 3275/4215/2 3134/4077/2 3279/4076/2
f 3279/4076/2 3278/4220/2 3275/4215/2
f 3303/4223/2 3283/4221/2 3261/4198/2
f 3261/4198/2 3281/4200/2 3303/4223/2
f 3307/4225/2 3284/4222/2 3262/4199/2
f 3262/4199/2 3285/4202/2 3307/4225/2
f 3309/4227/2 3286/4224/2 3264/4201/2
f 3264/4201/2 3287/4204/2 3309/4227/2
f 3311/4229/2 3288/4226/2 3266/4203/2
f 3266/4203/2 3289/4206/2 3311/4229/2
f 3313/4231/2 3290/4228/2 3268/4205/2
f 3268/4205/2 3291/4208/2 3313/4231/2
f 3315/4233/2 3292/4230/2 3270/4207/2
f 3270/4207/2 3293/4210/2 3315/4233/2
f 3317/4235/2 3294/4232/2 3272/4209/2
f 3272/4209/2 3295/4212/2 3317/4235/2
f 3320/4238/2 3296/4234/2 3274/4211/2
f 3274/4211/2 3298/4216/2 3320/4238/2
f 3304/4239/2 3299/8434/2 3277/4217/2
f 3277/4217/2 3282/4219/2 3304/4239/2
f 3278/4220/2 3279/4076/2 3301/4079/2
f 3301/4079/2 3300/4240/2 3278/4220/2
f 3325/4243/2 3305/4241/2 3283/4221/2
f 3283/4221/2 3303/4223/2 3325/4243/2
f 3329/4245/2 3306/4242/2 3284/4222/2
f 3284/4222/2 3307/4225/2 3329/4245/2
f 3331/4247/2 3308/4244/2 3286/4224/2
f 3286/4224/2 3309/4227/2 3331/4247/2
f 3333/4249/2 3310/4246/2 3288/4226/2
f 3288/4226/2 3311/4229/2 3333/4249/2
f 3335/4251/2 3312/4248/2 3290/4228/2
f 3290/4228/2 3313/4231/2 3335/4251/2
f 3337/4253/2 3314/4250/2 3292/4230/2
f 3292/4230/2 3315/4233/2 3337/4253/2
f 3339/4255/2 3316/4252/2 3294/4232/2
f 3294/4232/2 3317/4235/2 3339/4255/2
f 3342/4258/2 3318/4254/2 3296/4234/2
f 3296/4234/2 3320/4238/2 3342/4258/2
f 3326/4259/2 3321/8435/2 3299/8434/2
f 3299/8434/2 3304/4239/2 3326/4259/2
f 3300/4240/2 3301/4079/2 3323/4078/2
f 3323/4078/2 3322/4260/2 3300/4240/2
f 3347/4263/2 3327/4261/2 3305/4241/2
f 3305/4241/2 3325/4243/2 3347/4263/2
f 3351/4265/2 3328/4262/2 3306/4242/2
f 3306/4242/2 3329/4245/2 3351/4265/2
f 3353/4267/2 3330/4264/2 3308/4244/2
f 3308/4244/2 3331/4247/2 3353/4267/2
f 3355/4269/2 3332/4266/2 3310/4246/2
f 3310/4246/2 3333/4249/2 3355/4269/2
f 3357/4271/2 3334/4268/2 3312/4248/2
f 3312/4248/2 3335/4251/2 3357/4271/2
f 3359/4273/2 3336/4270/2 3314/4250/2
f 3314/4250/2 3337/4253/2 3359/4273/2
f 3361/4275/2 3338/4272/2 3316/4252/2
f 3316/4252/2 3339/4255/2 3361/4275/2
f 3364/4278/2 3340/4274/2 3318/4254/2
f 3318/4254/2 3342/4258/2 3364/4278/2
f 3348/4279/2 3343/8436/2 3321/8435/2
f 3321/8435/2 3326/4259/2 3348/4279/2
f 3322/4260/2 3323/4078/2 3345/8433/2
f 3345/8433/2 3344/4280/2 3322/4260/2
f 3369/4283/2 3349/4281/2 3327/4261/2
f 3327/4261/2 3347/4263/2 3369/4283/2
f 3373/4285/2 3350/4282/2 3328/4262/2
f 3328/4262/2 3351/4265/2 3373/4285/2
f 3375/4287/2 3352/4284/2 3330/4264/2
f 3330/4264/2 3353/4267/2 3375/4287/2
f 3377/4289/2 3354/4286/2 3332/4266/2
f 3332/4266/2 3355/4269/2 3377/4289/2
f 3379/4291/2 3356/4288/2 3334/4268/2
f 3334/4268/2 3357/4271/2 3379/4291/2
f 3381/4293/2 3358/4290/2 3336/4270/2
f 3336/4270/2 3359/4273/2 3381/4293/2
f 3383/4295/2 3360/4292/2 3338/4272/2
f 3338/4272/2 3361/4275/2 3383/4295/2
f 3386/4298/2 3362/4294/2 3340/4274/2
f 3340/4274/2 3364/4278/2 3386/4298/2
f 3370/4299/2 3365/8437/2 3343/8436/2
f 3343/8436/2 3348/4279/2 3370/4299/2
f 3344/4280/2 3345/8433/2 3367/4074/2
f 3367/4074/2 3366/4300/2 3344/4280/2
f 3391/4303/2 3371/4301/2 3349/4281/2
f 3349/4281/2 3369/4283/2 3391/4303/2
f 3395/4305/2 3372/4302/2 3350/4282/2
f 3350/4282/2 3373/4285/2 3395/4305/2
f 3397/4307/2 3374/4304/2 3352/4284/2
f 3352/4284/2 3375/4287/2 3397/4307/2
f 3399/4309/2 3376/4306/2 3354/4286/2
f 3354/4286/2 3377/4289/2 3399/4309/2
f 3401/4311/2 3378/4308/2 3356/4288/2
f 3356/4288/2 3379/4291/2 3401/4311/2
f 3403/4313/2 3380/4310/2 3358/4290/2
f 3358/4290/2 3381/4293/2 3403/4313/2
f 3405/4315/2 3382/4312/2 3360/4292/2
f 3360/4292/2 3383/4295/2 3405/4315/2
f 3408/4318/2 3384/4314/2 3362/4294/2
f 3362/4294/2 3386/4298/2 3408/4318/2
f 3392/4319/2 3387/4339/2 3365/8437/2
f 3365/8437/2 3370/4299/2 3392/4319/2
f 3366/4300/2 3367/4074/2 3389/4075/2
f 3389/4075/2 3388/4320/2 3366/4300/2
f 3413/4323/2 3393/4321/2 3371/4301/2
f 3371/4301/2 3391/4303/2 3413/4323/2
f 3412/4325/2 3394/4322/2 3372/4302/2
f 3372/4302/2 3395/4305/2 3412/4325/2
f 3416/4327/2 3396/4324/2 3374/4304/2
f 3374/4304/2 3397/4307/2 3416/4327/2
f 3418/4329/2 3398/4326/2 3376/4306/2
f 3376/4306/2 3399/4309/2 3418/4329/2
f 3420/4331/2 3400/4328/2 3378/4308/2
f 3378/4308/2 3401/4311/2 3420/4331/2
f 3422/4333/2 3402/4330/2 3380/4310/2
f 3380/4310/2 3403/4313/2 3422/4333/2
f 3424/4335/2 3404/4332/2 3382/4312/2
f 3382/4312/2 3405/4315/2 3424/4335/2
f 3427/4338/2 3406/4334/2 3384/4314/2
f 3384/4314/2 3408/4318/2 3427/4338/2
f 3393/4321/2 3409/4358/2 3387/4339/2
f 3388/4320/2 3389/4075/2 3132/4071/2
f 3132/4071/2 3410/4340/2 3388/4320/2
f 3432/4343/2 3414/4341/2 3394/4322/2
f 3394/4322/2 3412/4325/2 3432/4343/2
f 3436/4345/2 3415/4342/2 3396/4324/2
f 3396/4324/2 3416/4327/2 3436/4345/2
f 3438/4347/2 3417/4344/2 3398/4326/2
f 3398/4326/2 3418/4329/2 3438/4347/2
f 3440/4349/2 3419/4346/2 3400/4328/2
f 3400/4328/2 3420/4331/2 3440/4349/2
f 3442/4351/2 3421/4348/2 3402/4330/2
f 3402/4330/2 3422/4333/2 3442/4351/2
f 3444/4353/2 3423/4350/2 3404/4332/2
f 3404/4332/2 3424/4335/2 3444/4353/2
f 3447/4356/2 3425/4352/2 3406/4334/2
f 3406/4334/2 3427/4338/2 3447/4356/2
f 3433/4359/2 3428/4357/2 3393/4321/2
f 3393/4321/2 3413/4323/2 3433/4359/2
f 3410/4340/2 3132/4071/2 3430/4070/2
f 3430/4070/2 3429/4360/2 3410/4340/2
f 3452/4363/2 3434/4361/2 3414/4341/2
f 3414/4341/2 3432/4343/2 3452/4363/2
f 3456/4365/2 3435/4362/2 3415/4342/2
f 3415/4342/2 3436/4345/2 3456/4365/2
f 3458/4367/2 3437/4364/2 3417/4344/2
f 3417/4344/2 3438/4347/2 3458/4367/2
f 3460/4369/2 3439/4366/2 3419/4346/2
f 3419/4346/2 3440/4349/2 3460/4369/2
f 3462/4371/2 3441/4368/2 3421/4348/2
f 3421/4348/2 3442/4351/2 3462/4371/2
f 3464/4373/2 3443/4370/2 3423/4350/2
f 3423/4350/2 3444/4353/2 3464/4373/2
f 3467/4376/2 3445/4372/2 3425/4352/2
f 3425/4352/2 3447/4356/2 3467/4376/2
f 3453/4377/2 3448/8438/2 3428/4357/2
f 3428/4357/2 3433/4359/2 3453/4377/2
f 3429/4360/2 3430/4070/2 3450/4073/2
f 3450/4073/2 3449/4378/2 3429/4360/2
f 3472/4381/2 3454/4379/2 3434/4361/2
f 3434/4361/2 3452/4363/2 3472/4381/2
f 3476/4383/2 3455/4380/2 3435/4362/2
f 3435/4362/2 3456/4365/2 3476/4383/2
f 3478/4385/2 3457/4382/2 3437/4364/2
f 3437/4364/2 3458/4367/2 3478/4385/2
f 3480/4387/2 3459/4384/2 3439/4366/2
f 3439/4366/2 3460/4369/2 3480/4387/2
f 3482/4389/2 3461/4386/2 3441/4368/2
f 3441/4368/2 3462/4371/2 3482/4389/2
f 3484/4391/2 3463/4388/2 3443/4370/2
f 3443/4370/2 3464/4373/2 3484/4391/2
f 3487/4393/2 3465/4390/2 3445/4372/2
f 3445/4372/2 3467/4376/2 3487/4393/2
f 3473/4394/2 3468/8439/2 3448/8438/2
f 3448/8438/2 3453/4377/2 3473/4394/2
f 3449/4378/2 3450/4073/2 3470/4072/2
f 3470/4072/2 3469/4395/2 3449/4378/2
f 3492/4398/2 3474/4396/2 3454/4379/2
f 3454/4379/2 3472/4381/2 3492/4398/2
f 3496/4400/2 3475/4397/2 3455/4380/2
f 3455/4380/2 3476/4383/2 3496/4400/2
f 3498/4402/2 3477/4399/2 3457/4382/2
f 3457/4382/2 3478/4385/2 3498/4402/2
f 3500/4404/2 3479/4401/2 3459/4384/2
f 3459/4384/2 3480/4387/2 3500/4404/2
f 3502/4406/2 3481/4403/2 3461/4386/2
f 3461/4386/2 3482/4389/2 3502/4406/2
f 3504/4408/2 3483/4405/2 3463/4388/2
f 3463/4388/2 3484/4391/2 3504/4408/2
f 3507/4411/2 3485/4407/2 3465/4390/2
f 3465/4390/2 3487/4393/2 3507/4411/2
f 3493/4412/2 3488/8440/2 3468/8439/2
f 3468/8439/2 3473/4394/2 3493/4412/2
f 3469/4395/2 3470/4072/2 3490/8432/2
f 3490/8432/2 3489/4413/2 3469/4395/2
f 3512/4416/2 3494/4414/2 3474/4396/2
f 3474/4396/2 3492/4398/2 3512/4416/2
f 3516/4418/2 3495/4415/2 3475/4397/2
f 3475/4397/2 3496/4400/2 3516/4418/2
f 3518/4420/2 3497/4417/2 3477/4399/2
f 3477/4399/2 3498/4402/2 3518/4420/2
f 3520/4422/2 3499/4419/2 3479/4401/2
f 3479/4401/2 3500/4404/2 3520/4422/2
f 3522/4424/2 3501/4421/2 3481/4403/2
f 3481/4403/2 3502/4406/2 3522/4424/2
f 3524/4426/2 3503/4423/2 3483/4405/2
f 3483/4405/2 3504/4408/2 3524/4426/2
f 3527/4429/2 3505/4425/2 3485/4407/2
f 3485/4407/2 3507/4411/2 3527/4429/2
f 3513/4430/2 3508/8441/2 3488/8440/2
f 3488/8440/2 3493/4412/2 3513/4430/2
f 3489/4413/2 3490/8432/2 3510/4069/2
f 3510/4069/2 3509/4431/2 3489/4413/2
f 3532/4434/2 3514/4432/2 3494/4414/2
f 3494/4414/2 3512/4416/2 3532/4434/2
f 3536/4436/2 3515/4433/2 3495/4415/2
f 3495/4415/2 3516/4418/2 3536/4436/2
f 3538/4438/2 3517/4435/2 3497/4417/2
f 3497/4417/2 3518/4420/2 3538/4438/2
f 3540/4440/2 3519/4437/2 3499/4419/2
f 3499/4419/2 3520/4422/2 3540/4440/2
f 3542/4442/2 3521/4439/2 3501/4421/2
f 3501/4421/2 3522/4424/2 3542/4442/2
f 3544/4444/2 3523/4441/2 3503/4423/2
f 3503/4423/2 3524/4426/2 3544/4444/2
f 3547/4447/2 3525/4443/2 3505/4425/2
f 3505/4425/2 3527/4429/2 3547/4447/2
f 3533/4448/2 3528/6706/2 3508/8441/2
f 3508/8441/2 3513/4430/2 3533/4448/2
f 3509/4431/2 3510/4069/2 3530/1647/2
f 3530/1647/2 3529/2245/2 3509/4431/2
f 3551/4451/2 3534/4449/2 3514/4432/2
f 3514/4432/2 3532/4434/2 3551/4451/2
f 3555/4453/2 3535/4450/2 3515/4433/2
f 3515/4433/2 3536/4436/2 3555/4453/2
f 3557/4455/2 3537/4452/2 3517/4435/2
f 3517/4435/2 3538/4438/2 3557/4455/2
f 3559/4457/2 3539/4454/2 3519/4437/2
f 3519/4437/2 3540/4440/2 3559/4457/2
f 3561/4459/2 3541/4456/2 3521/4439/2
f 3521/4439/2 3542/4442/2 3561/4459/2
f 3563/4461/2 3543/4458/2 3523/4441/2
f 3523/4441/2 3544/4444/2 3563/4461/2
f 3566/4463/2 3545/4460/2 3525/4443/2
f 3525/4443/2 3547/4447/2 3566/4463/2
f 3552/4464/2 3548/8442/2 3528/6706/2
f 3528/6706/2 3533/4448/2 3552/4464/2
f 3529/2245/2 3530/1647/2 3128/4065/2
f 3128/4065/2 3549/1741/2 3529/2245/2
f 3571/4467/2 3553/4465/2 3534/4449/2
f 3534/4449/2 3551/4451/2 3571/4467/2
f 3575/4469/2 3554/4466/2 3535/4450/2
f 3535/4450/2 3555/4453/2 3575/4469/2
f 3577/4471/2 3556/4468/2 3537/4452/2
f 3537/4452/2 3557/4455/2 3577/4471/2
f 3579/4473/2 3558/4470/2 3539/4454/2
f 3539/4454/2 3559/4457/2 3579/4473/2
f 3581/4475/2 3560/4472/2 3541/4456/2
f 3541/4456/2 3561/4459/2 3581/4475/2
f 3583/4477/2 3562/4474/2 3543/4458/2
f 3543/4458/2 3563/4461/2 3583/4477/2
f 3586/4480/2 3564/4476/2 3545/4460/2
f 3545/4460/2 3566/4463/2 3586/4480/2
f 3572/4481/2 3567/8443/2 3548/8442/2
f 3548/8442/2 3552/4464/2 3572/4481/2
f 3549/1741/2 3128/4065/2 3569/4064/2
f 3565/4479/2 3549/1741/2 3619/1737/2
f 3619/1737/2 3568/4482/2 3565/4479/2
f 3626/4485/2 3573/4483/2 3553/4465/2
f 3553/4465/2 3571/4467/2 3626/4485/2
f 3632/4487/2 3574/4484/2 3554/4466/2
f 3554/4466/2 3575/4469/2 3632/4487/2
f 3636/4489/2 3576/4486/2 3556/4468/2
f 3556/4468/2 3577/4471/2 3636/4489/2
f 3640/4491/2 3578/4488/2 3558/4470/2
f 3558/4470/2 3579/4473/2 3640/4491/2
f 3644/4493/2 3580/4490/2 3560/4472/2
f 3560/4472/2 3581/4475/2 3644/4493/2
f 3648/4495/2 3582/4492/2 3562/4474/2
f 3562/4474/2 3583/4477/2 3648/4495/2
f 3653/4498/2 3584/4494/2 3564/4476/2
f 3564/4476/2 3586/4480/2 3653/4498/2
f 3627/4499/2 3587/8444/2 3567/8443/2
f 3567/8443/2 3572/4481/2 3627/4499/2
f 3591/4503/2 3590/4505/2 3594/4507/2
f 3594/4507/2 3597/4500/2 3591/4503/2
f 3591/4503/2 3593/5852/2 3592/4504/2
f 3590/4505/2 3592/4504/2 3596/8445/2
f 3601/4506/2 3595/4514/2 3594/4507/2
f 3590/4505/2 3596/8445/2 3601/4506/2
f 3598/4511/2 3599/4513/2 3589/4501/2
f 3598/4511/2 3595/4514/2 3600/4515/2
f 3600/4515/2 3607/4512/2 3598/4511/2
f 3601/4506/2 3596/8445/2 3602/4516/2
f 3129/4066/2 3603/4083/2 3606/4518/2
f 3606/4518/2 3605/4517/2 3129/4066/2
f 3606/4518/2 3603/4083/2 3138/4082/2
f 3605/4517/2 3610/4519/2 3613/4521/2
f 3616/4522/2 3608/4531/2 3605/4517/2
f 3608/4531/2 3604/4067/2 3605/4517/2
f 3610/4519/2 3612/8447/2 3611/4523/2
f 3609/4520/2 3611/4523/2 4778/4524/2
f 4778/4524/2 3620/1733/2 3609/4520/2
f 3620/1733/2 3614/4526/2 3609/4520/2
f 3617/4530/2 3618/4068/2 3608/4531/2
f 3617/4530/2 3614/4526/2 3619/1737/2
f 3619/1737/2 3569/4064/2 3617/4530/2
f 3615/4525/2 3621/4496/2 3585/4497/2
f 3585/4497/2 3568/4482/2 3615/4525/2
f 3625/4532/2 3624/4557/2 3623/4533/2
f 3573/4483/2 3626/4485/2 3629/4536/2
f 3629/4536/2 3628/4535/2 3573/4483/2
f 3622/4534/2 3623/4533/2 3628/4535/2
f 3631/4537/2 3625/4532/2 3622/4534/2
f 3574/4484/2 3632/4487/2 3633/4539/2
f 3633/4539/2 3629/4536/2 3574/4484/2
f 3630/4538/2 3622/4534/2 3629/4536/2
f 3635/4540/2 3631/4537/2 3630/4538/2
f 3576/4486/2 3636/4489/2 3637/4542/2
f 3637/4542/2 3633/4539/2 3576/4486/2
f 3634/4541/2 3630/4538/2 3633/4539/2
f 3639/4543/2 3635/4540/2 3634/4541/2
f 3578/4488/2 3640/4491/2 3641/4545/2
f 3641/4545/2 3637/4542/2 3578/4488/2
f 3638/4544/2 3634/4541/2 3637/4542/2
f 3643/4546/2 3639/4543/2 3638/4544/2
f 3580/4490/2 3644/4493/2 3645/4548/2
f 3645/4548/2 3641/4545/2 3580/4490/2
f 3642/4547/2 3638/4544/2 3641/4545/2
f 3647/3460/2 3643/4546/2 3642/4547/2
f 3582/4492/2 3648/4495/2 3649/4550/2
f 3649/4550/2 3645/4548/2 3582/4492/2
f 3646/4549/2 3642/4547/2 3645/4548/2
f 3647/3460/2 3646/4549/2 3651/4551/2
f 3584/4494/2 3653/4498/2 3652/4552/2
f 3652/4552/2 3649/4550/2 3584/4494/2
f 3646/4549/2 3649/4550/2 3652/4552/2
f 4767/4554/2 3654/4555/2 3628/4535/2
f 3628/4535/2 3623/4533/2 4767/4554/2
f 4765/4556/2 3587/8444/2 3627/4499/2
f 3627/4499/2 3628/4535/2 4765/4556/2
f 3624/4557/2 3656/8012/2 3655/4553/2
f 3662/4559/3 3657/4561/3 3142/4612/3
f 3142/4612/3 3659/92/3 3662/4559/3
f 3662/4559/3 3661/4565/3 3660/4560/3
f 3759/4568/3 3756/4562/3 3668/4564/3
f 3668/4564/3 3663/4570/3 3759/4568/3
f 3663/4570/3 3660/4560/3 3759/4568/3
f 3660/4560/3 3661/4565/3 3759/4568/3
f 3668/4564/3 3667/4572/3 3666/4569/3
f 3667/4572/3 3670/4615/3 3669/89/3
f 3669/89/3 3137/4571/3 3667/4572/3
f 3678/4573/4 3673/4580/4 3672/4574/4
f 3034/3335/4 3673/4580/4 3678/4573/4
f 3680/4585/4 3682/4577/4 3034/3335/4
f 3682/4577/4 3723/4576/4 3034/3335/4
f 3034/3335/4 3678/4573/4 3680/4585/4
f 3673/4580/4 3035/3329/4 3674/4581/4
f 3672/4574/4 3674/4581/4 3677/24/4
f 3687/2620/4 3676/4590/4 3675/4575/4
f 3672/4574/4 3677/24/4 3687/2620/4
f 3679/4584/4 3681/28/4 3680/4585/4
f 3683/4588/4 3684/9/4 3671/4578/4
f 3679/4584/4 3676/4590/4 3689/4592/4
f 3689/4592/4 3692/4589/4 3679/4584/4
f 3676/4590/4 3687/2620/4 3686/4591/4
f 3683/4588/4 3681/28/4 3694/4594/4
f 3694/4594/4 3696/4593/4 3683/4588/4
f 3696/4593/4 3722/10/4 3683/4588/4
f 3687/2620/4 3677/24/4 3688/2595/4
f 3686/4591/4 3688/2595/4 3691/13/4
f 3700/6/4 3690/8450/4 3689/4592/4
f 3686/4591/4 3691/13/4 3700/6/4
f 3693/4598/4 3695/5/4 3694/4594/4
f 3697/4602/4 3698/3/4 3685/2608/4
f 3693/4598/3 3690/8450/3 3700/6/3
f 4/1845/4 9/3014/4 3697/4602/4
f 3695/5/4 3693/4598/4 4/1845/4
f 3693/4598/4 3699/4603/4 4/1845/4
f 3700/6/4 3691/13/4 6/2998/4
f 3704/4604/3 3703/2773/3 3702/4605/3
f 3725/2428/3 3705/4608/3 3703/2773/3
f 3703/2773/3 3704/4604/3 3725/2428/3
f 3704/4604/3 3701/4606/3 2367/3015/3
f 3724/3971/3 3706/3975/3 3704/4604/3
f 3704/4604/3 2364/1861/3 3724/3971/3
f 4744/4610/3 3707/5871/3 3703/2773/3
f 3703/2773/3 3705/4608/3 4744/4610/3
f 3703/2773/3 3707/5871/3 3041/4611/3
f 3711/2864/4 3709/4558/4 3708/92/4
f 3708/92/4 3143/4612/4 3711/2864/4
f 3719/4565/4 3712/2865/4 3711/2864/4
f 3711/2864/4 3710/4561/4 3719/4565/4
f 3717/4572/4 3716/4616/4 3715/102/4
f 3749/4614/4 3745/4613/4 3713/4560/4
f 3713/4560/4 3718/4569/4 3749/4614/4
f 3716/4616/4 3717/4572/4 3136/4571/4
f 3136/4571/4 3721/89/4 3716/4616/4
f 3702/4618/5 3723/1204/5 3671/5307/5
f 3671/5307/5 3684/972/5 3702/4618/5
f 3701/4617/5 3722/1206/5 3685/5311/5
f 3685/5311/5 3698/1207/5 3701/4617/5
f 3040/920/5 3037/935/5 3723/1204/5
f 3723/1204/5 3702/4618/5 3040/920/5
f 3688/4623/6 3677/951/6 3706/4621/6
f 3706/4621/6 3724/4622/6 3688/4623/6
f 3674/4626/6 3035/1187/6 3030/930/6
f 3030/930/6 3705/4625/6 3674/4626/6
f 3705/4625/6 3725/4620/6 3674/4626/6
f 10/1300/6 6/1203/6 3691/1201/6
f 3691/1201/6 3724/4622/6 10/1300/6
f 3740/4629/2 3658/8453/2 3659/7832/2
f 3659/7832/2 3708/4627/2 3740/4629/2
f 3669/4630/2 3670/8454/2 3720/4631/2
f 3143/4619/5 3708/4618/5 3659/4633/5
f 3136/4624/6 3137/4787/6 3669/4635/6
f 3774/4723/3 3767/4727/3 3766/4726/3
f 3766/4726/3 3765/149/3 3774/4723/3
f 3765/149/3 3766/4726/3 3770/4724/3
f 3775/4728/3 128/3225/3 2392/8364/3
f 2392/8364/3 3766/4726/3 3775/4728/3
f 3766/4726/3 2392/8364/3 2394/3226/3
f 4777/4730/3 3771/4731/3 3765/149/3
f 3765/149/3 3769/4725/3 4777/4730/3
f 3768/152/3 3765/149/3 3771/4731/3
f 3767/4735/5 3774/8472/5 3773/8473/5
f 3773/8473/5 3781/4733/5 3767/4735/5
f 3780/4737/5 3773/8473/5 3774/8472/5
f 3774/8472/5 3768/4736/5 3780/4737/5
f 3768/4736/5 3610/1983/5 3780/4737/5
f 127/3144/5 128/8474/5 3775/4732/5
f 3775/4732/5 3772/4734/5 127/3144/5
f 3777/4738/6 3776/4741/6 3769/4739/6
f 130/3088/6 131/3039/6 3777/4738/6
f 3777/4738/6 3770/4740/6 130/3088/6
f 3600/2020/6 3602/2211/6 3769/4739/6
f 3769/4739/6 3776/4741/6 3600/2020/6
f 3779/4742/4 3778/4518/4 3776/4512/4
f 3773/4744/4 3780/4517/4 3778/4518/4
f 3778/4518/4 3779/4742/4 3773/4744/4
f 3779/4742/4 3777/4016/4 131/3133/4
f 3772/4746/4 3781/4743/4 3779/4742/4
f 3779/4742/4 3782/4745/4 3772/4746/4
f 3782/4745/4 132/3125/4 3772/4746/4
f 3606/4747/4 3778/4518/4 3780/4517/4
f 3778/4518/4 3606/4747/4 3607/4749/4
f 3794/1137/5 3786/4764/5 3785/5744/5
f 3791/4750/5 3784/4757/5 3783/4751/5
f 3794/1137/5 3785/5744/5 3791/4750/5
f 3788/4759/5 3784/4757/5 3790/4758/5
f 3790/4758/5 3821/937/5 3788/4759/5
f 3791/4750/5 3785/5744/5 3792/4760/5
f 3787/4761/5 3788/4759/5 3789/4756/5
f 3043/920/5 3794/1137/5 3783/4751/5
f 3783/4751/5 3787/4761/5 3043/920/5
f 3043/920/5 3045/4619/5 3786/4764/5
f 3852/4767/5 3795/4769/5 3148/4768/5
f 3148/4768/5 3149/4765/5 3852/4767/5
f 3853/4770/5 3797/4772/5 3156/4771/5
f 3156/4771/5 3148/4768/5 3853/4770/5
f 3875/4773/5 3798/4775/5 3161/4774/5
f 3161/4774/5 3156/4771/5 3875/4773/5
f 3887/4776/5 3799/4778/5 3166/4777/5
f 3166/4777/5 3161/4774/5 3887/4776/5
f 3899/4779/5 3800/4781/5 3171/4780/5
f 3171/4780/5 3166/4777/5 3899/4779/5
f 3911/4782/5 3801/4784/5 3176/4783/5
f 3176/4783/5 3171/4780/5 3911/4782/5
f 3922/4785/5 3802/2208/5 3181/1983/5
f 3181/1983/5 3176/4783/5 3922/4785/5
f 3181/1983/5 3802/2208/5 3803/4786/5
f 3149/4765/5 3189/6683/5 3804/4788/5
f 3817/4790/5 3808/4800/5 3807/6141/5
f 3813/1262/5 3806/4794/5 3805/4789/5
f 3817/4790/5 3807/6141/5 3813/1262/5
f 3810/1094/5 3806/4794/5 3812/1293/5
f 3812/1293/5 2521/3887/5 3810/1094/5
f 3813/1262/5 3807/6141/5 3814/4796/5
f 3809/4797/5 3810/1094/5 3811/4795/5
f 3822/4799/5 3818/1106/5 3805/4789/5
f 3809/4797/5 3815/4798/5 3822/4799/5
f 3815/4798/5 3816/4802/5 3822/4799/5
f 3818/1106/5 3819/5393/5 3808/4800/5
f 3821/937/5 3820/933/5 2519/4801/5
f 3820/933/5 3822/4799/5 3816/4802/5
f 4837/4805/5 3825/1264/5 3964/4804/5
f 3964/4804/5 3823/1602/5 4837/4805/5
f 4741/4807/5 3052/1253/5 3053/4634/5
f 3053/4634/5 3803/4806/5 4741/4807/5
f 3826/1263/5 3823/1602/5 3828/4808/5
f 3966/2406/5 3831/2332/5 3830/2334/5
f 3830/2334/5 3829/4809/5 3966/2406/5
f 4834/4810/5 3836/4827/5 3835/4821/5
f 3835/4821/5 3834/4764/5 4834/4810/5
f 3840/4814/5 3839/2775/5 4842/3033/5
f 4842/3033/5 4083/4811/5 3840/4814/5
f 4083/4811/5 4076/4812/5 3840/4814/5
f 3842/4817/5 3840/4814/5 4059/4815/5
f 4052/4816/5 3841/4818/5 3842/4817/5
f 4028/4651/5 3842/4817/5 3841/4818/5
f 3835/4821/5 3842/4817/5 4028/4651/5
f 4001/4820/5 3834/4764/5 3835/4821/5
f 3960/4823/5 3843/4824/5 3842/4817/5
f 3842/4817/5 3835/4821/5 3960/4823/5
f 3961/4825/5 3845/4948/5 3840/4814/5
f 3840/4814/5 3842/4817/5 3961/4825/5
f 3962/4826/5 3846/3215/5 3847/2955/5
f 3847/2955/5 3839/2775/5 3840/4814/5
f 3840/4814/5 3845/4948/5 3962/4826/5
f 3829/4809/5 3830/2334/5 3844/4822/5
f 3844/4822/5 3835/4821/5 3829/4809/5
f 3849/4828/5 3848/8477/5 3847/2955/5
f 3795/4769/5 3852/4767/5 3851/4912/5
f 3851/4912/5 3850/4829/5 3795/4769/5
f 3979/4832/5 3854/4851/5 3857/4834/5
f 3857/4834/5 3856/4830/5 3979/4832/5
f 3859/4833/5 3858/4836/5 3856/4830/5
f 3861/4835/5 3860/4838/5 3858/4836/5
f 3863/4837/5 3862/4840/5 3860/4838/5
f 3865/4839/5 3864/4842/5 3862/4840/5
f 3867/4841/5 3866/4844/5 3864/4842/5
f 3869/4843/5 3868/4846/5 3866/4844/5
f 3871/4845/5 3870/4848/5 3868/4846/5
f 3873/4847/5 3872/4849/5 3870/4848/5
f 3850/4829/5 3851/4912/5 3872/4849/5
f 3797/4772/5 3853/4770/5 3850/4829/5
f 3850/4829/5 3874/4850/5 3797/4772/5
f 3981/4852/5 3876/4863/5 3877/4854/5
f 3877/4854/5 3857/4834/5 3981/4852/5
f 3878/4853/5 3859/4833/5 3857/4834/5
f 3879/4855/5 3861/4835/5 3859/4833/5
f 3880/4856/5 3863/4837/5 3861/4835/5
f 3881/4857/5 3865/4839/5 3863/4837/5
f 3882/4858/5 3867/4841/5 3865/4839/5
f 3883/4859/5 3869/4843/5 3867/4841/5
f 3884/4860/5 3871/4845/5 3869/4843/5
f 3885/4861/5 3873/4847/5 3871/4845/5
f 3874/4850/5 3850/4829/5 3873/4847/5
f 3798/4775/5 3875/4773/5 3874/4850/5
f 3874/4850/5 3886/4862/5 3798/4775/5
f 3983/4864/5 3888/4875/5 3889/4866/5
f 3889/4866/5 3877/4854/5 3983/4864/5
f 3890/4865/5 3878/4853/5 3877/4854/5
f 3891/4867/5 3879/4855/5 3878/4853/5
f 3892/4868/5 3880/4856/5 3879/4855/5
f 3893/4869/5 3881/4857/5 3880/4856/5
f 3894/4870/5 3882/4858/5 3881/4857/5
f 3895/4871/5 3883/4859/5 3882/4858/5
f 3896/4872/5 3884/4860/5 3883/4859/5
f 3897/4873/5 3885/4861/5 3884/4860/5
f 3886/4862/5 3874/4850/5 3885/4861/5
f 3799/4778/5 3887/4776/5 3886/4862/5
f 3886/4862/5 3898/4874/5 3799/4778/5
f 3984/4876/5 3900/4887/5 3901/4878/5
f 3901/4878/5 3889/4866/5 3984/4876/5
f 3902/4877/5 3890/4865/5 3889/4866/5
f 3903/4879/5 3891/4867/5 3890/4865/5
f 3904/4880/5 3892/4868/5 3891/4867/5
f 3905/4881/5 3893/4869/5 3892/4868/5
f 3906/4882/5 3894/4870/5 3893/4869/5
f 3907/4883/5 3895/4871/5 3894/4870/5
f 3908/4884/5 3896/4872/5 3895/4871/5
f 3909/4885/5 3897/4873/5 3896/4872/5
f 3898/4874/5 3886/4862/5 3897/4873/5
f 3800/4781/5 3899/4779/5 3898/4874/5
f 3898/4874/5 3910/4886/5 3800/4781/5
f 3975/4888/5 3912/4899/5 3913/4890/5
f 3913/4890/5 3901/4878/5 3975/4888/5
f 3914/4889/5 3902/4877/5 3901/4878/5
f 3915/4891/5 3903/4879/5 3902/4877/5
f 3916/4892/5 3904/4880/5 3903/4879/5
f 3917/4893/5 3905/4881/5 3904/4880/5
f 3918/4894/5 3906/4882/5 3905/4881/5
f 3919/4895/5 3907/4883/5 3906/4882/5
f 3920/4896/5 3908/4884/5 3907/4883/5
f 3921/4897/5 3909/4885/5 3908/4884/5
f 3910/4886/5 3898/4874/5 3909/4885/5
f 3801/4784/5 3911/4782/5 3910/4886/5
f 3910/4886/5 3923/4898/5 3801/4784/5
f 3970/4900/5 3925/4946/5 3924/4901/5
f 3924/4901/5 3913/4890/5 3970/4900/5
f 3914/4889/5 3913/4890/5 3924/4901/5
f 3915/4891/5 3914/4889/5 3926/4902/5
f 3916/4892/5 3915/4891/5 3927/4903/5
f 3917/4893/5 3916/4892/5 3928/4904/5
f 3918/4894/5 3917/4893/5 3929/4905/5
f 3919/4895/5 3918/4894/5 3930/4906/5
f 3920/4896/5 3919/4895/5 3931/4907/5
f 3963/4909/5 3933/4910/5 3921/4897/5
f 3921/4897/5 3920/4896/5 3963/4909/5
f 3967/4911/5 3923/4898/5 3910/4886/5
f 3910/4886/5 3921/4897/5 3967/4911/5
f 4868/4914/5 3934/4915/5 3872/4849/5
f 3872/4849/5 3851/4912/5 4868/4914/5
f 4866/4916/5 3936/4917/5 3870/4848/5
f 3870/4848/5 3872/4849/5 4866/4916/5
f 4864/4918/5 3937/4919/5 3868/4846/5
f 3868/4846/5 3870/4848/5 4864/4918/5
f 4862/4920/5 3938/4921/5 3866/4844/5
f 3866/4844/5 3868/4846/5 4862/4920/5
f 4860/4922/5 3939/4923/5 3864/4842/5
f 3864/4842/5 3866/4844/5 4860/4922/5
f 4858/4924/5 3940/4925/5 3862/4840/5
f 3862/4840/5 3864/4842/5 4858/4924/5
f 4856/4926/5 3941/4927/5 3860/4838/5
f 3860/4838/5 3862/4840/5 4856/4926/5
f 4854/4928/5 3942/4929/5 3858/4836/5
f 3858/4836/5 3860/4838/5 4854/4928/5
f 4851/4930/5 3943/8478/5 3856/4830/5
f 3856/4830/5 3858/4836/5 4851/4930/5
f 4852/4932/5 3944/7851/5 3978/4931/5
f 3978/4931/5 3855/4831/5 3856/4830/5
f 3856/4830/5 3943/8478/5 4852/4932/5
f 3796/4766/5 3804/4788/5 3935/4913/5
f 3935/4913/5 3851/4912/5 3796/4766/5
f 3947/4935/5 3946/2772/5 3848/8477/5
f 3848/8477/5 3849/4828/5 3947/4935/5
f 3972/106/5 3951/91/5 3950/4943/5
f 3950/4943/5 3949/4936/5 3972/106/5
f 3949/4936/5 3950/4943/5 3954/4938/5
f 3953/4939/5 3954/4938/5 3947/4935/5
f 4840/4942/5 3946/2772/5 3947/4935/5
f 3947/4935/5 3956/4940/5 4840/4942/5
f 4846/4944/5 3958/8479/5 3957/8480/5
f 3957/8480/5 3950/4943/5 4846/4944/5
f 3950/4943/5 3957/8480/5 3959/4945/5
f 3954/4938/5 3959/4945/5 3956/4940/5
f 3953/4939/5 3948/4933/5 3927/4903/5
f 3949/4936/5 3953/4939/5 3926/4902/5
f 3971/4947/5 3952/4937/5 3949/4936/5
f 3949/4936/5 3924/4901/5 3971/4947/5
f 3948/4933/5 3945/4934/5 3928/4904/5
f 3844/4822/5 3830/2334/5 3932/4908/5
f 3932/4908/5 3931/4907/5 3844/4822/5
f 3843/4824/5 3960/4823/5 3931/4907/5
f 3931/4907/5 3930/4906/5 3843/4824/5
f 3845/4948/5 3961/4825/5 3930/4906/5
f 3930/4906/5 3929/4905/5 3845/4948/5
f 3846/3215/5 3962/4826/5 3929/4905/5
f 3929/4905/5 3928/4904/5 3846/3215/5
f 3928/4904/5 3945/4934/5 3846/3215/5
f 3932/4908/5 3830/2334/5 3831/2332/5
f 3824/4950/5 3803/4786/5 3802/2208/5
f 3802/2208/5 3965/4949/5 3824/4950/5
f 3832/1959/5 3828/8481/5 3823/1629/5
f 3823/1629/5 3964/1603/5 3965/4949/5
f 3965/4949/5 3966/2406/5 3832/1959/5
f 3933/4910/5 3963/4909/5 3831/2332/5
f 3831/2332/5 3966/2406/5 3965/4949/5
f 3965/4949/5 3967/4911/5 3933/4910/5
f 3923/4898/5 3967/4911/5 3965/4949/5
f 3965/4949/5 3802/2208/5 3923/4898/5
f 3925/4946/5 3970/4900/5 4872/2346/5
f 4872/2346/5 3968/4952/5 3925/4946/5
f 3952/4937/5 3971/4947/5 3968/4952/5
f 3968/4952/5 4845/4953/5 3952/4937/5
f 3912/4899/5 3975/4888/5 4871/4956/5
f 4871/4956/5 3969/4951/5 3912/4899/5
f 3855/4831/5 3978/4931/5 3977/4962/5
f 3977/4962/5 3976/4957/5 3855/4831/5
f 3854/4851/5 3979/4832/5 3976/4957/5
f 3976/4957/5 3980/4958/5 3854/4851/5
f 3876/4863/5 3981/4852/5 3980/4958/5
f 3980/4958/5 3982/4959/5 3876/4863/5
f 3888/4875/5 3983/4864/5 3982/4959/5
f 3982/4959/5 3985/4960/5 3888/4875/5
f 3978/4931/5 3944/7851/5 3986/4961/5
f 3990/4963/3 3989/4974/3 3988/4964/3
f 3993/4965/3 3992/4968/3 3792/4966/3
f 3993/4965/3 3990/4963/3 3987/1943/3
f 4338/4970/3 3994/8482/3 3990/4963/3
f 3990/4963/3 3993/4965/3 4338/4970/3
f 4337/4972/3 3995/4969/3 3993/4965/3
f 3993/4965/3 3991/4967/3 4337/4972/3
f 3990/4963/3 3994/8482/3 3996/4973/3
f 4000/4975/3 4025/5011/3 4328/4976/3
f 3998/4980/3 4328/4976/3 4025/5011/3
f 3998/4980/3 4025/5011/3 4026/4978/3
f 4496/4979/3 3999/4983/3 3998/4980/3
f 4329/4982/3 3833/6203/3 3834/4981/3
f 3834/4981/3 4001/5013/3 4000/4975/3
f 4000/4975/3 3997/4977/3 4329/4982/3
f 4498/4984/3 4003/8483/3 4002/4996/3
f 4002/4996/3 3998/4980/3 4498/4984/3
f 4334/4987/3 4006/4991/3 4005/4990/3
f 4005/4990/3 4004/4985/3 4334/4987/3
f 4005/4990/3 3989/4974/3 3996/4973/3
f 3996/4973/3 4330/4988/3 4005/4990/3
f 4335/4992/3 4010/2210/3 4009/4993/3
f 4009/4993/3 4005/4990/3 4335/4992/3
f 4331/2157/3 3988/4964/3 3989/4974/3
f 3989/4974/3 4005/4990/3 4331/2157/3
f 4013/4994/3 4011/5000/3 4004/4985/3
f 4002/4996/3 4003/8483/3 4500/8484/3
f 4002/4996/3 4500/8484/3 4502/8485/3
f 4013/4994/3 4008/4989/3 4002/4996/3
f 4002/4996/3 4502/8485/3 4018/4995/3
f 4336/4998/3 4007/4986/3 4004/4985/3
f 4004/4985/3 4011/5000/3 4014/4997/3
f 4014/4997/3 4012/5004/3 4336/4998/3
f 4033/5003/3 4015/4999/3 4011/5000/3
f 4011/5000/3 4013/4994/3 4019/5001/3
f 4020/5002/3 4016/5006/3 4033/5003/3
f 4011/5000/3 4019/5001/3 4033/5003/3
f 4015/4999/3 4017/5035/3 4012/5004/3
f 4029/5012/3 4000/4975/3 4001/5013/3
f 4029/5012/3 4023/5008/3 4024/5007/3
f 4024/5007/3 4027/5010/3 4000/4975/3
f 4495/5016/3 4493/5018/3 4484/5023/3
f 4484/5023/3 4486/5015/3 4495/5016/3
f 4491/5019/3 4032/5025/3 4031/5027/3
f 4031/5027/3 4482/5017/3 4491/5019/3
f 4016/5006/3 4021/5005/3 4042/5022/3
f 4042/5022/3 4037/5020/3 4016/5006/3
f 4023/5008/3 4029/5012/3 4034/5031/3
f 4034/5031/3 4049/5024/3 4023/5008/3
f 4489/5029/3 4022/5009/3 4050/5028/3
f 4050/5028/3 4480/5026/3 4489/5029/3
f 4029/5012/3 4028/5014/3 4035/5030/3
f 4015/4999/3 4033/5003/3 4030/5021/3
f 4030/5021/3 4038/5032/3 4015/4999/3
f 4038/5032/3 4342/5034/3 4015/4999/3
f 4057/5038/3 4039/5039/3 4038/5032/3
f 4038/5032/3 4030/5021/3 4057/5038/3
f 4030/5021/3 4043/5036/3 4044/5037/3
f 4044/5037/3 4040/5041/3 4057/5038/3
f 4039/5039/3 4041/5068/3 4036/5033/3
f 3841/5046/3 4052/8486/3 4053/5047/3
f 4053/5047/3 4034/5031/3 3841/5046/3
f 4053/5047/3 4047/5043/3 4048/5042/3
f 4048/5042/3 4051/5045/3 4034/5031/3
f 4479/5049/3 4477/5051/3 4516/5056/3
f 4516/5056/3 4518/5048/3 4479/5049/3
f 4475/5052/3 4056/5058/3 4055/5060/3
f 4055/5060/3 4514/5050/3 4475/5052/3
f 4040/5041/3 4045/5040/3 4066/5055/3
f 4066/5055/3 4061/5053/3 4040/5041/3
f 4047/5043/3 4053/5047/3 4058/5064/3
f 4058/5064/3 4073/5057/3 4047/5043/3
f 4473/5062/3 4046/5044/3 4074/5061/3
f 4074/5061/3 4512/5059/3 4473/5062/3
f 4053/5047/3 4052/8486/3 4059/5063/3
f 4039/5039/3 4057/5038/3 4054/5054/3
f 4054/5054/3 4062/5065/3 4039/5039/3
f 4062/5065/3 4341/5067/3 4039/5039/3
f 4081/5071/3 4063/5072/3 4062/5065/3
f 4062/5065/3 4054/5054/3 4081/5071/3
f 4054/5054/3 4067/5069/3 4068/5070/3
f 4068/5070/3 4064/5074/3 4081/5071/3
f 4063/5072/3 4065/5097/3 4060/5066/3
f 3837/5079/3 4076/5091/3 4077/5080/3
f 4077/5080/3 4058/5064/3 3837/5079/3
f 4077/5080/3 4071/5076/3 4072/5075/3
f 4072/5075/3 4075/5078/3 4058/5064/3
f 4081/5071/3 4064/5074/3 4089/5081/3
f 4509/5083/3 4507/8487/3 4080/5084/3
f 4325/5087/3 4089/5081/3 4064/5074/3
f 4325/5087/3 4064/5074/3 4069/5073/3
f 4509/5083/3 4079/5085/3 4325/5087/3
f 4325/5087/3 4069/5073/3 4511/5086/3
f 4071/5076/3 4077/5080/3 4082/8488/3
f 4082/8488/3 4321/5088/3 4071/5076/3
f 4505/5090/3 4070/5077/3 4324/5089/3
f 4324/5089/3 4079/5085/3 4505/5090/3
f 4077/5080/3 4076/5091/3 4085/5093/3
f 4320/5094/3 4082/8488/3 4077/5080/3
f 4063/5072/3 4081/5071/3 4078/5082/3
f 4078/5082/3 4090/5095/3 4063/5072/3
f 4086/5098/3 4085/5093/3 4083/5092/3
f 4524/5100/3 4088/5108/3 4087/5101/3
f 4087/5101/3 4090/5095/3 4524/5100/3
f 4090/5095/3 4078/5082/3 4524/5100/3
f 4526/5103/3 4084/5096/3 4090/5095/3
f 4090/5095/3 4087/5101/3 4526/5103/3
f 4560/5106/3 4091/5102/3 4087/5101/3
f 4087/5101/3 4093/5104/3 4560/5106/3
f 4558/5109/3 4095/5125/3 4094/5112/3
f 4094/5112/3 4096/5107/3 4558/5109/3
f 4096/5107/3 4093/5104/3 4087/5101/3
f 4547/5111/3 4097/8489/3 4093/5104/3
f 4093/5104/3 4096/5107/3 4547/5111/3
f 4545/5114/3 4098/5110/3 4096/5107/3
f 4096/5107/3 4094/5112/3 4545/5114/3
f 4093/5104/3 4097/8489/3 4100/5115/3
f 4591/5119/3 4103/5123/3 4102/5122/3
f 4102/5122/3 4101/5118/3 4591/5119/3
f 4101/5118/3 4102/5122/3 3959/5120/3
f 4099/5113/3 4094/5112/3 4105/5127/3
f 4105/5127/3 4102/5122/3 4099/5113/3
f 4102/5122/3 4105/5127/3 3956/5124/3
f 4589/5126/3 4106/5128/3 4105/5127/3
f 4105/5127/3 4094/5112/3 4589/5126/3
f 4590/5129/3 3955/6192/3 3956/5124/3
f 3956/5124/3 4105/5127/3 4590/5129/3
f 4101/5118/3 3957/5121/3 3958/5130/3
f 4606/5133/3 4104/5116/3 4101/5118/3
f 4101/5118/3 4107/5131/3 4606/5133/3
f 4130/5139/3 4136/5134/3 4110/5136/3
f 4110/5136/3 4109/5137/3 4130/5139/3
f 4124/5145/3 4133/5140/3 4114/5142/3
f 4114/5142/3 4113/5143/3 4124/5145/3
f 4121/5151/3 4127/5146/3 4118/5148/3
f 4118/5148/3 4117/5149/3 4121/5151/3
f 4123/5152/3 4122/5170/3 4121/5151/3
f 4126/5153/3 4125/5164/3 4124/5145/3
f 4129/5154/3 4128/5173/3 4119/5147/3
f 4132/5155/3 4131/5158/3 4130/5139/3
f 4135/5156/3 4134/5167/3 4115/5141/3
f 4138/5157/3 4137/5161/3 4111/5135/3
f 4131/5158/3 4132/5155/3 4140/5159/3
f 4138/5157/3 4131/5158/3 4154/5160/3
f 4154/5160/3 4160/5162/3 4138/5157/3
f 4125/5164/3 4126/5153/3 4142/5165/3
f 4135/5156/3 4125/5164/3 4148/5166/3
f 4148/5166/3 4157/5168/3 4135/5156/3
f 4122/5170/3 4123/5152/3 4144/5171/3
f 4129/5154/3 4122/5170/3 4145/5172/3
f 4145/5172/3 4151/5174/3 4129/5154/3
f 4147/5176/3 4146/5192/3 4145/5172/3
f 4150/5177/3 4149/5188/3 4148/5166/3
f 4153/5178/3 4152/5191/3 4143/5175/3
f 4156/5179/3 4155/5184/3 4154/5160/3
f 4159/5180/3 4158/5187/3 4141/5169/3
f 4162/5181/3 4161/5183/3 4139/5163/3
f 4164/5185/3 4163/5182/3 4162/5181/3
f 4155/5184/3 4156/5179/3 4164/5185/3
f 4166/5189/3 4165/5186/3 4159/5180/3
f 4149/5188/3 4150/5177/3 4166/5189/3
f 4168/5193/3 4167/5190/3 4153/5178/3
f 4146/5192/3 4147/5176/3 4168/5193/3
f 4172/5202/4 4169/8367/4 4179/3278/4
f 4179/3278/4 4178/5200/4 4172/5202/4
f 4177/5201/4 4180/8492/4 4171/5203/4
f 4257/3491/4 4181/5205/4 4176/5204/4
f 4176/5204/4 4173/3250/4 4171/5203/4
f 4171/5203/4 4180/8492/4 4257/3491/4
f 4181/5205/4 4182/8493/4 4175/5206/4
f 4175/5206/4 4182/8493/4 4183/3490/4
f 4183/3490/4 4184/3252/4 4175/5206/4
f 4188/5210/4 4187/5207/4 4197/5208/4
f 4195/5209/4 4185/5219/4 4188/5210/4
f 4243/5213/4 4188/5210/4 4185/5219/4
f 4185/5219/4 4191/5211/4 4243/5213/4
f 4193/5214/4 4192/3494/4 4189/5212/4
f 4196/5218/4 4194/5224/4 4185/5219/4
f 4199/2138/4 4198/5226/4 4197/5208/4
f 4207/5223/4 4200/5228/4 4194/5224/4
f 4209/5227/4 4207/5223/4 4196/5218/4
f 4196/5218/4 4198/5226/4 4209/5227/4
f 4203/5229/4 4202/5231/4 4192/3494/4
f 4192/3494/4 4193/5214/4 4203/5229/4
f 4205/5230/4 4204/8496/4 4202/5231/4
f 4208/5235/4 4206/5239/4 4200/5228/4
f 4211/2209/4 4210/5241/4 4209/5227/4
f 4332/5240/4 4213/5238/4 4208/5235/4
f 4210/5241/4 4211/2209/4 4332/5240/4
f 4211/2209/4 4212/2128/4 4332/5240/4
f 4333/5242/4 4214/3489/4 4204/8496/4
f 4204/8496/4 4205/5230/4 4333/5242/4
f 4223/5243/4 3821/3337/4 4216/5244/4
f 3820/3343/4 3821/3337/4 4223/5243/4
f 3820/3343/4 4223/5243/4 4221/5246/4
f 4218/5247/4 4215/5248/4 3820/3343/4
f 4340/5250/4 3822/3344/4 3820/3343/4
f 3820/3343/4 4215/5248/4 4340/5250/4
f 4230/5252/4 4219/8499/4 4217/5249/4
f 4217/5249/4 4215/5248/4 4230/5252/4
f 4224/5255/4 4222/5260/4 4221/5246/4
f 4216/5244/4 4227/8502/4 4226/5258/4
f 4224/5255/4 4226/5258/4 4239/5262/4
f 4239/5262/4 4237/5259/4 4224/5255/4
f 4226/5258/4 4227/8502/4 4229/5261/4
f 4220/5251/4 4222/5260/4 4235/5265/4
f 4235/5265/4 4232/5263/4 4220/5251/4
f 4339/5267/4 4219/8499/4 4230/5252/4
f 4230/5252/4 4228/5264/4 4339/5267/4
f 4242/5269/4 4233/5276/4 4231/5266/4
f 4231/5266/4 4228/5264/4 4242/5269/4
f 4238/5273/4 4236/1898/4 4235/5265/4
f 4229/5261/4 4241/1896/4 4240/5275/4
f 4240/5275/4 4241/1896/4 4187/5207/4
f 4188/5210/4 4242/5269/4 4234/5268/4
f 4236/1898/4 4238/5273/4 4188/5210/4
f 4238/5273/4 4187/5207/4 4188/5210/4
f 4242/5269/4 4188/5210/4 4243/5213/4
f 4178/931/6 4190/1133/6 2795/3887/6
f 2544/3792/5 4244/5278/5 4246/721/5
f 4246/721/5 4245/724/5 2544/3792/5
f 4247/5277/5 4246/721/5 4244/5278/5
f 4204/5281/2 4214/932/2 2793/3655/2
f 2793/3655/2 2794/3657/2 4204/5281/2
f 4189/995/2 4192/928/2 2794/3657/2
f 2794/3657/2 2795/5282/2 4189/995/2
f 4248/5290/2 4249/5295/2 4253/5291/2
f 4249/5295/2 4170/8506/2 4173/8507/2
f 4173/8507/2 4250/5293/2 4249/5295/2
f 4250/5293/2 2445/3657/2 4249/5295/2
f 4250/5293/2 4251/5297/2 4255/5296/2
f 4251/5297/2 4174/5281/2 4184/932/2
f 4184/932/2 2447/3655/2 4251/5297/2
f 4248/5290/2 4252/5292/2 2446/5299/2
f 2446/5299/2 2453/5298/2 4179/5283/2
f 4179/5283/2 4169/995/2 4248/5290/2
f 4177/934/1 4178/1204/1 2949/3892/1
f 2949/3892/1 2953/3894/1 4177/934/1
f 4182/936/1 4181/5301/1 2953/3894/1
f 2953/3894/1 2954/3893/1 4182/936/1
f 2793/3827/5 4214/5392/5 4183/5303/5
f 2444/5309/5 4263/4762/5 4262/934/5
f 4262/934/5 4343/5307/5 2444/5309/5
f 2441/5313/5 4264/5306/5 4261/5308/5
f 4261/5308/5 4344/5311/5 2441/5313/5
f 2440/5315/5 4266/5310/5 4265/5312/5
f 4345/5314/5 4267/5699/5 2449/153/5
f 2440/5315/5 4265/5312/5 4345/5314/5
f 4263/4762/5 2447/4755/5 4184/937/5
f 4131/5316/5 4138/8508/5 2462/5317/5
f 4125/5319/5 4135/8509/5 2459/5320/5
f 4122/5322/5 4129/8510/5 2454/5323/5
f 2461/5325/6 2464/8511/6 4136/5326/6
f 2456/5328/6 2458/8512/6 4133/5329/6
f 2452/5331/6 2457/8513/6 4127/5332/6
f 2454/5334/2 4129/8514/2 4127/5335/2
f 2452/5337/1 4121/5567/1 4122/5338/1
f 2459/5334/2 4135/8514/2 4133/5335/2
f 2456/5337/1 4124/5567/1 4125/5338/1
f 2462/5334/2 4138/8514/2 4136/5335/2
f 2461/5337/1 4130/5567/1 4131/5338/1
f 2449/153/5 4267/5699/5 4271/5342/5
f 2585/4756/1 4273/3894/1 4272/5300/1
f 4272/5300/1 4247/1204/1 2585/4756/1
f 4273/3894/1 2586/3893/1 4274/5302/1
f 2563/3821/5 4277/3816/5 4561/3971/5
f 4561/3971/5 4275/5345/5 2563/3821/5
f 2562/3824/5 4278/3822/5 4559/5346/5
f 4559/5346/5 4274/5277/5 2562/3824/5
f 4277/3816/5 2466/3815/5 4271/5342/5
f 2536/5349/2 4281/3018/2 4280/1203/2
f 4280/1203/2 4279/5347/2 2536/5349/2
f 2478/5351/2 4282/5348/2 4279/5347/2
f 4279/5347/2 4179/5283/2 2478/5351/2
f 4281/3018/2 4284/1/2 4283/2/2
f 2490/5354/1 4287/5358/1 4286/5357/1
f 4286/5357/1 4307/5308/1 2490/5354/1
f 2538/5356/1 4288/5352/1 4285/5353/1
f 4285/5353/1 4304/5312/1 2538/5356/1
f 2476/5359/1 4258/3892/1 4259/1204/1
f 4259/1204/1 4286/5357/1 2476/5359/1
f 4155/5316/5 4162/8508/5 2489/5317/5
f 4149/5319/5 4159/8509/5 2485/5320/5
f 4146/5322/5 4153/8510/5 2482/5323/5
f 2487/5325/6 2488/8511/6 4160/5326/6
f 2480/5328/6 2484/8512/6 4157/5329/6
f 2477/5331/6 2481/8513/6 4151/5332/6
f 2482/5360/2 4153/5560/2 4151/5361/2
f 2477/5363/1 4145/8515/1 4146/5364/1
f 2485/5360/2 4159/5560/2 4157/5361/2
f 2480/5363/1 4148/8515/1 4149/5364/1
f 2489/5360/2 4162/5560/2 4160/5361/2
f 2487/5363/1 4154/8515/1 4155/5364/1
f 2577/5366/2 4293/3018/2 4292/1203/2
f 4292/1203/2 4291/5347/2 2577/5366/2
f 2576/5367/2 4294/5348/2 4291/5347/2
f 4291/5347/2 4269/5283/2 2576/5367/2
f 4293/3018/2 2578/1/2 4295/2/2
f 2555/5368/1 4298/5358/1 4599/978/1
f 4599/978/1 4296/5353/1 2555/5368/1
f 2554/5369/1 4299/5352/1 4296/5353/1
f 4296/5353/1 4301/5355/1 2554/5369/1
f 4298/5358/1 2556/3892/1 4245/1204/1
f 4285/5353/1 4307/5308/1 4306/5373/1
f 4306/5373/1 4533/5370/1 4285/5353/1
f 4286/5357/1 4259/1204/1 4302/5737/1
f 4302/5737/1 4528/5372/1 4286/5357/1
f 4843/178/1 4290/5355/1 4305/5371/1
f 4534/5374/1 4086/4813/1 4843/178/1
f 4086/4813/1 3838/3984/1 4843/178/1
f 3997/5389/2 4328/4621/2 4279/5347/2
f 4279/5347/2 4280/1203/2 3997/5389/2
f 3998/5390/2 4002/4625/2 4179/5283/2
f 4179/5283/2 4279/5347/2 3998/5390/2
f 4833/7/2 3833/8/2 4329/3017/2
f 4329/3017/2 4280/1203/2 4833/7/2
f 4178/931/6 4179/1186/6 4002/5400/6
f 4002/5400/6 4008/5391/6 4178/931/6
f 4190/5392/6 4330/6140/6 3996/5393/6
f 4201/5280/2 4199/928/2 4331/5394/2
f 4211/5281/2 4201/5280/2 4009/5395/2
f 4009/5395/2 4010/5396/2 4211/5281/2
f 4186/995/2 4187/5283/2 3988/4625/2
f 3988/4625/2 4331/5394/2 4186/995/2
f 4006/4800/5 4334/5398/5 4333/933/5
f 4333/933/5 4213/5397/5 4006/4800/5
f 4007/5399/5 4336/4760/5 4184/937/5
f 4183/5303/5 4214/5392/5 4007/5399/5
f 4214/5392/5 4334/5398/5 4007/5399/5
f 4335/5391/5 4332/931/5 4212/1186/5
f 4219/5401/1 4339/5347/1 4338/4621/1
f 4217/5402/1 4219/5401/1 3995/5389/1
f 3995/5389/1 4337/3017/1 4217/5402/1
f 4233/926/1 4243/5283/1 3996/4625/1
f 4231/5403/1 4233/926/1 3994/5390/1
f 3994/5390/1 4338/4621/1 4231/5403/1
f 3818/7/1 3822/2/1 4340/1203/1
f 4340/1203/1 4337/3017/1 3818/7/1
f 4229/1051/2 4227/5353/2 3992/5385/2
f 3992/5385/2 3987/5387/2 4229/1051/2
f 4216/5404/2 3821/5355/2 3790/178/2
f 3790/178/2 3792/3984/2 3992/5385/2
f 3992/5385/2 4227/5353/2 4216/5404/2
f 3987/5387/2 3988/4618/2 4187/1204/2
f 4261/5308/5 4343/5307/5 4036/4819/5
f 4036/4819/5 4041/4816/5 4261/5308/5
f 4265/5312/5 4344/5311/5 4060/4815/5
f 4060/4815/5 4065/4812/5 4265/5312/5
f 4262/934/5 4184/937/5 4336/4760/5
f 4012/4820/5 4017/4651/5 4262/934/5
f 4017/4651/5 4343/5307/5 4262/934/5
f 4449/5515/5 4163/8542/5 4164/5516/5
f 4453/5521/5 4165/8544/5 4166/5522/5
f 4457/5527/5 4167/8546/5 4168/5528/5
f 4463/5533/6 4109/8548/6 4110/5534/6
f 4467/5539/6 4113/8550/6 4114/5540/6
f 4471/5545/6 4117/8552/6 4118/5546/6
f 4119/5335/2 4128/8514/2 4470/5558/2
f 4457/5561/2 4470/5558/2 4128/8514/2
f 4457/5561/2 4128/8514/2 4143/5361/2
f 4152/5560/2 4167/8557/2 4457/5561/2
f 4147/5364/1 4144/8515/1 4456/5565/1
f 4471/5568/1 4456/5565/1 4144/8515/1
f 4471/5568/1 4144/8515/1 4123/5338/1
f 4120/5567/1 4117/8559/1 4471/5568/1
f 4115/5335/2 4134/8514/2 4466/5558/2
f 4453/5561/2 4466/5558/2 4134/8514/2
f 4453/5561/2 4134/8514/2 4141/5361/2
f 4158/5560/2 4165/8557/2 4453/5561/2
f 4150/5364/1 4142/8515/1 4452/5565/1
f 4467/5568/1 4452/5565/1 4142/8515/1
f 4467/5568/1 4142/8515/1 4126/5338/1
f 4116/5567/1 4113/8559/1 4467/5568/1
f 4111/5335/2 4137/8514/2 4462/5558/2
f 4449/5561/2 4462/5558/2 4137/8514/2
f 4449/5561/2 4137/8514/2 4139/5361/2
f 4161/5560/2 4163/8557/2 4449/5561/2
f 4156/5364/1 4140/8515/1 4448/5565/1
f 4463/5568/1 4448/5565/1 4140/8515/1
f 4463/5568/1 4140/8515/1 4132/5338/1
f 4112/5567/1 4109/8559/1 4463/5568/1
f 4345/5314/5 4084/4811/5 4526/3020/5
f 4607/5734/5 4540/8622/5 4245/724/5
f 4245/724/5 4246/721/5 4607/5734/5
f 4598/5736/5 4541/5733/5 4246/721/5
f 4246/721/5 4247/5277/5 4598/5736/5
f 4272/5300/1 4543/914/1 4567/4759/1
f 4567/4759/1 4570/917/1 4272/5300/1
f 4566/913/1 4543/914/1 4272/5300/1
f 4272/5300/1 4274/5302/1 4566/913/1
f 4267/5699/5 4526/3020/5 4091/4941/5
f 4275/5345/5 4561/3971/5 4092/4940/5
f 4092/4940/5 4554/5754/5 4275/5345/5
f 4554/5754/5 4556/5755/5 4275/5345/5
f 4276/5344/5 4271/5342/5 4091/4941/5
f 4091/4941/5 4560/3975/5 4276/5344/5
f 4559/5346/5 4556/5755/5 4544/5735/5
f 4585/5796/2 4584/5797/2 4291/5347/2
f 4584/5797/2 4586/5749/2 4269/5283/2
f 4585/5796/2 4292/1203/2 4295/2/2
f 4106/5389/2 4589/4621/2 4584/5797/2
f 4584/5797/2 4585/5796/2 4106/5389/2
f 4095/5806/2 4558/4625/2 4586/5749/2
f 4586/5749/2 4584/5797/2 4095/5806/2
f 4839/7/2 3955/8/2 4590/3017/2
f 4590/3017/2 4585/5796/2 4839/7/2
f 4297/5357/1 4245/1204/1 4540/5737/1
f 4540/5737/1 4600/5372/1 4297/5357/1
f 4847/178/1 4301/5355/1 4296/5353/1
f 4296/5353/1 4107/5385/1 4847/178/1
f 4296/5353/1 4599/978/1 4600/5372/1
f 4600/5372/1 4608/5784/1 4296/5353/1
f 2516/4755/6 4746/4758/6 3056/920/6
f 4746/4758/6 4747/4760/6 3082/4619/6
f 3188/5948/3 4751/5951/3 4750/5949/3
f 4752/5869/3 3188/5948/3 5039/5950/3
f 4869/5873/3 4749/6206/3 4752/5869/3
f 3186/5953/3 4754/5883/3 4753/5882/3
f 4753/5882/3 4927/5952/3 3186/5953/3
f 3187/5928/3 3190/5946/3 4755/5947/3
f 4755/5947/3 4926/5910/3 3187/5928/3
f 3209/5956/3 4757/2481/3 4942/5955/3
f 4942/5955/3 4755/5947/3 3209/5956/3
f 3257/144/3 4759/4612/3 4940/5958/3
f 4940/5958/3 4756/5954/3 3257/144/3
f 3255/4560/3 4761/5959/3 4938/5961/3
f 4938/5961/3 4758/5957/3 3255/4560/3
f 4762/5963/3 3277/5861/3 3299/2535/3
f 3321/5962/3 3343/5970/3 4762/5963/3
f 4936/5965/3 4760/5960/3 3256/5964/3
f 3258/5966/3 3277/5861/3 4936/5965/3
f 3277/5861/3 4762/5963/3 4936/5965/3
f 4763/5969/3 3428/5972/3 3448/5967/3
f 3468/5968/3 3488/2529/3 4763/5969/3
f 4934/5973/3 4762/5963/3 3365/2533/3
f 4934/5973/3 3365/2533/3 3387/6040/3
f 3428/5972/3 4763/5969/3 4934/5973/3
f 4934/5973/3 3387/6040/3 3409/5971/3
f 3567/5974/3 3587/6097/3 4765/5975/3
f 4932/5976/3 4763/5969/3 3508/2527/3
f 4932/5976/3 3508/2527/3 3528/6089/3
f 3567/5974/3 4764/1732/3 4932/5976/3
f 4932/5976/3 3528/6089/3 3548/2525/3
f 3654/2518/3 4767/4730/3 4766/1730/3
f 4765/5975/3 3654/2518/3 5070/1729/3
f 4931/5977/3 4764/1732/3 4765/5975/3
f 3655/5978/3 3656/6123/3 4768/6124/3
f 4768/6124/3 5071/1726/3 3655/5978/3
f 4752/5869/3 4749/6206/3 3804/4966/3
f 3591/2020/6 3588/4634/6 4735/4806/6
f 3593/2211/6 3591/2020/6 4769/1950/6
f 6080/6101/6 4770/7909/6 3624/6117/6
f 3624/6117/6 3625/6099/6 6080/6101/6
f 6079/6104/6 4771/6100/6 3625/6099/6
f 3625/6099/6 3631/6102/6 6079/6104/6
f 6083/6106/6 4772/6103/6 3631/6102/6
f 3631/6102/6 3635/5500/6 6083/6106/6
f 6045/6109/6 4773/6105/6 3635/5500/6
f 3635/5500/6 3639/6107/6 6045/6109/6
f 6000/6112/6 4774/6108/6 3639/6107/6
f 3639/6107/6 3643/6110/6 6000/6112/6
f 5999/6115/6 4775/6111/6 3643/6110/6
f 3643/6110/6 3647/6113/6 5999/6115/6
f 6015/6116/6 4776/6114/6 3647/6113/6
f 3647/6113/6 3650/1996/6 6015/6116/6
f 3624/6117/6 4770/7909/6 4768/4917/6
f 3973/6164/1 4845/5880/1 4875/6181/1
f 3943/5121/3 4851/6187/3 4850/6186/3
f 4850/6186/3 4849/6184/3 3943/5121/3
f 3942/5120/3 4854/6189/3 4853/6188/3
f 4853/6188/3 4850/6186/3 3942/5120/3
f 3941/5124/3 4856/6191/3 4855/6190/3
f 4855/6190/3 4853/6188/3 3941/5124/3
f 3940/6192/3 4858/6194/3 4857/6193/3
f 4857/6193/3 4855/6190/3 3940/6192/3
f 3939/5092/3 4860/6196/3 4859/6195/3
f 4859/6195/3 4857/6193/3 3939/5092/3
f 3938/6197/3 4862/6199/3 4861/6198/3
f 4861/6198/3 4859/6195/3 3938/6197/3
f 3937/6200/3 4864/6202/3 4863/6201/3
f 4863/6201/3 4861/6198/3 3937/6200/3
f 3936/6203/3 4866/6205/3 4865/6204/3
f 4865/6204/3 4863/6201/3 3936/6203/3
f 3934/6173/3 4868/4967/3 4867/6172/3
f 4867/6172/3 4865/6204/3 3934/6173/3
f 3935/6207/3 3804/4966/3 4749/6206/3
f 4749/6206/3 4869/5873/3 4867/6172/3
f 4867/6172/3 4868/4967/3 3935/6207/3
f 3944/5130/3 4852/6185/3 4849/6184/3
f 4849/6184/3 4870/6208/3 3944/5130/3
f 5791/6172/1 4873/6168/1 4872/8723/1
f 4872/8723/1 3969/6173/1 5791/6172/1
f 3968/6207/1 4872/8723/1 4873/6168/1
f 4873/6168/1 5798/5873/1 3968/6207/1
f 5798/5873/1 4875/6181/1 4845/5880/1
f 4831/2955/1 4875/6181/1 4876/6210/1
f 5802/6211/1 4816/2669/1 4831/2955/1
f 5790/6204/1 4874/6170/1 4871/6171/1
f 4871/6171/1 3974/6212/1 5790/6204/1
f 5899/6216/1 4878/6217/1 3976/5099/1
f 3976/5099/1 3977/6214/1 5899/6216/1
f 5900/6218/1 4880/6219/1 3980/5079/1
f 3980/5079/1 3976/5099/1 5900/6218/1
f 5870/6220/1 4881/6221/1 3982/5046/1
f 3982/5046/1 3980/5079/1 5870/6220/1
f 4881/6221/1 4882/6500/1 3985/4981/1
f 4879/6215/1 3977/6214/1 3986/5124/1
f 4753/5882/3 4926/5910/3 4929/6276/3
f 4929/6276/3 4928/6269/3 4753/5882/3
f 4764/1732/3 4931/5977/3 4930/6281/3
f 4930/6281/3 4933/6270/3 4764/1732/3
f 4763/5969/3 4932/5976/3 4933/6270/3
f 4933/6270/3 4935/6271/3 4763/5969/3
f 4762/5963/3 4934/5973/3 4935/6271/3
f 4935/6271/3 4937/6272/3 4762/5963/3
f 4760/5960/3 4936/5965/3 4937/6272/3
f 4937/6272/3 4939/6273/3 4760/5960/3
f 4758/5957/3 4938/5961/3 4939/6273/3
f 4939/6273/3 4941/6274/3 4758/5957/3
f 4756/5954/3 4940/5958/3 4941/6274/3
f 4941/6274/3 4943/6275/3 4756/5954/3
f 4755/5947/3 4942/5955/3 4943/6275/3
f 4943/6275/3 4929/6276/3 4755/5947/3
f 4903/6278/3 4944/6282/3 4929/6276/3
f 4929/6276/3 4943/6275/3 4903/6278/3
f 4941/6274/3 4913/6255/3 4906/6277/3
f 4939/6273/3 4911/6254/3 4913/6255/3
f 4937/6272/3 4909/6252/3 4911/6254/3
f 4935/6271/3 4908/6249/3 4909/6252/3
f 5376/6280/3 4908/6249/3 4935/6271/3
f 4935/6271/3 4933/6270/3 5376/6280/3
f 4920/6264/3 4945/6279/3 4933/6270/3
f 4933/6270/3 4930/6281/3 4920/6264/3
f 5324/6283/3 4946/6380/3 4928/6269/3
f 4928/6269/3 4929/6276/3 5324/6283/3
f 5017/6286/3 4947/6299/3 4950/6298/3
f 4950/6298/3 4949/6284/3 5017/6286/3
f 5043/6289/3 4951/6348/3 4954/6346/3
f 4954/6346/3 4953/6287/3 5043/6289/3
f 4953/6287/3 4954/6346/3 4956/6290/3
f 4955/6291/3 4956/6290/3 4958/6292/3
f 4957/6293/3 4958/6292/3 4960/6294/3
f 4959/6295/3 4960/6294/3 4962/6296/3
f 4961/6297/3 4962/6296/3 4949/6284/3
f 5246/6300/3 4963/6309/3 4964/6308/3
f 4964/6308/3 4950/6298/3 5246/6300/3
f 5048/6303/3 4952/6288/3 4953/6287/3
f 4953/6287/3 4966/6301/3 5048/6303/3
f 4966/6301/3 4953/6287/3 4955/6291/3
f 4967/6304/3 4955/6291/3 4957/6293/3
f 4968/6305/3 4957/6293/3 4959/6295/3
f 4969/6306/3 4959/6295/3 4961/6297/3
f 4970/6307/3 4961/6297/3 4950/6298/3
f 4901/6241/3 4889/6227/3 4971/6317/3
f 4971/6317/3 4964/6308/3 4901/6241/3
f 5051/6312/3 4965/6302/3 4966/6301/3
f 4966/6301/3 4973/6310/3 5051/6312/3
f 4973/6310/3 4966/6301/3 4967/6304/3
f 4974/6313/3 4967/6304/3 4968/6305/3
f 4975/6314/3 4968/6305/3 4969/6306/3
f 4976/6315/3 4969/6306/3 4970/6307/3
f 4977/6316/3 4970/6307/3 4964/6308/3
f 4978/6318/3 4971/6317/3 4889/6227/3
f 5054/6321/3 4972/6311/3 4973/6310/3
f 4973/6310/3 4980/6319/3 5054/6321/3
f 4980/6319/3 4973/6310/3 4974/6313/3
f 4981/6322/3 4974/6313/3 4975/6314/3
f 4982/6323/3 4975/6314/3 4976/6315/3
f 4983/6324/3 4976/6315/3 4977/6316/3
f 4984/6325/3 4977/6316/3 4971/6317/3
f 4985/6326/3 4978/6318/3 4890/6226/3
f 5057/6328/3 4979/6320/3 4980/6319/3
f 4980/6319/3 4987/1029/3 5057/6328/3
f 4987/1029/3 4980/6319/3 4981/6322/3
f 4988/6329/3 4981/6322/3 4982/6323/3
f 4989/6330/3 4982/6323/3 4983/6324/3
f 4990/6331/3 4983/6324/3 4984/6325/3
f 4991/6332/3 4984/6325/3 4978/6318/3
f 4992/6333/3 4985/6326/3 4893/6231/3
f 5060/6336/3 4986/6327/3 4987/1029/3
f 4987/1029/3 4994/6334/3 5060/6336/3
f 4994/6334/3 4987/1029/3 4988/6329/3
f 4995/6337/3 4988/6329/3 4989/6330/3
f 4996/6338/3 4989/6330/3 4990/6331/3
f 4997/6339/3 4990/6331/3 4991/6332/3
f 4998/6340/3 4991/6332/3 4985/6326/3
f 4992/6333/3 4896/6235/3 4899/6261/3
f 4924/6267/3 4925/6407/3 5063/6406/3
f 5063/6406/3 4993/6335/3 4924/6267/3
f 4993/6335/3 4994/6334/3 4924/6267/3
f 4994/6334/3 4995/6337/3 4919/6260/3
f 4995/6337/3 4996/6338/3 4918/6259/3
f 4996/6338/3 4997/6339/3 4917/6258/3
f 4997/6339/3 4998/6340/3 4916/6256/3
f 4998/6340/3 4992/6333/3 4915/6257/3
f 4962/6296/3 5001/6343/3 5000/6342/3
f 4960/6294/3 5002/8724/3 5001/6343/3
f 5079/6345/3 5002/8724/3 4960/6294/3
f 4960/6294/3 4958/6292/3 5079/6345/3
f 4956/6290/3 5004/6347/3 5003/6344/3
f 4954/6346/3 5005/6418/3 5004/6347/3
f 5044/6349/3 5006/6415/3 5005/6418/3
f 5005/6418/3 4954/6346/3 5044/6349/3
f 5016/6351/3 4948/6285/3 4949/6284/3
f 4949/6284/3 5000/6342/3 5016/6351/3
f 5000/6342/3 5001/6343/3 5009/6352/3
f 5001/6343/3 5002/8724/3 5010/6354/3
f 5007/6350/3 5000/6342/3 5008/6353/3
f 5022/6358/3 5014/6366/3 5013/8725/3
f 5013/8725/3 5012/6356/3 5022/6358/3
f 5012/6356/3 5013/8725/3 5327/6359/3
f 5327/6359/3 4948/6285/3 5012/6356/3
f 5012/6356/3 5016/6351/3 5007/6350/3
f 5007/6350/3 5919/6360/3 5012/6356/3
f 5015/6357/3 5012/6356/3 5018/6361/3
f 4849/6184/3 4850/6186/3 5021/6363/3
f 5014/6366/3 5022/6358/3 5020/6364/3
f 5020/6364/3 5021/6363/3 5014/6366/3
f 4850/6186/3 4853/6188/3 5024/6367/3
f 5314/6369/3 5023/6365/3 5021/6363/3
f 5021/6363/3 5024/6367/3 5314/6369/3
f 4853/6188/3 4855/6190/3 5026/6370/3
f 4902/6243/3 5025/6368/3 5024/6367/3
f 5024/6367/3 5026/6370/3 4902/6243/3
f 4855/6190/3 4857/6193/3 5028/6371/3
f 4886/6224/3 5027/6244/3 5026/6370/3
f 5026/6370/3 5028/6371/3 4886/6224/3
f 4857/6193/3 4859/6195/3 5030/6372/3
f 4885/6229/3 5029/6225/3 5028/6371/3
f 5028/6371/3 5030/6372/3 4885/6229/3
f 4859/6195/3 4861/6198/3 5032/6373/3
f 4891/6233/3 5031/6230/3 5030/6372/3
f 5030/6372/3 5032/6373/3 4891/6233/3
f 4861/6198/3 4863/6201/3 5034/6374/3
f 4894/6237/3 5033/6234/3 5032/6373/3
f 5032/6373/3 5034/6374/3 4894/6237/3
f 4863/6201/3 4865/6204/3 5036/6375/3
f 5034/6374/3 5036/6375/3 5318/6377/3
f 4897/6378/3 5035/6238/3 5034/6374/3
f 4865/6204/3 4867/6172/3 5038/6379/3
f 4946/6380/3 5037/6376/3 5036/6375/3
f 5036/6375/3 5038/6379/3 4946/6380/3
f 4867/6172/3 4869/5873/3 5039/5950/3
f 4750/5949/3 4927/5952/3 4928/6269/3
f 4928/6269/3 5038/6379/3 4750/5949/3
f 5015/6357/3 5019/6362/3 5040/6381/3
f 5040/6381/3 5020/6364/3 5015/6357/3
f 4849/6184/3 5020/6364/3 5040/6381/3
f 4951/6348/3 5043/6289/3 5042/6383/3
f 5042/6383/3 5041/6382/3 4951/6348/3
f 5096/6385/3 5045/6436/3 5041/6382/3
f 5041/6382/3 5042/6383/3 5096/6385/3
f 4952/6288/3 5048/6303/3 5047/6386/3
f 5047/6386/3 5042/6383/3 4952/6288/3
f 5095/6388/3 5046/6384/3 5042/6383/3
f 5042/6383/3 5047/6386/3 5095/6388/3
f 4965/6302/3 5051/6312/3 5050/6389/3
f 5050/6389/3 5047/6386/3 4965/6302/3
f 5099/6391/3 5049/6387/3 5047/6386/3
f 5047/6386/3 5050/6389/3 5099/6391/3
f 4972/6311/3 5054/6321/3 5053/6392/3
f 5053/6392/3 5050/6389/3 4972/6311/3
f 5050/6389/3 5053/6392/3 5093/6394/3
f 5101/6395/3 5052/6390/3 5050/6389/3
f 4979/6320/3 5057/6328/3 5056/6396/3
f 5056/6396/3 5053/6392/3 4979/6320/3
f 5084/6398/3 5055/6393/3 5053/6392/3
f 5053/6392/3 5056/6396/3 5084/6398/3
f 4986/6327/3 5060/6336/3 5059/6399/3
f 5059/6399/3 5056/6396/3 4986/6327/3
f 5083/6401/3 5058/6397/3 5056/6396/3
f 5056/6396/3 5059/6399/3 5083/6401/3
f 4993/6335/3 5063/6406/3 5062/6402/3
f 5062/6402/3 5059/6399/3 4993/6335/3
f 5087/6404/3 5061/6400/3 5059/6399/3
f 5059/6399/3 5062/6402/3 5087/6404/3
f 4925/6407/3 4922/6266/3 5065/6405/3
f 5065/6405/3 5062/6402/3 4925/6407/3
f 5089/6409/3 5064/6403/3 5062/6402/3
f 5062/6402/3 5065/6405/3 5089/6409/3
f 4923/6262/3 4930/6281/3 5068/6411/3
f 5068/6411/3 5065/6405/3 4923/6262/3
f 5068/6411/3 5069/6426/3 5081/6425/3
f 5081/6425/3 5091/6410/3 5068/6411/3
f 4930/6281/3 4931/5977/3 5070/1729/3
f 4766/1730/3 5071/1726/3 5069/6426/3
f 5069/6426/3 5068/6411/3 4766/1730/3
f 5041/6382/3 5045/6436/3 5073/6412/3
f 5006/6415/3 5044/6349/3 5041/6382/3
f 5041/6382/3 5072/6413/3 5006/6415/3
f 5936/6417/3 5075/6422/3 5003/6344/3
f 5003/6344/3 5004/6347/3 5936/6417/3
f 5935/6420/3 5076/6416/3 5004/6347/3
f 5004/6347/3 5005/6418/3 5935/6420/3
f 5937/6421/3 5077/6419/3 5005/6418/3
f 5005/6418/3 5006/6415/3 5937/6421/3
f 5079/6345/3 5003/6344/3 5075/6422/3
f 5080/6424/3 5069/6426/3 5071/1726/3
f 5080/6424/3 5082/7993/3 5081/6425/3
f 5058/6397/3 5083/6401/3 5086/6428/3
f 5086/6428/3 5085/6427/3 5058/6397/3
f 5061/6400/3 5087/6404/3 5088/6429/3
f 5088/6429/3 5086/6428/3 5061/6400/3
f 5064/6403/3 5089/6409/3 5090/6430/3
f 5090/6430/3 5088/6429/3 5064/6403/3
f 5067/6408/3 5091/6410/3 5092/7950/3
f 5092/7950/3 5090/6430/3 5067/6408/3
f 5055/6393/3 5084/6398/3 5085/6427/3
f 5085/6427/3 5094/6431/3 5055/6393/3
f 5046/6384/3 5095/6388/3 5098/6433/3
f 5098/6433/3 5097/6432/3 5046/6384/3
f 5049/6387/3 5099/6391/3 5100/6434/3
f 5100/6434/3 5098/6433/3 5049/6387/3
f 5052/6390/3 5101/6395/3 5102/8013/3
f 5102/8013/3 5100/6434/3 5052/6390/3
f 5045/6436/3 5096/6385/3 5097/6432/3
f 5097/6432/3 5103/6435/3 5045/6436/3
f 4874/6170/1 5790/6204/1 5793/7692/1
f 5793/7692/1 5792/7684/1 4874/6170/1
f 5797/7685/1 5796/7686/1 5795/6506/1
f 5792/7684/1 5793/7692/1 5796/7686/1
f 4873/6168/1 5791/6172/1 5792/7684/1
f 5792/7684/1 5799/5949/1 4873/6168/1
f 5801/5882/1 5797/7685/1 5794/6505/1
f 5799/5949/1 5792/7684/1 5797/7685/1
f 4876/6210/1 5798/5873/1 5799/5949/1
f 5799/5949/1 5803/7687/1 4876/6210/1
f 5805/7688/1 5801/5882/1 5800/5947/1
f 5803/7687/1 5799/5949/1 5801/5882/1
f 4816/2669/1 5802/6211/1 5803/7687/1
f 5803/7687/1 5806/7689/1 4816/2669/1
f 5808/7690/1 5805/7688/1 5804/6508/1
f 5806/7689/1 5803/7687/1 5805/7688/1
f 5806/7689/1 5809/8959/1 2608/3819/1
f 5808/7690/1 5807/6510/1 2978/3741/1
f 5806/7689/1 5808/7690/1 2612/165/1
f 2611/7691/1 5809/8959/1 5806/7689/1
f 5793/7692/1 5811/6494/1 5810/6497/1
f 5796/7686/1 5810/6497/1 5812/6246/1
f 5811/6494/1 5793/7692/1 5790/6204/1
f 5816/7693/1 5815/7698/1 5814/6504/1
f 5942/6541/1 5819/7700/1 5818/7699/1
f 5818/7699/1 5817/7694/1 5942/6541/1
f 5817/7694/1 5818/7699/1 5822/7696/1
f 5821/7697/1 5822/7696/1 5815/7698/1
f 5815/7698/1 5824/7702/1 5823/6507/1
f 5943/6544/1 5826/7704/1 5825/7703/1
f 5825/7703/1 5818/7699/1 5943/6544/1
f 5818/7699/1 5825/7703/1 5827/7701/1
f 5822/7696/1 5827/7701/1 5824/7702/1
f 5824/7702/1 5829/5954/1 5828/5856/1
f 5944/6547/1 5831/5963/1 5830/5960/1
f 5830/5960/1 5825/7703/1 5944/6547/1
f 5825/7703/1 5830/5960/1 5832/5957/1
f 5827/7701/1 5832/5957/1 5829/5954/1
f 5829/5954/1 5834/7706/1 5833/6509/1
f 5945/6554/1 5836/7708/1 5835/7707/1
f 5835/7707/1 5830/5960/1 5945/6554/1
f 5830/5960/1 5835/7707/1 5837/7705/1
f 5832/5957/1 5837/7705/1 5834/7706/1
f 5834/7706/1 5839/7710/1 5838/1528/1
f 5860/7709/1 5841/1036/1 5840/7711/1
f 5840/7711/1 5835/7707/1 5860/7709/1
f 5835/7707/1 5840/7711/1 5842/1048/1
f 5837/7705/1 5842/1048/1 5839/7710/1
f 5839/7710/1 2996/3739/1 3002/3791/1
f 5841/1036/1 2998/3754/1 2997/3746/1
f 5840/7711/1 2997/3746/1 2995/3742/1
f 5842/1048/1 2995/3742/1 2996/3739/1
f 5821/7697/1 5816/7693/1 5844/6523/1
f 5817/7694/1 5821/7697/1 5843/6526/1
f 5941/6538/1 5820/7695/1 5817/7694/1
f 5817/7694/1 5845/6530/1 5941/6538/1
f 5816/7693/1 5813/6501/1 5847/6535/1
f 5849/1045/1 5848/3941/1 2998/3754/1
f 3001/3760/1 5853/3943/1 5852/943/1
f 5852/943/1 5851/942/1 3001/3760/1
f 3000/3757/1 5855/3942/1 5854/939/1
f 5854/939/1 5852/943/1 3000/3757/1
f 2999/3752/1 5848/3941/1 5849/1045/1
f 5849/1045/1 5854/939/1 2999/3752/1
f 5854/939/1 5849/1045/1 5857/6562/1
f 5852/943/1 5854/939/1 5856/6557/1
f 5852/943/1 5858/4726/1 5859/4724/1
f 5849/1045/1 5841/1036/1 5860/7709/1
f 5862/7712/1 5861/6495/1 4882/6500/1
f 5950/6499/1 5864/6498/1 5863/7713/1
f 5863/7713/1 5866/6511/1 5950/6499/1
f 5951/6496/1 5861/6495/1 5862/7712/1
f 5862/7712/1 5863/7713/1 5951/6496/1
f 5918/7715/1 5867/7716/1 5863/7713/1
f 5863/7713/1 5862/7712/1 5918/7715/1
f 5947/6235/1 5866/6511/1 5863/7713/1
f 5863/7713/1 5917/7717/1 5947/6235/1
f 5913/7718/1 5868/7714/1 5862/7712/1
f 5862/7712/1 4881/6221/1 5913/7718/1
f 5874/7719/1 5873/7722/1 5872/6540/1
f 5878/6404/1 5877/6409/1 5876/7720/1
f 5875/7721/1 5876/7720/1 5873/7722/1
f 5873/7722/1 5880/7724/1 5879/6543/1
f 5877/6409/1 5882/6410/1 5881/7723/1
f 5876/7720/1 5881/7723/1 5880/7724/1
f 5880/7724/1 5884/2268/1 5883/6546/1
f 5882/6410/1 5886/1784/1 5885/1782/1
f 5881/7723/1 5885/1782/1 5884/2268/1
f 5884/2268/1 5888/2328/1 5887/6549/1
f 5886/1784/1 5890/1727/1 5889/1778/1
f 5885/1782/1 5889/1778/1 5888/2328/1
f 5888/2328/1 5892/6558/1 5891/6556/1
f 5952/6561/1 5893/6560/1 5889/1778/1
f 5889/1778/1 5890/1727/1 5952/6561/1
f 5953/6559/1 5892/6558/1 5888/2328/1
f 5888/2328/1 5889/1778/1 5953/6559/1
f 5875/7721/1 5874/7719/1 5896/7726/1
f 6133/7729/1 5878/6404/1 5875/7721/1
f 5875/7721/1 5895/7727/1 6133/7729/1
f 5961/6533/1 5898/6532/1 5896/7726/1
f 5896/7726/1 5874/7719/1 5961/6533/1
f 4878/6217/1 5899/6216/1 5902/7739/1
f 5902/7739/1 5901/7730/1 4878/6217/1
f 5906/6514/1 5905/6513/1 5904/7731/1
f 5903/7732/1 5904/7731/1 5908/7733/1
f 5907/7734/1 5908/7733/1 5910/7735/1
f 5909/7736/1 5910/7735/1 5912/7737/1
f 5911/7738/1 5912/7737/1 5901/7730/1
f 4880/6219/1 5900/6218/1 5901/7730/1
f 5901/7730/1 5913/7718/1 4880/6219/1
f 5964/6527/1 5914/7740/1 5904/7731/1
f 5904/7731/1 5905/6513/1 5964/6527/1
f 5965/6521/1 5916/7741/1 5908/7733/1
f 5908/7733/1 5904/7731/1 5965/6521/1
f 5869/6536/1 5917/7717/1 5910/7735/1
f 5910/7735/1 5908/7733/1 5869/6536/1
f 5867/7716/1 5918/7715/1 5912/7737/1
f 5912/7737/1 5910/7735/1 5867/7716/1
f 5868/7714/1 5913/7718/1 5901/7730/1
f 5901/7730/1 5912/7737/1 5868/7714/1
f 5911/7738/1 5902/7739/1 5040/7742/1
f 5018/6583/1 5919/6580/1 5909/7736/1
f 5909/7736/1 5911/7738/1 5018/6583/1
f 5011/6581/1 5008/7743/1 5907/7734/1
f 5907/7734/1 5909/7736/1 5011/6581/1
f 5903/7732/1 5907/7734/1 5008/7743/1
f 5906/6514/1 5903/7732/1 5009/7744/1
f 4879/6215/1 4870/4924/1 5040/7742/1
f 5040/7742/1 5902/7739/1 4879/6215/1
f 5923/7745/1 5922/7753/1 5921/6515/1
f 6149/7748/1 5924/7755/1 5927/7754/1
f 5927/7754/1 5926/7746/1 6149/7748/1
f 5926/7746/1 5927/7754/1 5929/7749/1
f 5928/7750/1 5929/7749/1 5931/7751/1
f 5930/7752/1 5931/7751/1 5922/7753/1
f 5922/7753/1 5933/8960/1 5932/6516/1
f 6150/7756/1 5897/7728/1 5895/7727/1
f 5895/7727/1 5927/7754/1 6150/7756/1
f 5927/7754/1 5895/7727/1 5896/7726/1
f 5898/6532/1 5934/7757/1 5931/7751/1
f 5931/7751/1 5929/7749/1 5898/6532/1
f 5967/6531/1 5933/8960/1 5922/7753/1
f 5922/7753/1 5931/7751/1 5967/6531/1
f 5076/6753/1 5935/7759/1 5930/7752/1
f 5930/7752/1 5923/7745/1 5076/6753/1
f 5077/6752/1 5937/7760/1 5928/7750/1
f 5928/7750/1 5930/7752/1 5077/6752/1
f 5074/7761/1 5072/7762/1 5926/7746/1
f 5926/7746/1 5928/7750/1 5074/7761/1
f 6148/6395/1 5925/7747/1 5926/7746/1
f 5926/7746/1 5072/7762/1 6148/6395/1
f 5075/7764/1 5936/7758/1 5923/7745/1
f 5923/7745/1 5920/6512/1 5075/7764/1
f 5970/1223/6 5969/3907/6 2960/3906/6
f 2613/4801/6 5971/7857/6 4746/4758/6
f 2642/3887/6 5973/3905/6 5972/921/6
f 5972/921/6 5971/7857/6 2642/3887/6
f 2958/5292/6 5975/3903/6 5974/5642/6
f 5974/5642/6 5972/921/6 2958/5292/6
f 2959/3902/6 5969/3907/6 5970/1223/6
f 5970/1223/6 5974/5642/6 2959/3902/6
f 5974/5642/6 5970/1223/6 5977/6488/6
f 5972/921/6 5974/5642/6 5976/6489/6
f 5971/7857/6 5972/921/6 5978/5391/6
f 5971/7857/6 5979/5398/6 4747/4760/6
f 5970/1223/6 5968/5569/6 5980/5669/6
f 5982/5830/6 2969/3920/6 2974/3924/6
f 5984/1300/6 2973/3018/6 2972/3923/6
f 5983/7858/6 2972/3923/6 2971/12/6
f 5985/2595/6 2971/12/6 2970/3922/6
f 5986/5728/6 2970/3922/6 2968/3921/6
f 5987/5812/6 2968/3921/6 2969/3920/6
f 5987/5812/6 5982/5830/6 5989/5829/6
f 5986/5728/6 5987/5812/6 5988/5811/6
f 5985/2595/6 5986/5728/6 5990/4036/6
f 5983/7858/6 5985/2595/6 5991/15/6
f 5984/1300/6 5983/7858/6 5992/2411/6
f 5982/5830/6 5981/1212/6 5994/4028/6
f 5998/7859/6 5997/7870/6 5996/4112/6
f 4775/6111/6 5999/6115/6 6002/7871/6
f 6002/7871/6 6001/7860/6 4775/6111/6
f 6001/7860/6 6002/7871/6 6004/7861/6
f 6003/7862/6 6004/7861/6 6006/7863/6
f 6005/7864/6 6006/7863/6 6008/7865/6
f 6007/7866/6 6008/7865/6 6010/7867/6
f 6009/7868/6 6010/7867/6 6012/3348/6
f 6011/7869/6 6012/3348/6 5997/7870/6
f 5997/7870/6 6014/7874/6 6013/4118/6
f 4776/6114/6 6015/6116/6 6016/7875/6
f 6016/7875/6 6002/7871/6 4776/6114/6
f 6002/7871/6 6016/7875/6 6017/7872/6
f 6004/7861/6 6017/7872/6 6018/7873/6
f 6006/7863/6 6018/7873/6 6019/5265/6
f 6008/7865/6 6019/5265/6 6020/5246/6
f 6010/7867/6 6020/5246/6 6021/6165/6
f 6012/3348/6 6021/6165/6 6014/7874/6
f 6014/7874/6 6023/7878/6 6022/4124/6
f 6024/1975/6 6016/7875/6 4728/2373/6
f 4729/2334/6 4769/1950/6 6024/1975/6
f 6016/7875/6 6024/1975/6 6025/1977/6
f 6017/7872/6 6025/1977/6 6026/2023/6
f 6018/7873/6 6026/2023/6 6027/1836/6
f 6019/5265/6 6027/1836/6 6028/7876/6
f 6020/5246/6 6028/7876/6 6029/7877/6
f 6021/6165/6 6029/7877/6 6023/7878/6
f 6023/7878/6 6031/6484/6 6030/25/6
f 6032/6492/6 6024/1975/6 4769/1950/6
f 6024/1975/6 6032/6492/6 6033/6491/6
f 6025/1977/6 6033/6491/6 6034/6490/6
f 6026/2023/6 6034/6490/6 6035/6487/6
f 6027/1836/6 6035/6487/6 6036/6485/6
f 6028/7876/6 6036/6485/6 6037/2440/6
f 6029/7877/6 6037/2440/6 6031/6484/6
f 6140/6464/6 6038/3361/6 6011/7869/6
f 6011/7869/6 5998/7859/6 6140/6464/6
f 6141/6467/6 6040/7880/6 6009/7868/6
f 6009/7868/6 6011/7869/6 6141/6467/6
f 6142/6470/6 6041/7881/6 6007/7866/6
f 6007/7866/6 6009/7868/6 6142/6470/6
f 6143/6473/6 6042/7882/6 6005/7864/6
f 6005/7864/6 6007/7866/6 6143/6473/6
f 6144/6476/6 6043/7883/6 6003/7862/6
f 6003/7862/6 6005/7864/6 6144/6476/6
f 6084/7884/6 6044/7885/6 6001/7860/6
f 6001/7860/6 6003/7862/6 6084/7884/6
f 4774/6108/6 6000/6112/6 6001/7860/6
f 6001/7860/6 6044/7885/6 4774/6108/6
f 6139/6463/6 6039/7879/6 5998/7859/6
f 5998/7859/6 5995/4108/6 6139/6463/6
f 6050/7886/6 6049/7890/6 6048/7887/6
f 6146/6454/6 6053/6482/6 6052/7892/6
f 6052/7892/6 6051/7888/6 6146/6454/6
f 6051/7888/6 6052/7892/6 6049/7890/6
f 6049/7890/6 6056/7893/6 6055/3482/6
f 6053/6482/6 6058/3529/6 6057/7891/6
f 6052/7892/6 6057/7891/6 6056/7893/6
f 6056/7893/6 6060/7896/6 6059/7894/6
f 6058/3529/6 6062/6479/6 6061/7895/6
f 6057/7891/6 6061/7895/6 6060/7896/6
f 6060/7896/6 6064/115/6 6063/7897/6
f 6062/6479/6 6066/6480/6 6065/7898/6
f 6061/7895/6 6065/7898/6 6064/115/6
f 6064/115/6 6068/5848/6 6067/7899/6
f 6066/6480/6 6070/6481/6 6069/69/6
f 6065/7898/6 6069/69/6 6068/5848/6
f 6124/7900/6 6071/4139/6 6051/7888/6
f 6051/7888/6 6050/7886/6 6124/7900/6
f 6127/7901/6 6073/7937/6 6054/7889/6
f 6054/7889/6 6051/7888/6 6127/7901/6
f 6050/7886/6 6047/7796/6 6074/7902/6
f 6151/6440/6 6075/7910/6 6078/7905/6
f 6078/7905/6 6077/7903/6 6151/6440/6
f 4771/6100/6 6079/6104/6 6077/7903/6
f 6077/7903/6 6078/7905/6 4771/6100/6
f 6153/6442/6 6076/7904/6 6077/7903/6
f 6077/7903/6 6082/7906/6 6153/6442/6
f 4772/6103/6 6083/6106/6 6082/7906/6
f 6082/7906/6 6077/7903/6 4772/6103/6
f 6147/7908/6 6081/7907/6 6082/7906/6
f 6082/7906/6 6044/7885/6 6147/7908/6
f 4773/6105/6 6045/6109/6 6044/7885/6
f 6044/7885/6 6082/7906/6 4773/6105/6
f 4770/7909/6 6080/6101/6 6078/7905/6
f 6078/7905/6 5080/4915/6 4770/7909/6
f 6152/6437/6 5082/6445/6 5080/4915/6
f 5080/4915/6 6078/7905/6 6152/6437/6
f 6088/7911/6 6087/7918/6 6086/6457/6
f 6092/6439/6 6091/6438/6 6090/7912/6
f 6089/7913/6 6090/7912/6 6094/7914/6
f 6093/7915/6 6094/7914/6 6096/7916/6
f 6095/7917/6 6096/7916/6 6087/7918/6
f 6087/7918/6 6098/7920/6 6097/6459/6
f 6091/6438/6 6100/6441/6 6099/5489/6
f 6090/7912/6 6099/5489/6 6101/5493/6
f 6094/7914/6 6101/5493/6 6102/7919/6
f 6096/7916/6 6102/7919/6 6098/7920/6
f 6098/7920/6 6104/6466/6 6103/6460/6
f 6100/6441/6 6106/6443/6 6105/6475/6
f 6099/5489/6 6105/6475/6 6107/6472/6
f 6101/5493/6 6107/6472/6 6108/6469/6
f 6102/7919/6 6108/6469/6 6104/6466/6
f 6095/7917/6 6088/7911/6 5085/7921/6
f 6093/7915/6 6095/7917/6 5086/7922/6
f 6089/7913/6 6093/7915/6 5088/7923/6
f 6092/6439/6 6089/7913/6 5090/7924/6
f 6088/7911/6 6085/6456/6 5094/6462/6
f 6112/7925/6 6111/7932/6 6110/7926/6
f 6116/6461/6 6115/6455/6 6114/7928/6
f 6113/7929/6 6114/7928/6 6118/7930/6
f 6117/7931/6 6118/7930/6 6111/7932/6
f 6111/7932/6 6120/7936/6 6119/7933/6
f 6115/6455/6 6122/6458/6 6121/7934/6
f 6114/7928/6 6121/7934/6 6123/7935/6
f 6118/7930/6 6123/7935/6 6120/7936/6
f 6072/4167/6 6074/7902/6 6119/7933/6
f 6119/7933/6 6120/7936/6 6072/4167/6
f 6122/6458/6 6126/6446/6 6125/6451/6
f 6073/7937/6 6127/7901/6 6123/7935/6
f 6123/7935/6 6121/7934/6 6073/7937/6
f 6071/4139/6 6124/7900/6 6120/7936/6
f 6120/7936/6 6123/7935/6 6071/4139/6
f 6117/7931/6 6112/7925/6 5097/4196/6
f 6113/7929/6 6117/7931/6 5098/6691/6
f 6116/6461/6 6113/7929/6 5100/4129/6
f 6112/7925/6 6109/7927/6 5103/4194/6
f 5850/3944/1 5851/942/1 5981/749/1
f 5851/942/1 5859/4724/1 5994/7949/1
f 6047/6429/1 6048/6430/1 5877/6409/1
f 6048/6430/1 6055/7950/1 5882/6410/1
f 6055/7950/1 6059/7951/1 5886/1784/1
f 6059/7951/1 6063/7952/1 5890/1727/1
f 6063/7952/1 6067/8967/1 5894/7725/1
f 6047/6429/1 5878/6404/1 6133/7729/1
f 5925/7747/1 6148/6395/1 6109/8013/1
f 6109/8013/1 6110/8003/1 5925/7747/1
f 5924/7755/1 6149/7748/1 6110/8003/1
f 6110/8003/1 6119/8004/1 5924/7755/1
f 5897/7728/1 6150/7756/1 6119/8004/1
f 6119/8004/1 6074/7953/1 5897/7728/1
f 5103/8005/1 6109/8013/1 6148/6395/1
usemtl 128_grey_3
f 113/116/1 107/117/1 105/110/1
f 111/118/1 105/110/1 106/115/1
f 111/118/1 110/119/1 109/120/1
f 113/116/1 114/113/1 107/117/1
f 109/120/1 110/119/1 116/124/1
f 115/114/1 114/113/1 112/125/1
f 153/181/2 154/179/2 2134/182/2
f 156/183/2 157/184/2 155/185/2
f 469/549/3 468/476/3 426/473/3
f 470/550/3 472/510/3 445/507/3
f 470/550/3 467/480/3 428/477/3
f 474/551/3 475/514/3 449/511/3
f 474/551/3 473/484/3 430/481/3
f 477/552/3 478/518/3 451/515/3
f 477/552/3 476/488/3 432/485/3
f 480/553/3 481/522/3 453/519/3
f 480/553/3 479/492/3 434/489/3
f 483/554/3 484/526/3 455/523/3
f 483/554/3 482/496/3 435/495/3
f 486/555/3 487/530/3 457/527/3
f 486/555/3 485/503/3 442/502/3
f 442/502/3 501/556/3 489/557/3
f 489/557/3 490/534/3 459/531/3
f 489/557/3 488/558/3 502/559/3
f 492/560/3 493/538/3 461/535/3
f 492/560/3 491/561/3 504/562/3
f 494/563/3 496/542/3 463/539/3
f 469/549/3 471/506/3 446/564/3
f 155/565/3 157/566/3 425/497/3
f 775/311/3 774/875/3 779/876/3
f 780/877/3 774/875/3 778/878/3
f 780/877/3 778/878/3 781/879/3
f 780/877/3 781/879/3 961/880/3
f 787/881/3 786/882/3 966/883/3
f 785/884/3 784/885/3 789/886/3
f 790/887/3 784/885/3 788/888/3
f 791/889/3 793/890/3 790/887/3
f 793/890/3 791/889/3 794/891/3
f 795/433/3 786/882/3 787/881/3
f 793/890/3 794/891/3 953/892/3
f 797/436/3 782/893/3 783/894/3
f 796/895/3 776/896/3 777/897/3
f 782/893/3 797/436/3 954/898/3
f 701/951/7 831/952/7 711/953/7
f 664/951/7 838/963/7 840/964/7
f 841/965/8 838/966/8 664/967/8
f 840/964/7 832/952/7 842/969/7
f 843/970/9 836/971/9 661/972/9
f 661/973/8 836/974/8 841/965/8
f 672/975/10 833/976/10 671/977/10
f 671/978/9 833/979/9 843/970/9
f 842/969/7 832/952/7 672/953/7
f 674/984/7 850/985/7 852/986/7
f 853/965/8 850/966/8 674/967/8
f 852/986/7 847/990/7 854/991/7
f 855/992/9 848/993/9 673/928/9
f 673/973/8 848/974/8 853/965/8
f 847/994/10 695/977/10 685/975/10
f 695/995/9 844/996/9 855/992/9
f 854/991/7 847/990/7 685/934/7
f 711/997/10 831/998/10 856/999/10
f 857/1000/8 830/1001/8 701/1002/8
f 862/1010/8 830/1001/8 857/1000/8
f 856/999/10 858/1011/10 863/1012/10
f 859/971/9 706/978/9 858/979/9
f 863/1012/10 858/1011/10 706/1013/10
f 699/1014/8 859/1015/8 862/1010/8
f 705/951/7 870/963/7 872/964/7
f 873/1022/8 870/1023/8 705/1024/8
f 872/964/7 864/952/7 874/969/7
f 875/970/9 868/971/9 702/972/9
f 702/1025/8 868/1026/8 873/1022/8
f 864/1027/10 732/1028/10 707/1029/10
f 732/978/9 865/979/9 875/970/9
f 874/969/7 864/952/7 707/953/7
f 727/951/7 903/963/7 905/964/7
f 906/1066/8 903/1067/8 727/1068/8
f 905/964/7 897/952/7 907/969/7
f 908/970/9 901/971/9 724/972/9
f 724/1069/8 901/1070/8 906/1066/8
f 897/1071/10 734/1072/10 733/1073/10
f 734/978/9 898/979/9 908/970/9
f 907/969/7 897/952/7 733/953/7
f 940/1120/3 880/895/3 939/898/3
f 944/1124/3 926/423/3 923/425/3
f 954/1137/1 880/1056/1 796/920/1
f 960/1147/6 926/1085/6 943/1148/6
f 944/1167/5 931/1036/5 965/1168/5
f 944/1095/2 960/1105/2 943/1096/2
f 883/930/2 940/1181/2 970/1182/2
f 939/1035/5 970/1038/5 940/1030/5
f 755/984/7 989/985/7 991/986/7
f 992/1066/8 989/1067/8 755/1068/8
f 991/986/7 983/990/7 993/991/7
f 994/992/9 987/993/9 752/928/9
f 752/1069/8 987/1070/8 992/1066/8
f 983/1071/10 759/1072/10 758/1073/10
f 759/995/9 984/996/9 994/992/9
f 993/991/7 983/990/7 758/934/7
f 304/762/15 899/1224/15 900/1225/15
f 292/1226/15 866/1227/15 867/1228/15
f 289/1229/15 861/1230/15 828/1231/15
f 286/1232/15 834/1233/15 835/1234/15
f 307/1235/16 904/1236/16 902/1237/16
f 303/1238/16 871/1239/16 869/1240/16
f 297/1241/16 829/1242/16 860/1243/16
f 291/1244/16 839/1245/16 837/1246/16
f 297/1222/17 861/1251/17 296/1221/17
f 291/1222/17 834/1251/17 290/1221/17
f 286/1250/18 839/1053/18 288/1249/18
f 289/1250/18 829/1053/18 283/1249/18
f 304/1250/18 904/1053/18 272/1249/18
f 303/1222/17 866/1251/17 302/1221/17
f 292/1250/18 871/1053/18 294/1249/18
f 307/1222/17 899/1251/17 306/1221/17
f 334/1232/15 845/1233/15 846/1234/15
f 845/1272/17 341/1266/17 849/1273/17
f 851/1274/18 334/1275/18 846/1104/18
f 849/1246/16 340/1276/16 851/1245/16
f 376/1265/2 795/1108/2 953/1279/2
f 379/1271/2 954/1182/2 797/1103/2
f 966/1147/6 795/1090/6 376/1211/6
f 961/1168/3 797/1190/3 783/1037/3
f 966/1108/19 373/1261/19 959/1106/19
f 372/1267/19 960/1105/19 965/1262/19
f 368/1280/19 961/1103/19 964/1260/19
f 965/1168/5 371/1281/5 372/1282/5
f 366/1217/6 960/1147/6 369/1211/6
f 964/1168/5 367/1281/5 368/1282/5
f 370/1217/6 959/1147/6 373/1211/6
f 385/1284/2 969/1285/2 919/1286/2
f 381/1287/2 970/1288/2 380/1289/2
f 376/1282/20 969/1038/20 378/764/20
f 954/1090/21 380/1254/21 970/1093/21
f 985/1224/15 402/762/15 406/1296/15
f 985/1272/17 403/1266/17 988/1273/17
f 404/1270/18 986/1104/18 990/1274/18
f 988/1237/16 404/1297/16 990/1236/16
f 1051/1336/4 1074/1337/4 1073/1338/4
f 1053/1339/4 1076/1340/4 1075/1341/4
f 1057/1342/4 1078/1343/4 1077/1344/4
f 1061/1345/4 1080/1346/4 1079/1347/4
f 1065/1348/4 1082/1349/4 1081/1350/4
f 1069/1351/4 1084/1352/4 1083/1353/4
f 1077/1344/4 1086/1354/4 1080/1346/4
f 1124/679/4 1087/1355/4 1079/1347/4
f 1073/1338/4 621/695/4 1076/1340/4
f 1123/680/4 1078/1343/4 1075/1341/4
f 1084/1352/4 1088/1356/4 1083/1353/4
f 1082/1349/4 1087/1355/4 1085/678/4
f 1088/1356/4 1084/1352/4 1081/1350/4
f 1092/1357/4 1101/1358/4 1089/699/4
f 1100/1359/4 1091/1360/4 1090/704/4
f 1089/699/4 1101/1358/4 1102/1361/4
f 1091/1360/4 1098/1362/4 1090/704/4
f 1097/1363/4 1094/1364/4 1093/1365/4
f 1090/704/4 1098/1362/4 1099/1366/4
f 1105/1367/4 1096/710/4 1095/1368/4
f 1104/1369/4 1092/1357/4 1089/699/4
f 1096/710/4 1105/1367/4 1103/1370/4
f 1027/1371/4 1094/1364/4 1097/1363/4
f 1031/1372/4 1099/1366/4 1098/1362/4
f 1035/1373/4 1091/1360/4 1100/1359/4
f 1039/1374/4 1102/1361/4 1101/1358/4
f 1043/1375/4 1104/1369/4 1103/1370/4
f 1047/1376/4 1105/1367/4 1095/1368/4
f 582/160/2 1124/1331/2 1086/1327/2
f 582/160/2 1085/1401/2 1124/1331/2
f 1085/1401/2 582/160/2 542/159/2
f 1123/1402/2 621/1321/2 622/174/2
f 603/1416/6 1089/1417/6 1090/1418/6
f 603/1416/6 1093/1419/6 610/1420/6
f 604/1421/6 1096/1422/6 1089/1417/6
f 1132/1423/3 640/1424/3 1052/1425/3
f 1134/1426/3 1055/1427/3 1056/1428/3
f 1136/1429/3 1059/1430/3 1060/1431/3
f 1138/1432/3 1063/1433/3 1064/1434/3
f 1140/1435/3 1067/1436/3 1068/1437/3
f 1142/1438/3 1071/1439/3 1072/1440/3
f 1144/1441/3 1135/1442/3 1136/1429/3
f 1136/1429/3 1137/1443/3 1145/1444/3
f 1145/1444/3 1139/1445/3 1140/1435/3
f 1140/1435/3 1141/1446/3 1146/1447/3
f 660/1448/3 1132/1423/3 1133/1449/3
f 1133/1449/3 1134/1426/3 1144/1441/3
f 1149/1450/3 1158/1451/3 1159/1452/3
f 1159/1452/3 1160/1453/3 1150/1454/3
f 1152/1455/3 1155/1456/3 1156/1457/3
f 1156/1457/3 1157/1458/3 1149/1450/3
f 1163/1459/3 1153/1460/3 1162/1461/3
f 1162/1461/3 1153/1460/3 1150/1454/3
f 1155/1456/3 1029/1462/3 1030/1463/3
f 1157/1458/3 1033/1464/3 1034/1465/3
f 1158/1451/3 1037/1466/3 1038/1467/3
f 1160/1453/3 1041/1468/3 1042/1469/3
f 1162/1461/3 1045/1470/3 1046/1471/3
f 1154/1472/3 1049/1473/3 1050/1474/3
f 1145/1329/19 1187/1561/19 497/185/19
f 1146/172/19 465/171/19 466/181/19
f 1144/1562/19 505/176/19 660/1563/19
f 1149/1569/20 512/1570/20 513/1571/20
f 1149/1569/20 516/1572/20 1152/1573/20
f 1150/1574/20 520/1277/20 512/1570/20
f 1270/236/3 1273/237/3 1259/392/3
f 1255/1660/3 1266/1659/3 1258/261/3
f 1281/1654/3 1268/396/3 1269/1678/3
f 1290/1674/3 1296/1655/3 1341/188/3
f 1341/188/3 1295/404/3 1294/1676/3
f 1322/1702/3 1328/1704/3 1331/1705/3
f 1327/1706/3 1329/1707/3 1342/1708/3
f 1322/1702/3 1325/1703/3 1353/1709/3
f 1309/304/3 1331/1705/3 1328/1704/3
f 1354/1710/3 1311/1695/3 1309/304/3
f 1324/1716/3 1341/188/3 1296/1655/3
f 1303/271/3 1337/267/3 1323/272/3
f 1342/1708/3 1295/404/3 1341/188/3
f 1490/1849/16 1491/1850/16 1476/1851/16
f 167/1852/7 1489/1853/7 1492/1854/7
f 1493/1855/8 1489/1856/8 167/1857/8
f 1494/1858/18 1490/1859/18 1476/1860/18
f 1495/1862/18 1490/1859/18 1494/1858/18
f 1492/1854/7 1484/1863/7 1496/1864/7
f 1488/1865/17 1497/1866/17 1471/1867/17
f 1491/1850/16 1488/1868/16 1471/1869/16
f 1498/1870/9 1487/1871/9 164/1872/9
f 164/1873/8 1487/1874/8 1493/1855/8
f 1486/1875/15 1475/1876/15 1478/1779/15
f 1486/1877/17 1478/1878/17 1497/1866/17
f 1475/1838/18 1483/1879/18 1495/1862/18
f 1484/1880/10 175/1881/10 174/1882/10
f 175/1594/9 1485/1883/9 1498/1870/9
f 1496/1864/7 1484/1863/7 174/1884/7
f 1587/2034/18 1577/1982/18 1586/2035/18
f 199/2036/7 1585/2037/7 204/2019/7
f 1569/2028/16 1590/2041/16 1591/2042/16
f 202/2043/8 1592/2044/8 1589/2045/8
f 1600/2041/16 1601/2053/16 1551/2054/16
f 187/2055/7 1599/2056/7 1602/2057/7
f 1603/2058/8 1599/2045/8 187/2043/8
f 1604/2059/18 1600/2060/18 1551/2061/18
f 1605/2062/18 1600/2060/18 1604/2059/18
f 1602/2057/7 1594/2063/7 1606/2064/7
f 1598/2067/17 1607/2068/17 1547/2022/17
f 1601/2053/16 1598/2042/16 1547/2028/16
f 1608/2069/9 1597/2070/9 184/2071/9
f 184/2072/8 1597/2044/8 1603/2058/8
f 1596/2073/15 1549/2074/15 1553/1728/15
f 1596/2075/17 1553/2023/17 1607/2068/17
f 1549/2076/18 1593/2077/18 1605/2062/18
f 1594/2078/10 190/2079/10 189/2080/10
f 190/1591/9 1595/2081/9 1608/2069/9
f 1606/2064/7 1594/2063/7 189/1627/7
f 1609/2082/9 1592/2083/9 205/1623/9
f 202/2036/7 1589/2084/7 1610/2085/7
f 1569/2086/17 1591/2087/17 1611/2088/17
f 1612/2089/18 1590/2034/18 1564/1985/18
f 1617/2094/18 1590/2034/18 1612/2089/18
f 1610/2085/7 1616/2037/7 1618/2095/7
f 1619/2096/15 1615/2097/15 1562/2074/15
f 1617/2094/18 1562/1982/18 1615/2035/18
f 1616/2078/10 1620/2098/10 201/2080/10
f 1618/2095/7 1616/2037/7 201/2019/7
f 1613/2099/17 1611/2088/17 1591/2087/17
f 1565/1728/15 1613/2073/15 1619/2096/15
f 1620/2098/10 1614/2100/10 203/2079/10
f 1614/2101/9 1609/2082/9 203/1995/9
f 204/2102/10 1585/2103/10 1621/2104/10
f 1622/2105/8 1588/2106/8 199/2107/8
f 1586/2108/15 1577/1778/15 1623/2109/15
f 1561/2027/16 1587/2110/16 1624/2111/16
f 1627/2118/16 1624/2111/16 1587/2110/16
f 1629/2082/9 1628/2083/9 213/1623/9
f 1628/2119/8 1622/2105/8 213/2120/8
f 1576/2086/17 1627/2087/17 1630/2088/17
f 1630/2088/17 1626/2099/17 1631/2122/17
f 1632/2123/9 1628/2083/9 1629/2082/9
f 1626/2124/15 1623/2109/15 1575/2125/15
f 1626/2099/17 1575/2021/17 1631/2122/17
f 1621/2104/10 1625/2126/10 217/2127/10
f 217/1995/9 1625/2101/9 1632/2123/9
f 1668/2154/16 1669/2155/16 1276/2156/16
f 1649/2157/7 1667/2158/7 1670/2159/7
f 1671/2160/8 1667/2161/8 1649/2162/8
f 1672/2163/18 1668/2164/18 1276/2139/18
f 1673/2168/18 1668/2164/18 1672/2163/18
f 1670/2159/7 1663/2169/7 1674/2170/7
f 1666/2171/17 1675/2172/17 1264/2134/17
f 1669/2155/16 1666/2173/16 1264/2141/16
f 1676/2174/9 1665/2175/9 1648/2138/9
f 1648/2176/8 1665/2177/8 1671/2160/8
f 1661/2178/15 1274/2179/15 1283/2180/15
f 1661/2181/17 1283/2137/17 1675/2172/17
f 1274/2182/18 1662/2183/18 1673/2168/18
f 1663/2184/10 1655/2185/10 1651/2186/10
f 1655/2187/9 1664/2188/9 1676/2174/9
f 1674/2170/7 1663/2169/7 1651/2135/7
f 1758/2275/16 1759/2276/16 1289/2277/16
f 1728/2187/7 1757/2188/7 1760/2174/7
f 1761/2278/8 1757/2279/8 1728/2280/8
f 1762/2172/18 1758/2181/18 1289/2137/18
f 1763/2281/18 1758/2181/18 1762/2172/18
f 1760/2174/7 1751/2175/7 1764/2282/7
f 1756/2183/17 1765/2163/17 1285/2182/17
f 1759/2276/16 1756/2283/16 1285/2284/16
f 1766/2159/9 1755/2169/9 1725/2135/9
f 1725/2285/8 1755/2286/8 1761/2278/8
f 1754/2287/15 1293/2266/15 1753/1795/15
f 1753/2164/17 1293/2139/17 1765/2163/17
f 1288/2134/18 1754/2171/18 1763/2281/18
f 1734/2288/10 1752/2289/10 1733/2290/10
f 1733/2157/9 1752/2158/9 1766/2159/9
f 1764/2282/7 1751/2175/7 1734/2138/7
f 1774/2275/16 1775/2276/16 1299/2277/16
f 1736/2157/7 1773/2158/7 1776/2159/7
f 1777/2278/8 1773/2279/8 1736/2280/8
f 1778/2163/18 1774/2164/18 1299/2139/18
f 1779/2168/18 1774/2164/18 1778/2163/18
f 1776/2159/7 1768/2169/7 1780/2170/7
f 1772/2171/17 1781/2172/17 1291/2134/17
f 1775/2276/16 1772/2283/16 1291/2284/16
f 1782/2174/9 1771/2175/9 1735/2138/9
f 1735/2285/8 1771/2286/8 1777/2278/8
f 1770/1795/15 1297/2292/15 1301/2266/15
f 1770/2181/17 1301/2137/17 1781/2172/17
f 1297/2182/18 1767/2183/18 1779/2168/18
f 1768/2293/10 1748/2290/10 1742/2288/10
f 1748/2187/9 1769/2188/9 1782/2174/9
f 1780/2170/7 1768/2169/7 1742/2135/7
f 1355/2335/2 1844/2371/2 1843/2372/2
f 1848/2332/2 265/2018/2 1847/2334/2
f 1846/2375/2 1847/2334/2 1845/2376/2
f 1339/2377/5 1843/2378/5 1849/2379/5
f 1847/2383/5 259/2384/5 1851/2385/5
f 1845/2386/5 1851/2385/5 1850/2387/5
f 1844/2388/6 1326/2389/6 1319/2390/6
f 1854/2394/6 255/2358/6 1848/2395/6
f 1853/2396/6 1848/2395/6 1846/2397/6
f 1852/2398/1 1339/2324/1 1849/2399/1
f 260/2310/1 1851/2325/1 259/2322/1
f 1854/2312/1 1850/2402/1 1851/2325/1
f 2366/2411/1 1860/2412/1 2175/2413/1
f 1863/2414/1 1864/15/1 1862/2415/1
f 2195/2416/1 1867/2417/1 1866/2418/1
f 2199/2419/1 1869/2420/1 2420/2421/1
f 1869/2420/1 1870/2422/1 1868/2423/1
f 1879/2426/2 2356/2427/2 1876/2428/2
f 1878/2429/2 1877/2430/2 2363/2431/2
f 2356/2427/2 1879/2426/2 1885/49/2
f 1878/2429/2 1880/2432/2 1877/2430/2
f 1955/145/2 1953/2465/2 1952/2466/2
f 1953/2465/2 1954/146/2 1962/147/2
f 1960/2472/2 1963/2473/2 1965/2474/2
f 1965/2474/2 1966/2478/2 1964/2479/2
f 1964/2479/2 1966/2478/2 1967/2480/2
f 1957/144/2 1955/145/2 1952/2466/2
f 1964/2479/2 1967/2480/2 1956/2481/2
f 2002/2488/2 2003/2489/2 1981/1771/2
f 1980/2486/2 1983/2490/2 2006/2491/2
f 1994/2492/2 1984/2125/2 1999/2493/2
f 1972/2328/2 1982/2494/2 1998/2495/2
f 1990/2496/2 1991/2497/2 1986/2485/2
f 1984/2125/2 1985/2498/2 1995/2499/2
f 1983/2490/2 1989/2487/2 1988/2500/2
f 1987/2516/2 1991/2497/2 1992/2517/2
f 2011/2518/2 1992/2517/2 1993/2519/2
f 1996/2520/2 2011/2518/2 1993/2519/2
f 1997/2521/2 2013/2522/2 2026/2523/2
f 2000/2524/2 2013/2522/2 1997/2521/2
f 2015/2525/2 2000/2524/2 2001/2526/2
f 2001/2526/2 2023/2527/2 2015/2525/2
f 2004/2528/2 2016/2529/2 2023/2527/2
f 2001/2526/2 1998/2495/2 1982/2494/2
f 2017/2530/2 2004/2528/2 2005/2531/2
f 2007/2532/2 2017/2530/2 2005/2531/2
f 2019/2533/2 2007/2532/2 2008/2534/2
f 2020/2535/2 2019/2533/2 2008/2534/2
f 2160/2616/1 2116/2617/1 2143/2618/1
f 2119/2619/1 2120/24/1 2118/2620/1
f 2123/2621/2 2110/2622/2 2122/2623/2
f 2088/2624/2 2125/2625/2 2124/2626/2
f 2109/2622/2 2106/2627/2 2140/2628/2
f 2084/2629/2 2129/2626/2 2128/2630/2
f 2133/187/2 2131/2631/2 2130/2632/2
f 2132/182/2 2081/20/2 2131/2631/2
f 2133/187/2 2101/2633/2 2098/2634/2
f 2135/2635/3 158/566/3 2133/2636/3
f 2133/2636/3 158/566/3 156/565/3
f 2132/2637/3 2134/2638/3 154/2639/3
f 159/498/3 2133/2636/3 2098/2640/3
f 2139/2632/2 2137/2641/2 2136/2628/2
f 2138/2631/2 2085/2629/2 2137/2641/2
f 2139/2632/2 2105/2627/2 2102/2633/2
f 2130/2636/3 2138/2642/3 2139/2643/3
f 2131/2637/3 2080/2644/3 2138/2642/3
f 2101/2640/3 2139/2643/3 2102/2645/3
f 2137/2642/3 2141/2646/3 2142/2647/3
f 2142/2647/3 2126/2648/3 2136/2643/3
f 2085/2644/3 2084/2649/3 2128/2650/3
f 2105/2645/3 2140/2651/3 2106/2652/3
f 2109/2652/3 2122/2653/3 2110/2654/3
f 2129/2650/3 2088/2655/3 2124/2656/3
f 2128/2657/5 2124/2658/5 2121/2659/5
f 2116/2660/6 2127/2605/6 2126/2602/6
f 2143/2661/3 2142/2647/3 2141/2646/3
f 2128/2650/3 2121/2656/3 2119/2662/3
f 2143/2661/3 2126/2648/3 2142/2647/3
f 2172/2663/1 2144/2664/1 2163/2665/1
f 2147/2666/1 2148/2667/1 2146/2668/1
f 2030/2669/2 2113/2670/2 2150/2621/2
f 2092/2671/2 2033/2426/2 2151/2625/2
f 2114/2654/3 2123/2653/3 2159/2672/3
f 2092/2550/3 2151/2673/3 2158/2674/3
f 2162/2665/1 2152/9/1 2161/2616/1
f 2155/2620/1 2156/2596/1 2154/2666/1
f 2124/2658/5 2125/2675/5 2158/2676/5
f 2157/2430/5 2120/2431/5 2121/2659/5
f 2159/2677/6 2123/2610/6 2122/2604/6
f 2122/2604/6 2116/2660/6 2152/2616/6
f 2118/2662/3 2157/2674/3 2155/2678/3
f 2161/2679/3 2117/2653/3 2160/2661/3
f 2149/186/5 2156/183/5 2157/2430/5
f 2150/2609/6 2159/2677/6 2152/2616/6
f 2154/2678/3 2149/2673/3 2147/2680/3
f 2163/2681/3 2153/2672/3 2162/2679/3
f 2174/2413/1 2164/2682/1 2173/2663/1
f 2167/2668/1 2168/2683/1 2166/2414/1
f 2151/2621/5 2033/2669/5 2170/2684/5
f 2169/2685/5 2148/184/5 2149/186/5
f 2171/2686/6 2030/2440/6 2150/2609/6
f 2150/2609/6 2144/2664/6 2164/2687/6
f 2146/2680/3 2169/2688/3 2167/2689/3
f 2173/2690/3 2145/2548/3 2172/2681/3
f 2170/2684/5 1879/50/5 1876/2632/5
f 1865/2691/5 2168/2692/5 2169/2685/5
f 1860/2693/6 2164/2687/6 2165/2694/6
f 2164/2687/6 1860/2693/6 1880/2614/6
f 2166/2689/3 1865/2695/3 1863/2696/3
f 2175/2697/3 2165/2549/3 2174/2690/3
f 2179/2698/3 2177/2699/3 2176/2700/3
f 2180/2701/3 2177/2699/3 2178/2702/3
f 2185/2703/3 2184/2704/3 2187/2705/3
f 2241/2706/3 2188/2707/3 2187/2705/3
f 2241/2706/3 2187/2705/3 2184/2704/3
f 2194/2708/3 2192/2709/3 2191/2710/3
f 2198/2711/3 2196/2712/3 2195/2713/3
f 2305/2714/3 2201/2715/3 2200/2716/3
f 2199/2717/3 2196/2712/3 2197/2718/3
f 2213/2561/4 2212/2726/4 2210/2727/4
f 2215/2728/4 2192/2729/4 2188/2730/4
f 2219/2733/4 2208/2734/4 2198/2735/4
f 2198/2735/4 2208/2734/4 2209/2736/4
f 2181/2740/4 2190/2741/4 2224/2742/4
f 2230/2749/4 2233/2750/4 2232/2751/4
f 2182/2752/4 2234/2753/4 2243/2754/4
f 2233/2750/4 2230/2749/4 2231/2755/4
f 2201/2758/4 2194/2759/4 2236/2760/4
f 2191/2764/4 2189/2765/4 2241/2766/4
f 2244/2780/3 2251/2781/3 2255/2782/3
f 2258/2786/3 2256/2715/3 2257/2787/3
f 2265/2791/3 2259/2792/3 2263/2793/3
f 2271/2794/3 2267/2795/3 2266/2796/3
f 2271/2794/3 2266/2796/3 2261/2797/3
f 2192/2864/2 2214/105/2 2263/92/2
f 2259/89/2 2240/94/2 2191/108/2
f 2266/95/2 2243/2875/2 2261/2876/2
f 2271/2877/1 2182/2878/1 2231/2879/1
f 2182/2878/1 2271/2877/1 2268/2880/1
f 2262/2815/6 2225/2898/6 2268/2816/6
f 2241/2416/1 2189/2902/1 2264/2880/1
f 2241/2416/1 2264/2880/1 2265/2417/1
f 2305/2906/5 2253/2774/5 2254/2770/5
f 2237/2910/5 2256/2769/5 2258/2773/5
f 2210/105/2 2250/91/2 2257/92/2
f 2194/2416/1 2237/2911/1 2258/2912/1
f 2249/2913/1 2213/2914/1 2193/2915/1
f 2255/2417/1 2218/2914/1 2209/2418/1
f 2253/2919/2 2197/2920/2 2198/108/2
f 2307/2921/6 2219/2922/6 2198/2923/6
f 2184/2924/5 2309/2925/5 2308/2926/5
f 2191/2776/5 2241/2927/5 2311/2928/5
f 2310/2929/5 2236/2777/5 2194/2910/5
f 2311/2766/4 2308/2930/4 2312/2931/4
f 2310/2760/4 2312/2931/4 2313/2734/4
f 2315/2932/4 2314/2933/4 2312/2931/4
f 2314/2934/2 2206/2935/2 2183/105/2
f 2309/2936/1 2185/2416/1 2186/2418/1
f 2206/2856/6 2315/2940/6 2205/2941/6
f 2219/108/2 2313/2942/2 2208/2864/2
f 2188/2943/6 2312/2944/6 2187/2856/6
f 2193/2945/6 2211/2946/6 2313/2921/6
f 2332/2963/4 2310/2760/4 2307/2733/4
f 2333/2964/4 2334/2753/4 2339/2742/4
f 2338/2965/4 2336/2966/4 2335/2967/4
f 2339/2742/4 2334/2753/4 2336/2966/4
f 2339/2968/1 2224/2969/1 2190/2902/1
f 2338/2970/1 2235/2971/1 2220/2879/1
f 2337/2972/1 2220/2879/1 2303/2420/1
f 2334/2926/5 2234/2924/5 2182/2973/5
f 2181/2898/6 2224/2856/6 2339/2944/6
f 2340/2974/6 2226/2975/6 2180/2956/6
f 2235/2976/5 2335/2925/5 2229/2939/5
f 2336/2977/2 2178/2978/2 2179/2867/2
f 2332/2979/1 2200/2419/1 2201/2911/1
f 2234/2924/5 2333/2928/5 2238/2927/5
f 2311/2937/2 2241/108/2 2189/94/2
f 2200/2777/5 2331/2955/5 2199/2778/5
f 2359/2598/4 2357/3005/4 14/2998/4
f 1876/3006/4 2356/2319/4 2362/3007/4
f 2358/2615/4 2360/3008/4 20/1845/4
f 2362/3007/4 2363/3012/4 2361/3013/4
f 7/3014/4 2360/3008/4 2358/2615/4
f 7/3014/4 2358/2615/4 2361/3013/4
f 2364/1861/3 2366/2697/3 1862/2696/3
f 2366/2697/3 2367/3015/3 1861/3016/3
f 2365/3019/5 1864/3020/5 1865/2691/5
f 7/3021/6 1880/2614/6 1860/2693/6
f 2195/3152/4 2407/3153/4 2405/3154/4
f 2404/3156/4 2412/3157/4 2411/3158/4
f 2401/1379/4 2414/3159/4 2413/1381/4
f 2397/3166/4 1871/3167/4 1869/3168/4
f 2199/2991/4 2415/3169/4 2416/3170/4
f 2418/3171/3 2395/3172/3 2400/729/3
f 2420/2984/3 2424/3173/3 2419/3174/3
f 2424/3173/3 2420/2984/3 1868/3175/3
f 2420/2984/3 2421/3176/3 1867/3177/3
f 2423/3178/3 2399/3179/3 2403/3180/3
f 1867/2814/6 2407/3145/6 1866/2857/6
f 2397/101/2 2424/89/2 2396/95/2
f 2401/101/2 2418/89/2 2400/95/2
f 2395/2422/1 2414/2902/1 2398/3209/1
f 2404/101/2 2423/89/2 2403/95/2
f 2399/2422/1 2412/2902/1 2402/3209/1
f 2331/2991/4 2430/3210/4 2429/3211/4
f 2429/3212/5 2409/3213/5 2415/3214/5
f 2306/2958/6 2195/2857/6 2405/3145/6
f 2409/103/2 2430/2937/2 2408/108/2
f 2980/2853/5 2770/3940/5 2699/3774/5
f 3003/2854/5 3002/3742/5 2980/2853/5
f 3005/2569/6 2692/3945/6 2650/3946/6
f 3005/2569/6 2978/3924/6 3006/3947/6
f 2692/3671/1 3003/3928/1 2691/3734/1
f 3005/3798/1 3004/3791/1 3003/3928/1
f 3008/3898/6 2776/3897/6 2736/3948/6
f 3008/3898/6 3010/3018/6 3009/3906/6
f 2788/3949/2 3007/3950/2 2787/3951/2
f 2964/3952/2 3010/3953/2 3007/3950/2
f 2776/3773/1 2955/3770/1 2775/3929/1
f 3008/3954/1 2960/3955/1 2955/3770/1
f 3712/4645/6 3719/4646/6 3736/4647/6
f 3739/4648/5 3734/4649/5 3737/4650/5
f 3711/4651/6 3740/4652/6 3709/4618/6
f 3711/4653/22 3712/4654/22 3734/4655/22
f 3742/4656/4 3737/4657/4 3734/4658/4
f 3745/4659/2 3736/1235/2 3719/4660/2
f 3743/4661/23 3736/4662/23 3744/4663/23
f 3737/4664/2 3742/4665/2 3733/4666/2
f 3747/4670/4 3742/4656/4 3743/4671/4
f 3749/4672/2 3744/4673/2 3745/4659/2
f 3747/4674/23 3744/4663/23 3748/4675/23
f 3726/4676/2 3742/4665/2 3746/4677/2
f 3738/4681/5 3665/4682/5 3661/4683/5
f 3662/4684/6 3740/4652/6 3741/4685/6
f 3738/4686/2 3662/4687/2 3741/4688/2
f 3665/4689/2 3739/4686/2 3731/4690/2
f 3753/4691/6 3752/4692/6 3751/4685/6
f 3752/4692/5 3755/4693/5 3754/4694/5
f 3763/4695/4 3746/4696/4 3747/4670/4
f 3752/4697/4 3753/4698/4 3757/4699/4
f 3757/4699/4 3747/4670/4 3755/4700/4
f 3714/4701/2 3748/4702/2 3749/4672/2
f 3755/4703/23 3748/4675/23 3754/4704/23
f 3760/4705/2 3664/4706/2 3756/4707/2
f 3753/4708/2 3760/4705/2 3762/4709/2
f 3760/4705/2 3759/4710/2 3758/4711/2
f 3763/4715/2 3762/4709/2 3761/4716/2
f 3746/4677/2 3761/4716/2 3726/4676/2
f 3729/4717/2 3761/4716/2 3758/4711/2
f 3670/4635/5 3667/4683/5 3764/4681/5
f 3764/4718/2 3668/4706/2 3751/4719/2
f 3764/4720/22 3751/4721/22 3752/4722/22
f 2463/5304/1 4259/1204/1 4258/3892/1
f 4259/1204/1 2463/5304/1 2450/5305/1
f 4270/5282/2 4268/5340/2 2467/5341/2
f 2467/2615/6 4260/5343/6 2468/2611/6
f 4260/1131/1 4303/917/1 4527/4761/1
f 4313/5374/1 4314/5382/1 4323/5383/1
f 4322/5384/1 4321/4818/1 4082/5385/1
f 4327/5386/1 4321/4818/1 4322/5384/1
f 4326/1137/1 4325/4764/1 4079/5387/1
f 4089/5388/1 4325/4764/1 4326/1137/1
f 4499/5407/4 4497/5408/4 4348/5409/4
f 4347/5410/4 4356/5411/4 4503/5412/4
f 4349/5413/4 4362/5414/4 4350/5415/4
f 4353/5416/4 4352/5417/4 4357/5418/4
f 4357/5418/4 4355/5419/4 4354/5420/4
f 4356/5411/4 4346/5421/4 4355/5419/4
f 4352/5417/4 4358/5422/4 4357/5418/4
f 4361/5423/4 4360/5424/4 4359/5425/4
f 4363/5426/4 4351/5427/4 4362/5414/4
f 4359/5425/4 4360/5424/4 4365/5428/4
f 4364/5429/4 4351/5427/4 4363/5426/4
f 4483/5430/4 4481/5431/4 4368/5432/4
f 4367/5433/4 4380/5434/4 4487/5435/4
f 4369/5436/4 4386/5437/4 4370/5438/4
f 4494/5439/4 4358/5422/4 4373/5440/4
f 4372/5441/4 4488/5442/4 4490/5443/4
f 4375/5444/4 4360/5424/4 4361/5423/4
f 4377/5445/4 4376/5446/4 4381/5447/4
f 4381/5447/4 4379/5448/4 4378/5449/4
f 4380/5434/4 4366/5450/4 4379/5448/4
f 4376/5446/4 4382/5451/4 4381/5447/4
f 4385/5452/4 4384/5453/4 4383/5454/4
f 4387/5455/4 4371/5456/4 4386/5437/4
f 4383/5454/4 4384/5453/4 4389/5457/4
f 4388/5458/4 4371/5456/4 4387/5455/4
f 4515/5459/4 4513/5460/4 4392/5461/4
f 4391/5462/4 4404/5463/4 4519/5464/4
f 4393/5465/4 4410/5466/4 4394/5467/4
f 4478/5468/4 4382/5451/4 4397/5469/4
f 4396/5470/4 4472/5471/4 4474/5472/4
f 4399/5473/4 4384/5453/4 4385/5452/4
f 4401/5474/4 4400/5475/4 4405/5476/4
f 4405/5476/4 4403/5477/4 4402/5478/4
f 4404/5463/4 4390/5479/4 4403/5477/4
f 4400/5475/4 4406/5480/4 4405/5476/4
f 4409/5481/4 4408/5482/4 4407/5483/4
f 4411/5484/4 4395/5485/4 4410/5466/4
f 4407/5483/4 4408/5482/4 4413/5486/4
f 4412/5487/4 4395/5485/4 4411/5484/4
f 4510/5488/4 4406/5480/4 4415/5489/4
f 4414/5490/4 4504/5491/4 4506/5492/4
f 4417/5493/4 4408/5482/4 4409/5481/4
f 4423/5494/3 4422/5495/3 4421/5496/3
f 4425/5497/3 4424/5498/3 4422/5495/3
f 4426/5499/3 4422/5495/3 4423/5494/3
f 4433/5500/3 4432/5501/3 4431/5502/3
f 4435/5503/3 4434/5504/3 4432/5501/3
f 4436/5505/3 4432/5501/3 4433/5500/3
f 4443/5506/3 4442/5507/3 4441/5508/3
f 4445/5509/3 4444/5510/3 4442/5507/3
f 4446/5511/3 4442/5507/3 4443/5506/3
f 4412/5569/5 4419/5570/5 4420/5571/5
f 4388/5572/5 4429/5573/5 4430/5574/5
f 4364/930/5 4439/5575/5 4440/5576/5
f 4425/5577/6 4401/5578/6 4402/5383/6
f 4435/5579/6 4377/5580/6 4378/5384/6
f 4445/5581/6 4353/1055/6 4354/920/6
f 4397/1137/2 4437/5582/2 4433/5581/2
f 4428/5579/2 4399/5384/2 4396/1054/2
f 4431/5574/1 4368/1251/1 4370/5572/1
f 4368/1251/1 4431/5574/1 4432/5576/1
f 4373/1137/2 4447/5582/2 4443/5581/2
f 4438/5579/2 4375/5384/2 4372/1054/2
f 4441/5574/1 4348/1251/1 4350/5572/1
f 4348/1251/1 4441/5574/1 4442/5576/1
f 4441/5583/13 4350/5584/13 4351/5585/13
f 4447/5586/12 4373/5587/12 4352/5588/12
f 4445/5589/11 4354/5590/11 4346/5591/11
f 4439/5592/14 4365/5593/14 4360/5594/14
f 4431/5595/13 4370/5596/13 4371/5597/13
f 4437/5598/12 4397/5599/12 4376/5600/12
f 4435/5601/11 4378/5602/11 4366/5603/11
f 4429/5604/14 4389/1106/14 4384/5605/14
f 4415/1137/2 4427/5582/2 4423/5581/2
f 4418/5579/2 4417/5384/2 4414/1054/2
f 4421/5574/1 4392/1251/1 4394/5572/1
f 4392/1251/1 4421/5574/1 4422/5576/1
f 4421/5606/13 4394/5607/13 4395/5608/13
f 4427/5609/12 4415/5610/12 4400/5611/12
f 4425/5612/11 4402/5613/11 4390/5614/11
f 4419/5615/14 4413/5616/14 4408/5617/14
f 4473/5618/2 4472/5619/2 4398/1054/2
f 4475/5622/2 4476/5623/2 4474/5624/2
f 4479/5628/2 4382/1137/2 4478/5629/2
f 4050/5630/1 4386/5572/1 4369/1251/1
f 4483/5634/1 4484/4645/1 4482/5635/1
f 4487/5639/1 4042/5640/1 4486/4646/1
f 4489/5618/2 4488/5619/2 4374/1054/2
f 4491/5622/2 4492/5623/2 4490/5624/2
f 4495/5628/2 4358/1137/2 4494/5629/2
f 4026/5630/1 4362/5572/1 4349/1251/1
f 4501/5641/1 4500/4645/1 4003/4625/1
f 4503/5639/1 4018/5640/1 4502/4646/1
f 4027/4624/5 4359/5642/5 4363/930/5
f 4355/920/6 4020/5643/6 4019/4619/6
f 4362/5644/13 4027/5645/13 4363/5646/13
f 4359/5647/14 4022/5648/14 4361/5649/14
f 4355/5650/11 4018/5651/11 4356/5652/11
f 4358/5653/12 4020/5654/12 4357/5655/12
f 4051/5630/5 4383/938/5 4387/5572/5
f 4379/5384/6 4044/5656/6 4043/4818/6
f 4386/5657/13 4051/5658/13 4387/5659/13
f 4383/5660/14 4046/5661/14 4385/5662/14
f 4379/5663/11 4042/5664/11 4380/5665/11
f 4382/5666/12 4044/5667/12 4381/5668/12
f 4505/5618/2 4504/5619/2 4416/1054/2
f 4507/5622/2 4508/5623/2 4506/5624/2
f 4511/5628/2 4406/1137/2 4510/5629/2
f 4074/5630/1 4410/5572/1 4393/1251/1
f 4515/5634/1 4516/4645/1 4514/5635/1
f 4519/5639/1 4066/5640/1 4518/4646/1
f 4075/5669/5 4407/5670/5 4411/5569/5
f 4403/5383/6 4068/4813/6 4067/5671/6
f 4410/5672/13 4075/5673/13 4411/5674/13
f 4407/5675/14 4070/5676/14 4409/5677/14
f 4403/5678/11 4066/5679/11 4404/5680/11
f 4406/5681/12 4068/5682/12 4405/5683/12
f 4520/5684/6 4327/5685/6 4318/5686/6
f 4309/5690/5 4326/1320/5 4522/5691/5
f 4525/5695/6 4089/5696/6 4310/5686/6
f 4521/5703/3 4528/5704/3 4302/5705/3
f 4327/5706/24 4522/5707/24 4326/5708/24
f 4522/5707/24 4327/5706/24 4520/5709/24
f 4529/5684/6 4323/5685/6 4314/5686/6
f 4317/5690/5 4322/1320/5 4531/5691/5
f 4306/5714/3 4530/5715/3 4533/5716/3
f 4323/5717/24 4531/5718/24 4322/5719/24
f 4531/5718/24 4323/5717/24 4529/5720/24
f 4313/5690/5 4086/3020/5 4534/5721/5
f 4537/5727/6 4536/5728/6 4535/5729/6
f 4539/5730/5 4537/5731/5 4538/5732/5
f 4546/5739/1 4545/4618/1 4536/919/1
f 4553/4750/1 4098/5388/1 4546/5739/1
f 4553/4750/1 4097/5743/1 4547/5744/1
f 4100/5745/1 4097/5743/1 4552/1279/1
f 4268/5340/2 4269/5283/2 4586/5749/2
f 4088/5750/6 4524/2613/6 4525/5695/6
f 4525/5695/6 4303/5751/6 4268/5752/6
f 4562/5727/6 4553/5728/6 4548/5729/6
f 4555/5754/5 4552/5759/5 4564/5731/5
f 4563/5766/3 4567/5767/3 4543/5768/3
f 4553/5769/24 4564/5770/24 4552/5771/24
f 4564/5770/24 4553/5769/24 4562/5772/24
f 4549/5754/5 4546/5759/5 4568/5731/5
f 4539/5777/3 4570/5778/3 4569/5779/3
f 4568/5780/24 4536/5781/24 4537/5782/24
f 4573/5783/2 4572/5784/2 4571/5386/2
f 4578/5787/1 4577/5788/1 4576/5783/1
f 4576/5789/2 4580/5790/2 4579/5791/2
f 4581/5792/3 4538/5777/3 4537/5793/3
f 4576/5794/3 4577/5795/3 4581/5792/3
f 4579/1529/5 4583/5754/5 4103/4945/5
f 4536/919/1 4099/5807/1 4582/5788/1
f 4594/5789/1 4593/5791/1 4592/5790/1
f 4579/5810/5 4597/5811/5 4593/5812/5
f 4542/5813/3 4595/5814/3 4598/5815/3
f 4594/5816/25 4578/5817/25 4576/5818/25
f 4592/5819/5 4571/5820/5 4572/5821/5
f 4571/5820/5 4592/5819/5 4593/5812/5
f 4603/5789/1 4602/5791/1 4601/5790/1
f 4571/5820/5 4606/5829/5 4602/5830/5
f 4541/5831/3 4604/5832/3 4607/5833/3
f 4603/5834/25 4575/5835/25 4573/5836/25
f 4608/5837/5 4601/5838/5 4602/5830/5
f 4612/4056/2 4610/2424/2 4609/4058/2
f 4616/4052/2 4614/4053/2 4613/4055/2
f 4620/4048/2 4618/4049/2 4617/4051/2
f 4624/4044/2 4622/4045/2 4621/4047/2
f 4628/4041/2 4626/4042/2 4625/4043/2
f 4632/4038/2 4630/4034/2 4629/4039/2
f 4636/2668/2 4743/5845/2 4633/2415/2
f 4743/5845/2 4636/2668/2 4740/5846/2
f 4632/4038/2 4637/4040/2 4739/1554/2
f 4641/4060/2 4639/2454/2 4638/4063/2
f 4645/4059/2 4643/2451/2 4642/4061/2
f 4649/4340/2 4647/4338/2 4646/4336/2
f 4653/4320/2 4651/4318/2 4650/4316/2
f 4657/4300/2 4655/4298/2 4654/4296/2
f 4661/4280/2 4659/4278/2 4658/4276/2
f 4665/4260/2 4663/4258/2 4662/4256/2
f 4669/4240/2 4667/4238/2 4666/4236/2
f 4673/4220/2 4671/4216/2 4670/4213/2
f 4677/5847/2 4675/4215/2 4674/4214/2
f 4678/4189/2 4681/4689/2 4734/4080/2
f 4682/4188/2 4683/5848/2 4731/4086/2
f 4688/4149/2 4685/69/2 4730/4085/2
f 4680/5849/2 4677/5847/2 4674/4214/2
f 4689/67/2 4688/4149/2 4687/4148/2
f 4693/4482/2 4691/4480/2 4690/4478/2
f 4697/1741/2 4695/4463/2 4694/1745/2
f 4701/2245/2 4699/4447/2 4698/4445/2
f 4705/4431/2 4703/4429/2 4702/4427/2
f 4709/4413/2 4707/4411/2 4706/4409/2
f 4713/4395/2 4711/4393/2 4710/3300/2
f 4717/4378/2 4715/4376/2 4714/4374/2
f 4721/4360/2 4719/4356/2 4718/4354/2
f 4724/4552/2 4723/5850/2 4780/5851/2
f 4727/4498/2 4726/4496/2 4779/4524/2
f 4725/4551/2 4729/5852/2 4728/3461/2
f 4732/5853/3 4731/5854/3 4683/5855/3
f 4730/5856/3 4733/5857/3 3140/2481/3
f 3663/4570/3 3137/4571/3 4734/5858/3
f 4732/5853/3 3142/4612/3 4731/5854/3
f 3660/4560/3 3663/4570/3 4681/5859/3
f 3137/4571/3 4680/5860/3 4734/5858/3
f 4680/5860/3 3137/4571/3 3134/5861/3
f 4733/5857/3 4730/5856/3 4685/5862/3
f 4735/3461/4 3588/5863/4 3589/3340/4
f 3589/3340/4 3599/3341/4 4736/2144/4
f 3084/5864/5 4637/1280/5 4632/5865/5
f 4740/3333/4 3046/5866/4 4737/3334/4
f 3046/5866/4 4740/3333/4 4636/3328/4
f 4741/3337/4 3047/5867/4 3052/5868/4
f 3047/5867/4 4741/3337/4 4635/3338/4
f 4739/3322/4 3050/3326/4 4738/3324/4
f 4745/3094/3 3020/5869/3 4742/5870/3
f 3707/5871/3 4744/4610/3 4743/5872/3
f 4634/5873/3 3020/5869/3 3041/4611/3
f 3013/5874/3 3027/5875/3 4631/5876/3
f 4633/5877/3 4744/4610/3 3032/4609/3
f 3786/5878/3 3019/5879/3 4745/3094/3
f 4742/5870/3 3792/4966/3 3785/5880/3
f 4748/1726/3 3139/4729/3 3074/5881/3
f 4630/5882/3 3027/5875/3 3088/5883/3
f 3139/4619/6 4736/4806/6 3138/4634/6
f 3109/5884/6 4615/5885/6 4616/5886/6
f 4617/5887/5 3099/5888/5 3102/5889/5
f 3097/5890/6 4623/4807/6 4624/5891/6
f 4625/5892/5 3086/5893/5 3090/5894/5
f 3091/5895/6 4627/5896/6 4628/5897/6
f 4629/5865/5 3088/4624/5 3083/5864/5
f 4629/5898/4 3084/3326/4 4632/3325/4
f 4625/5899/4 3091/5900/4 4628/5898/4
f 4627/5882/3 3086/5901/3 4626/5902/3
f 3103/5903/6 4619/1621/6 4620/5904/6
f 4621/5905/5 3093/1220/5 3096/5906/5
f 4621/5907/4 3097/5908/4 4624/5899/4
f 4623/5902/3 3093/5909/3 4622/5910/3
f 4617/5911/4 3103/5912/4 4620/5907/4
f 4619/5910/3 3099/5913/3 4618/5914/3
f 3120/5915/6 4644/5916/6 4645/5917/6
f 4609/5918/5 3111/5919/5 3114/5920/5
f 3115/5921/6 4611/5922/6 4612/5923/6
f 4613/5924/5 3105/5925/5 3108/5926/5
f 4613/3318/4 3109/5927/4 4616/5911/4
f 4615/5914/3 3105/5928/3 4614/5929/3
f 4609/5930/4 3115/3320/4 4612/3318/4
f 4611/5929/3 3111/5931/3 4610/5932/3
f 3126/5933/6 4640/5934/6 4641/5935/6
f 4642/5936/5 3117/5937/5 3119/5938/5
f 4642/3321/4 3120/5939/4 4645/5930/4
f 4644/5932/3 3117/5940/3 4643/5941/3
f 4638/5942/5 3122/5943/5 3125/5944/5
f 4638/5945/4 3126/3319/4 4641/3321/4
f 4640/5941/3 3122/5946/3 4639/5947/3
f 4686/2322/5 3276/5980/5 3250/1994/5
f 3253/1592/6 4688/5981/6 4684/2018/6
f 3208/5982/6 4689/4806/6 4687/5981/6
f 4688/5983/4 3208/2455/4 4687/5945/4
f 4678/5984/4 3251/5985/4 3254/5986/4
f 4682/5987/4 3254/5986/4 3252/124/4
f 4682/5987/4 3253/73/4 4684/5983/4
f 4679/5988/4 3250/5989/4 3251/5985/4
f 3653/1996/6 4726/2334/6 4727/2373/6
f 4692/5990/5 3568/5991/5 3585/5992/5
f 3447/5993/6 4718/4809/6 4719/5994/6
f 4648/5995/5 3410/5996/5 3426/5997/5
f 3364/5998/6 4658/4810/6 4659/5999/6
f 4664/6000/5 3322/6001/5 3341/6002/5
f 3320/6003/6 4666/2018/6 4667/6004/6
f 4672/6005/5 3278/6006/5 3297/6007/5
f 3298/6008/6 4670/6009/6 4671/6010/6
f 4675/6011/5 3134/4787/5 3275/5980/5
f 4675/3303/4 3276/5989/4 4674/6012/4
f 4672/6013/4 3298/3305/4 4671/3303/4
f 4670/6014/3 3278/2535/3 4673/6015/3
f 3342/6016/6 4662/6017/6 4663/6018/6
f 4668/6019/5 3300/1994/5 3319/6020/5
f 4668/3306/4 3320/6021/4 4667/6013/4
f 4666/6015/3 3300/5962/3 4669/6022/3
f 4664/6023/4 3342/3304/4 4663/3306/4
f 4662/6022/3 3322/5970/3 4665/5963/3
f 3408/6024/6 4650/4827/6 4651/6025/6
f 4656/6026/5 3366/6027/5 3385/6028/5
f 3386/6029/6 4654/6030/6 4655/6031/6
f 4660/6032/5 3344/6033/5 3363/6034/5
f 4660/6035/4 3364/6036/4 4659/6023/4
f 4658/5963/3 3344/2533/3 4661/6037/3
f 4656/6038/4 3386/6039/4 4655/6035/4
f 4654/6037/3 3366/6040/3 4657/5973/3
f 3427/6041/6 4646/6042/6 4647/6043/6
f 4652/6044/5 3388/1991/5 3407/6045/5
f 4652/6046/4 3408/6047/4 4651/6038/4
f 4650/5973/3 3388/5971/3 4653/6048/3
f 4648/3299/4 3427/6049/4 4647/6046/4
f 4646/6048/3 3410/5972/3 4649/6050/3
f 3527/6051/6 4702/1951/6 4703/6052/6
f 4708/6053/5 3489/6054/5 3506/6055/5
f 3487/6056/6 4710/1981/6 4711/6057/6
f 4716/6058/5 3449/6059/5 3466/6060/5
f 3467/6061/6 4714/6062/6 4715/6063/6
f 4720/6064/5 3429/6065/5 3446/6066/5
f 4720/6067/4 3447/3301/4 4719/3299/4
f 4718/6050/3 3429/5967/3 4721/6068/3
f 4716/3302/4 3467/6069/4 4715/6067/4
f 4714/6068/3 3449/5968/3 4717/6070/3
f 3507/6071/6 4706/1954/6 4707/6072/6
f 4712/6073/5 3469/1984/5 3486/6074/5
f 4712/6075/4 3487/3300/4 4711/3302/4
f 4710/6070/3 3469/2529/3 4713/5969/3
f 4708/1754/4 3507/4395/4 4707/6075/4
f 4706/5969/3 3489/2527/3 4709/1810/3
f 3566/6076/6 4694/1950/6 4695/6077/6
f 4700/6078/5 3529/6079/5 3546/6080/5
f 3547/6081/6 4698/6082/6 4699/6083/6
f 4704/6084/5 3509/6085/5 3526/6086/5
f 4704/6087/4 3527/6088/4 4703/1754/4
f 4702/1810/3 3509/6089/3 4705/5976/3
f 4700/2250/4 3547/6090/4 4699/6087/4
f 4698/5976/3 3529/2525/3 4701/2329/3
f 3586/6091/6 4690/6092/6 4691/6093/6
f 4696/6094/5 3549/1983/5 3565/6095/5
f 4696/3295/4 3566/2238/4 4695/2250/4
f 4694/2329/3 3549/5974/3 4697/6096/3
f 4692/4498/4 3586/3297/4 4691/3295/4
f 4690/6096/3 3568/6097/3 4693/6098/3
f 4724/4552/4 3651/6119/4 3652/6120/4
f 4724/4552/4 3653/6121/4 4727/4498/4
f 4725/4551/4 3650/5863/4 3651/6119/4
f 3612/2545/3 4778/5975/3 3611/2523/3
f 4723/6122/3 3612/2545/3 3771/4731/3
f 3592/5881/3 3593/6123/3 4729/6124/3
f 4780/1730/3 4777/4730/3 3602/4729/3
f 4722/6125/3 3602/4729/3 3596/6126/3
f 4726/6098/3 3621/6097/3 3615/6127/3
f 2607/3815/5 4781/3977/5 4790/3976/5
f 4782/6128/5 4783/6129/5 4787/185/5
f 4788/2684/5 4787/185/5 4786/2685/5
f 4790/3976/5 4781/3977/5 2591/3819/5
f 4793/6134/5 4792/1323/5 4789/6135/5
f 4794/50/5 4788/2684/5 4786/2685/5
f 2534/4755/5 4795/3894/5 4804/5300/5
f 4796/4758/5 4797/915/5 4801/1619/5
f 4802/4803/5 4801/1619/5 4800/1264/5
f 4804/5300/5 4795/3894/5 2601/3828/5
f 4807/1111/5 4806/916/5 4803/936/5
f 4810/1268/5 4802/4803/5 4800/1264/5
f 4806/916/5 4807/1111/5 4809/6140/5
f 4836/1576/5 4810/1268/5 4809/6140/5
f 4836/1576/5 4809/6140/5 4838/4800/5
f 4812/6141/5 4635/1280/5 4811/1267/5
f 2608/3742/5 4813/3743/5 4822/728/5
f 4814/1048/5 4815/6142/5 4819/763/5
f 4820/6143/5 4819/763/5 4818/6144/5
f 4822/728/5 4823/6149/5 4821/6150/5
f 4825/6151/5 4824/1532/5 4821/6150/5
f 4826/90/5 4820/6143/5 4818/6144/5
f 4788/6152/26 4794/6153/26 4844/6154/26
f 4841/6155/26 4785/6156/26 4844/6154/26
f 4802/6157/26 4830/6158/26 4835/6159/26
f 4817/6160/26 4820/6161/26 4848/6162/26
f 4796/2608/2 3833/8/2 4833/7/2
f 3833/8/2 4796/2608/2 4798/2440/2
f 4796/2608/2 4833/7/2 4283/2/2
f 3836/3138/2 4835/6163/2 4829/2958/2
f 4807/1562/1 2521/162/1 3812/178/1
f 4809/4606/1 3812/178/1 3814/3984/1
f 3828/56/1 3832/6164/1 4830/2955/1
f 3828/56/1 4830/2955/1 4808/2669/1
f 4837/3343/4 4836/3345/4 4811/6165/4
f 4635/3338/4 4741/3337/4 3825/6166/4
f 4836/3345/4 4837/3343/4 3826/6167/4
f 4742/5870/3 4634/5873/3 4812/6168/3
f 3807/6169/3 4809/6170/3 3814/6171/3
f 3819/4971/3 3991/4967/3 4838/6172/3
f 4809/6170/3 3807/6169/3 3808/6173/3
f 3829/6174/4 4830/6175/4 3832/3347/4
f 4782/2608/2 3955/8/2 4839/7/2
f 3955/8/2 4782/2608/2 4784/2440/2
f 2607/2607/2 4295/2/2 2578/1/2
f 4295/2/2 2607/2607/2 4782/2608/2
f 3946/3138/2 4841/6163/2 4827/2958/2
f 4793/1562/1 4843/178/1 3838/3984/1
f 4842/6176/1 4844/6177/1 4794/2669/1
f 2537/6178/1 4289/162/1 4290/5355/1
f 4842/6176/1 3839/6179/1 4828/2955/1
f 3848/3422/4 4828/6180/4 3847/3368/4
f 4825/1562/1 4847/178/1 3958/3984/1
f 4846/6176/1 4848/6177/1 4826/2669/1
f 2609/3819/1 4300/162/1 4301/5355/1
f 4846/6176/1 3951/6179/1 4832/2955/1
f 3973/6182/4 4832/6183/4 3972/3389/4
f 4883/6213/1 3975/6212/1 3900/6222/1
f 3985/6182/4 4884/3390/4 3984/3389/4
f 3975/5130/3 4877/6208/3 3974/6209/3
f 4887/6223/3 4886/6224/3 5029/6225/3
f 4887/6223/3 4890/6226/3 4889/6227/3
f 4888/6228/3 4885/6229/3 5031/6230/3
f 4888/6228/3 4893/6231/3 4890/6226/3
f 4892/6232/3 4891/6233/3 5033/6234/3
f 4892/6232/3 4896/6235/3 4893/6231/3
f 4895/6236/3 4894/6237/3 5035/6238/3
f 4895/6236/3 4898/6239/3 5321/6240/3
f 4887/6223/3 4901/6241/3 4900/6242/3
f 4900/6242/3 4902/6243/3 5027/6244/3
f 4905/6245/3 4904/6246/3 5239/6247/3
f 4910/6248/3 4908/6249/3 4907/6250/3
f 4912/6251/3 4909/6252/3 4910/6248/3
f 4914/6253/3 4911/6254/3 4912/6251/3
f 4905/6245/3 4913/6255/3 4914/6253/3
f 4905/6245/3 4916/6256/3 4915/6257/3
f 4914/6253/3 4917/6258/3 4916/6256/3
f 4912/6251/3 4918/6259/3 4917/6258/3
f 4910/6248/3 4919/6260/3 4918/6259/3
f 4905/6245/3 4899/6261/3 4904/6246/3
f 4923/6262/3 5371/6263/3 4920/6264/3
f 5371/6263/3 4923/6262/3 5066/6265/3
f 4922/6266/3 4924/6267/3 4921/6268/3
f 5107/6437/6 5105/6438/6 5104/6439/6
f 5106/6440/6 5108/6441/6 5105/6438/6
f 5109/6442/6 5110/6443/6 5108/6441/6
f 5107/6437/6 5091/6444/6 5081/6445/6
f 5124/6446/6 5113/6447/6 5125/6448/6
f 5125/6448/6 5138/6449/6 5114/6450/6
f 6132/6451/6 5114/6450/6 5112/6452/6
f 5112/6452/6 5115/6453/6 6145/6454/6
f 5120/6455/6 5118/6456/6 5117/6457/6
f 5122/6458/6 5117/6457/6 5121/6459/6
f 5121/6459/6 5123/6460/6 5113/6447/6
f 5119/6461/6 5093/6462/6 5118/6456/6
f 5126/6463/6 5125/6448/6 5113/6447/6
f 5113/6447/6 5123/6460/6 5127/6464/6
f 5127/6464/6 5128/6465/6 6128/6466/6
f 5129/6467/6 5130/6468/6 6129/6469/6
f 5131/6470/6 5132/6471/6 6130/6472/6
f 5133/6473/6 5134/6474/6 6131/6475/6
f 5135/6476/6 5136/6477/6 5110/6443/6
f 5149/6478/6 5125/6448/6 5126/6463/6
f 5142/3529/6 5140/4108/6 5139/4112/6
f 5144/6479/6 5139/4112/6 5143/4118/6
f 5146/6480/6 5143/4118/6 5145/4124/6
f 5146/6480/6 5148/25/6 5147/6481/6
f 5141/6482/6 5115/6453/6 5112/6452/6
f 5152/69/6 5151/6483/6 6134/5811/6
f 5147/6481/6 5154/4033/6 6136/4036/6
f 5156/6484/6 5155/2415/6 6137/15/6
f 5154/4033/6 5147/6481/6 5148/25/6
f 5158/2440/6 5157/10/6 6138/2411/6
f 5160/6485/6 5159/6486/6 5174/3017/6
f 5162/6487/6 5161/6488/6 5173/5669/6
f 5162/6487/6 5163/6489/6 5161/6488/6
f 5164/6490/6 5165/5391/6 5163/6489/6
f 5166/6491/6 5167/5398/6 5165/5391/6
f 5168/6492/6 4748/4760/6 5167/5398/6
f 5153/5848/6 5150/6493/6 6135/5829/6
f 5172/1300/6 3009/3906/6 3010/3018/6
f 5172/1300/6 5174/3017/6 5159/6486/6
f 5177/6494/1 5176/6495/1 5948/6496/1
f 5178/6497/1 5175/6498/1 5949/6499/1
f 5177/6494/1 4884/6500/1 5176/6495/1
f 5184/6501/1 5180/6502/1 5181/6503/1
f 5180/6502/1 5184/6501/1 5183/6504/1
f 5183/6504/1 5185/6505/1 5182/6506/1
f 5186/6507/1 5187/5947/1 5185/6505/1
f 5188/5856/1 5189/6508/1 5187/5947/1
f 5190/6509/1 5191/6510/1 5189/6508/1
f 5192/1528/1 3006/3741/1 5191/6510/1
f 5184/6501/1 5181/6503/1 5946/6511/1
f 5198/6512/1 5196/6513/1 5195/6514/1
f 5197/6515/1 5200/6516/1 5204/6517/1
f 5198/6512/1 5002/6518/1 5079/6519/1
f 5203/6520/1 5962/6521/1 5201/6522/1
f 5962/6521/1 5203/6520/1 5939/6523/1
f 5205/6524/1 5199/6525/1 5204/6517/1
f 5938/6526/1 5201/6522/1 5963/6527/1
f 5205/6524/1 5204/6517/1 5200/6516/1
f 5206/6528/1 5207/6529/1 5940/6530/1
f 5207/6529/1 5206/6528/1 5966/6531/1
f 5209/6532/1 5208/6533/1 5224/6534/1
f 5193/6535/1 5210/6536/1 5202/6537/1
f 5213/6538/1 5212/6539/1 5957/6540/1
f 5214/6541/1 5211/6542/1 5958/6543/1
f 5216/6544/1 5215/6545/1 5959/6546/1
f 5218/6547/1 5217/6548/1 5960/6549/1
f 5219/6550/1 5223/6551/1 5225/6552/1
f 5228/6553/1 5220/6554/1 5225/6552/1
f 5224/6534/1 5208/6533/1 5956/6555/1
f 5226/6556/1 5225/6552/1 5223/6551/1
f 5228/6553/1 5225/6552/1 5226/6556/1
f 5230/6557/1 5227/6558/1 5954/6559/1
f 5232/4726/1 5231/6560/1 5955/6561/1
f 5229/6562/1 5222/6563/1 5228/6553/1
f 5236/6564/5 5234/6565/5 5233/6566/5
f 5238/6567/5 5237/6568/5 5281/6569/5
f 5235/6570/5 5239/6571/5 4904/6572/5
f 5236/6564/5 5239/6571/5 5235/6570/5
f 5243/6573/5 5241/6574/5 5240/6575/5
f 5245/6576/5 5244/6577/5 5279/6578/5
f 5242/6579/5 5246/6580/5 4947/6581/5
f 5243/6573/5 4901/6582/5 4963/6583/5
f 5249/6243/3 5248/6584/3 5268/6585/3
f 5250/6369/3 5247/6586/3 5291/6587/3
f 5291/6587/3 5278/6588/3 5252/6366/3
f 5255/6380/3 5254/6589/3 5263/6590/3
f 5256/6377/3 5253/6591/3 5295/6592/3
f 5295/6592/3 5273/6593/3 5258/6378/3
f 5262/6594/3 5261/6595/3 5322/6283/3
f 5262/6594/3 5254/6589/3 5261/6595/3
f 5267/6596/3 5266/6597/3 5328/6242/3
f 5267/6596/3 5248/6584/3 5266/6597/3
f 5308/6598/3 5270/6599/3 5269/6600/3
f 5308/6598/3 5269/6600/3 5319/6240/3
f 5272/6601/3 5273/6593/3 5271/6602/3
f 5310/6603/3 5275/6604/3 5274/6605/3
f 5310/6603/3 5274/6605/3 5325/6359/3
f 5277/6606/3 5278/6588/3 5276/6607/3
f 5280/6608/3 5241/6300/3 5279/6609/3
f 5264/6610/3 5265/6611/3 5240/6241/3
f 5241/6300/3 5280/6608/3 5285/6612/3
f 5244/6286/3 5274/6605/3 5275/6604/3
f 5282/6613/3 5234/6247/3 5281/6246/3
f 5259/6614/3 5260/6615/3 5233/6278/3
f 5234/6247/3 5282/6613/3 5289/6616/3
f 5237/6261/3 5269/6600/3 5270/6599/3
f 5312/6670/6 5252/6671/6 5311/6672/6
f 5313/6673/6 5250/6674/6 5312/6670/6
f 5312/6670/6 5314/4128/6 5025/6675/6
f 5311/6672/6 5014/6676/6 5023/6677/6
f 5316/6678/6 5258/6679/6 5315/6680/6
f 5317/6564/6 5256/6681/6 5316/6678/6
f 5316/6678/6 5318/6682/6 5037/4913/6
f 5316/6678/6 4897/6683/6 5318/6682/6
f 5320/6684/2 5319/6685/2 5269/6686/2
f 5320/6684/2 5272/6687/2 5319/6685/2
f 5272/6687/2 5320/6684/2 5315/6688/2
f 5320/6684/2 5321/6689/2 4898/4129/2
f 5321/6689/2 5238/6690/2 4899/6691/2
f 5254/6575/1 5255/6692/1 5317/6693/1
f 5261/6694/1 5317/6693/1 5323/6695/1
f 5236/6696/1 5233/6697/1 5260/6698/1
f 5323/6695/1 5324/6583/1 4944/6580/1
f 5324/6583/1 5317/6693/1 4946/6699/1
f 5326/6684/2 5325/6685/2 5274/6686/2
f 5326/6684/2 5277/6687/2 5325/6685/2
f 5277/6687/2 5326/6684/2 5311/6688/2
f 5326/6684/2 5327/6689/2 5013/4129/2
f 5327/6689/2 5245/6690/2 5017/6691/2
f 5248/6575/1 5249/6692/1 5313/6693/1
f 5266/6694/1 5313/6693/1 5329/6695/1
f 5243/6696/1 5240/6697/1 5265/6698/1
f 5329/6695/1 4901/6581/1 5243/6696/1
f 4900/6583/1 5313/6693/1 4902/6699/1
f 5332/6700/2 5331/6701/2 5347/6702/2
f 5332/6700/2 5346/6703/2 5331/6701/2
f 5346/6703/2 5332/6700/2 5335/6704/2
f 5332/6700/2 4919/4339/2 5335/6704/2
f 5333/6705/2 4999/6706/2 5332/6700/2
f 5338/6249/3 5337/6545/3 5345/6707/3
f 5350/6708/3 5340/6709/3 5334/6260/3
f 5358/6710/3 5334/6260/3 5339/6250/3
f 5344/6711/3 5343/6712/3 5374/6280/3
f 5344/6711/3 5337/6545/3 5343/6712/3
f 5349/6713/3 5331/6341/3 5346/6714/3
f 5331/6341/3 5349/6713/3 5362/6715/3
f 5350/6708/3 5346/6714/3 5340/6709/3
f 5353/6716/3 5368/6263/3 5351/6268/3
f 5341/6717/3 5342/6718/3 5352/6264/3
f 5368/6263/3 5353/6716/3 5356/6719/3
f 5330/6267/3 5347/6720/3 5348/6721/3
f 5370/6564/5 5368/6565/5 5352/6566/5
f 5333/6567/5 5330/6568/5 5351/6569/5
f 5369/6570/5 5371/6571/5 4921/6572/5
f 5370/6564/5 5371/6571/5 5369/6570/5
f 5372/6678/6 5334/6679/6 5335/6680/6
f 5373/6564/6 5339/6681/6 5372/6678/6
f 5373/6564/6 4907/6682/6 4908/6445/6
f 5372/6678/6 4919/6683/6 4907/6682/6
f 5337/6743/1 5338/6744/1 5373/6745/1
f 5343/6746/1 5373/6745/1 5375/6747/1
f 5370/6748/1 5352/6749/1 5342/6750/1
f 5375/6747/1 5376/6751/1 4945/6752/1
f 5375/6747/1 4908/6753/1 5376/6751/1
f 5844/7765/3 5939/7766/3 5203/7767/3
f 5843/7768/3 5938/7769/3 5205/7770/3
f 5845/7771/3 5940/7772/3 5207/7773/3
f 5193/7774/3 5844/7765/3 5847/7775/3
f 5214/7776/6 5942/7777/6 5820/7778/6
f 5216/7779/6 5943/7780/6 5819/7781/6
f 5218/7782/6 5944/7783/6 5826/7784/6
f 5220/2913/6 5945/2417/6 5831/7785/6
f 5221/7786/6 5860/4028/6 5836/7787/6
f 5941/7788/6 5224/7789/6 5213/7790/6
f 5794/7784/6 5182/7791/6 5185/7792/6
f 5800/7785/6 5185/7792/6 5187/7793/6
f 5804/7787/6 5187/7793/6 5189/7794/6
f 5807/1212/6 5189/7794/6 5191/7795/6
f 2978/3924/6 5191/7795/6 3006/3947/6
f 5795/7781/6 5179/7776/6 5182/7791/6
f 5866/7796/6 5946/7797/6 5181/7798/6
f 5866/7796/6 5194/7789/6 5946/7797/6
f 5951/3457/4 5175/7799/4 5948/3387/4
f 5175/7799/4 5951/3457/4 5864/3532/4
f 4882/7800/4 5176/7801/4 4884/3390/4
f 5176/7801/4 4882/7800/4 5861/3456/4
f 5950/7802/4 5180/3497/4 5949/7803/4
f 5177/7804/3 5810/6361/3 5811/7805/3
f 5178/7806/3 5812/6355/3 5810/6361/3
f 4883/5710/3 5811/7805/3 4877/6208/3
f 5183/7807/5 5813/7697/5 5814/7696/5
f 5186/7808/5 5814/7696/5 5823/7701/5
f 5188/7809/5 5823/7701/5 5828/5957/5
f 5190/4944/5 5828/5957/5 5833/7705/5
f 5192/6151/5 5833/7705/5 5838/1048/5
f 3004/3781/5 5838/1048/5 3002/3742/5
f 5184/7810/5 5847/6526/5 5813/7697/5
f 5955/7811/4 5893/7812/4 5952/3638/4
f 5893/7812/4 5955/7811/4 5231/7813/4
f 5954/7814/4 5892/7815/4 5953/3624/4
f 5892/7815/4 5954/7814/4 5227/7816/4
f 5169/7817/4 5952/3638/4 5894/7818/4
f 5856/6421/3 5229/7819/3 5230/7820/3
f 5858/6413/3 5230/7820/3 5232/7821/3
f 5859/6412/3 5232/7821/3 5170/7822/3
f 5860/7823/3 5221/7824/3 5222/7825/3
f 5872/4960/5 5957/4876/5 5212/7826/5
f 5879/4956/5 5958/7827/5 5211/4888/5
f 5883/2346/5 5959/7828/5 5215/7829/5
f 5887/2347/5 5960/7830/5 5217/4937/5
f 5223/7831/5 5891/7832/5 5226/90/5
f 5891/7832/5 5223/7831/5 5219/91/5
f 5956/4864/5 5961/6526/5 5871/4959/5
f 5964/3634/4 5963/7833/4 5201/7834/4
f 5962/7835/4 5965/3637/4 5914/7836/4
f 5965/3637/4 5962/7835/4 5202/3544/4
f 5210/3497/4 5869/3533/4 5916/7837/4
f 5964/3634/4 5199/7838/4 5963/7833/4
f 5967/7839/4 5966/7840/4 5206/7841/4
f 5200/7842/4 5932/7843/4 5933/7844/4
f 5966/7840/4 5967/7839/4 5934/7845/4
f 5209/4863/5 5961/6526/5 5208/7846/5
f 5194/7789/6 5869/7847/6 5210/7848/6
f 5920/7849/5 5197/4851/5 5198/4831/5
f 5921/7850/5 5200/4863/5 5197/4851/5
f 5078/4961/5 5198/4831/5 5079/7851/5
f 5195/7852/6 5905/7853/6 5906/7854/6
f 5196/7855/6 5915/7847/6 5905/7853/6
f 5002/7856/6 5906/7854/6 5010/4194/6
f 6108/7938/4 6129/3598/4 5130/3591/4
f 6107/3640/4 6130/3607/4 5132/7939/4
f 6105/3641/4 6131/3608/4 5134/7940/4
f 6106/3488/4 5110/3614/4 5136/7941/4
f 6104/7942/4 6128/3590/4 5128/3583/4
f 6126/7943/4 5124/7944/4 5114/7945/4
f 6073/7946/4 6132/7947/4 5116/7948/4
f 6031/4557/4 5158/7954/4 5156/7955/4
f 6037/4532/4 5160/7956/4 5158/7954/4
f 6036/4537/4 5162/7957/4 5160/7956/4
f 6035/4540/4 5164/7958/4 5162/7957/4
f 6034/4543/4 5166/7959/4 5164/7958/4
f 6033/4546/4 5168/7960/4 5166/7959/4
f 6032/3460/4 4736/2144/4 5168/7960/4
f 6030/7961/4 5156/7955/4 5148/7962/4
f 5152/7963/4 6068/7964/4 6069/7965/4
f 5152/7963/4 6070/7946/4 5147/7948/4
f 6068/7964/4 5153/7966/4 5169/7817/4
f 5161/6400/3 5976/7967/3 5977/7968/3
f 5163/6403/3 5978/7969/3 5976/7967/3
f 5165/6408/3 5979/6424/3 5978/7969/3
f 5167/6426/3 4747/6124/3 5979/6424/3
f 5173/7970/3 5977/7968/3 5980/7971/3
f 5989/7972/3 6135/7973/3 5150/6436/3
f 5988/7974/3 6134/7975/3 5151/6384/3
f 5990/7976/3 6136/7977/3 5154/6387/3
f 5991/7978/3 6137/7979/3 5155/6390/3
f 5992/7980/3 6138/7981/3 5157/6393/3
f 5994/6435/3 5859/6412/3 5170/7822/3
f 2973/3990/2 5172/901/2 3010/3953/2
f 5984/3988/2 5174/4016/2 5172/901/2
f 3009/3944/1 5968/749/1 2960/3955/1
f 5171/942/1 5980/7949/1 5968/749/1
f 5127/7981/3 6140/7980/3 6039/7982/3
f 5129/7983/3 6141/7984/3 6038/7985/3
f 5131/7986/3 6142/7987/3 6040/7988/3
f 5133/7989/3 6143/7990/3 6041/7968/3
f 5135/7991/3 6144/7992/3 6042/7967/3
f 5137/6425/3 6084/7993/3 6043/7969/3
f 5149/7994/3 6139/7978/3 6046/7995/3
f 6058/3488/2 5141/3608/2 5142/3614/2
f 6062/7996/2 5142/3614/2 5144/7997/2
f 6066/4503/2 5144/7997/2 5146/4515/2
f 6066/4503/2 5147/4082/2 6070/4502/2
f 6146/7998/2 6145/7999/2 5115/8000/2
f 5995/6430/1 5139/6410/1 5140/6409/1
f 5996/7950/1 5143/1784/1 5139/6410/1
f 6013/7951/1 5145/1727/1 5143/1784/1
f 6022/7952/1 5148/7725/1 5145/1727/1
f 5995/6430/1 5149/8001/1 6046/8002/1
f 6145/7999/2 6146/7998/2 6054/3640/2
f 6084/8002/1 5111/7729/1 6147/7953/1
f 5104/7944/2 6091/8006/2 6092/7943/2
f 5105/8007/2 6100/8008/2 6091/8006/2
f 5108/8009/2 6106/8010/2 6100/8008/2
f 5091/8011/2 6092/7943/2 5092/8012/2
f 5107/6395/1 6152/8013/1 6075/6431/1
f 5106/7748/1 6151/8003/1 6076/8014/1
f 5109/7756/1 6153/8004/1 6081/8015/1
f 5082/8005/1 5107/6395/1 5081/7763/1
f 5119/7944/2 6115/8006/2 6116/7943/2
f 5120/8007/2 6122/8008/2 6115/8006/2
f 5122/8009/2 6126/8010/2 6122/8008/2
f 5101/8011/2 6116/7943/2 5102/8012/2
f 6085/8013/1 5117/7748/1 5118/6395/1
f 6086/8003/1 5121/7756/1 5117/7748/1
f 6097/8004/1 5123/7729/1 5121/7756/1
f 5094/8005/1 5118/6395/1 5093/7763/1
f 106/115/1 108/2464/1 111/118/1
f 111/118/1 113/116/1 105/110/1
f 111/118/1 108/2464/1 110/119/1
f 113/116/1 112/125/1 114/113/1
f 112/125/1 109/120/1 116/124/1
f 116/124/1 115/114/1 112/125/1
f 2134/182/2 156/183/2 155/185/2
f 155/185/2 153/181/2 2134/182/2
f 156/183/2 158/186/2 157/184/2
f 426/473/3 467/480/3 470/550/3
f 470/550/3 469/549/3 426/473/3
f 445/507/3 471/506/3 469/549/3
f 469/549/3 470/550/3 445/507/3
f 428/477/3 473/484/3 474/551/3
f 474/551/3 470/550/3 428/477/3
f 449/511/3 472/510/3 470/550/3
f 470/550/3 474/551/3 449/511/3
f 430/481/3 476/488/3 477/552/3
f 477/552/3 474/551/3 430/481/3
f 451/515/3 475/514/3 474/551/3
f 474/551/3 477/552/3 451/515/3
f 432/485/3 479/492/3 480/553/3
f 480/553/3 477/552/3 432/485/3
f 453/519/3 478/518/3 477/552/3
f 477/552/3 480/553/3 453/519/3
f 434/489/3 482/496/3 483/554/3
f 483/554/3 480/553/3 434/489/3
f 455/523/3 481/522/3 480/553/3
f 480/553/3 483/554/3 455/523/3
f 435/495/3 485/503/3 486/555/3
f 486/555/3 483/554/3 435/495/3
f 457/527/3 484/526/3 483/554/3
f 483/554/3 486/555/3 457/527/3
f 489/557/3 486/555/3 442/502/3
f 501/556/3 488/558/3 489/557/3
f 459/531/3 487/530/3 486/555/3
f 486/555/3 489/557/3 459/531/3
f 502/559/3 491/561/3 492/560/3
f 492/560/3 489/557/3 502/559/3
f 461/535/3 490/534/3 489/557/3
f 489/557/3 492/560/3 461/535/3
f 504/562/3 495/575/3 494/563/3
f 494/563/3 492/560/3 504/562/3
f 463/539/3 493/538/3 492/560/3
f 492/560/3 494/563/3 463/539/3
f 446/564/3 153/2639/3 155/565/3
f 155/565/3 469/549/3 446/564/3
f 425/497/3 468/476/3 469/549/3
f 469/549/3 155/565/3 425/497/3
f 779/876/3 777/897/3 776/896/3
f 776/896/3 775/311/3 779/876/3
f 780/877/3 779/876/3 774/875/3
f 961/880/3 783/894/3 782/893/3
f 782/893/3 780/877/3 961/880/3
f 789/886/3 787/881/3 966/883/3
f 966/883/3 785/884/3 789/886/3
f 790/887/3 789/886/3 784/885/3
f 790/887/3 788/888/3 792/1194/3
f 792/1194/3 791/889/3 790/887/3
f 953/892/3 795/433/3 787/881/3
f 787/881/3 793/890/3 953/892/3
f 954/898/3 796/895/3 777/897/3
f 777/897/3 782/893/3 954/898/3
f 701/951/7 830/963/7 831/952/7
f 841/965/8 836/974/8 838/966/8
f 840/964/7 838/963/7 832/952/7
f 843/970/9 833/979/9 836/971/9
f 672/975/10 832/994/10 833/976/10
f 853/965/8 848/974/8 850/966/8
f 852/986/7 850/985/7 847/990/7
f 855/992/9 844/996/9 848/993/9
f 847/994/10 844/976/10 695/977/10
f 862/1010/8 859/1015/8 830/1001/8
f 856/999/10 831/998/10 858/1011/10
f 859/971/9 699/972/9 706/978/9
f 873/1022/8 868/1026/8 870/1023/8
f 872/964/7 870/963/7 864/952/7
f 875/970/9 865/979/9 868/971/9
f 864/1027/10 865/8069/10 732/1028/10
f 906/1066/8 901/1070/8 903/1067/8
f 905/964/7 903/963/7 897/952/7
f 908/970/9 898/979/9 901/971/9
f 897/1071/10 898/8074/10 734/1072/10
f 940/1120/3 881/310/3 880/895/3
f 944/1124/3 943/8080/3 926/423/3
f 954/1137/1 939/8083/1 880/1056/1
f 960/1147/6 929/902/6 926/1085/6
f 944/1167/5 923/1034/5 931/1036/5
f 944/1095/2 965/1262/2 960/1105/2
f 883/930/2 881/1076/2 940/1181/2
f 939/1035/5 954/1190/5 970/1038/5
f 992/1066/8 987/1070/8 989/1067/8
f 991/986/7 989/985/7 983/990/7
f 994/992/9 984/996/9 987/993/9
f 983/1071/10 984/8074/10 759/1072/10
f 304/762/15 306/1296/15 899/1224/15
f 292/1226/15 302/8102/15 866/1227/15
f 289/1229/15 296/1571/15 861/1230/15
f 286/1232/15 290/8103/15 834/1233/15
f 307/1235/16 272/1297/16 904/1236/16
f 303/1238/16 294/8104/16 871/1239/16
f 297/1241/16 283/8105/16 829/1242/16
f 291/1244/16 288/1276/16 839/1245/16
f 297/1222/17 860/8107/17 861/1251/17
f 291/1222/17 837/8107/17 834/1251/17
f 286/1250/18 835/1054/18 839/1053/18
f 289/1250/18 828/1054/18 829/1053/18
f 304/1250/18 900/1054/18 904/1053/18
f 303/1222/17 869/8107/17 866/1251/17
f 292/1250/18 867/1054/18 871/1053/18
f 307/1222/17 902/8107/17 899/1251/17
f 334/1232/15 350/8103/15 845/1233/15
f 845/1272/17 350/1269/17 341/1266/17
f 851/1274/18 340/1270/18 334/1275/18
f 849/1246/16 341/1244/16 340/1276/16
f 966/1147/3 786/1091/3 795/1090/3
f 961/1168/5 379/1282/5 797/1190/5
f 966/1108/19 376/1265/19 373/1261/19
f 372/1267/19 369/1259/19 960/1105/19
f 368/1280/19 379/1271/19 961/1103/19
f 965/1168/5 931/1036/5 371/1281/5
f 366/1217/6 929/902/6 960/1147/6
f 964/1168/5 928/1036/5 367/1281/5
f 370/1217/6 932/902/6 959/1147/6
f 385/1284/2 378/8112/2 969/1285/2
f 381/1287/2 883/8113/2 970/1288/2
f 376/1282/20 953/1190/20 969/1038/20
f 954/1090/21 379/1211/21 380/1254/21
f 985/1224/15 986/1225/15 402/762/15
f 985/1272/17 406/1269/17 403/1266/17
f 404/1270/18 402/1275/18 986/1104/18
f 988/1237/16 403/1235/16 404/1297/16
f 1051/1336/4 641/8122/4 1074/1337/4
f 1053/1339/4 1054/8123/4 1076/1340/4
f 1057/1342/4 1058/8124/4 1078/1343/4
f 1061/1345/4 1062/8125/4 1080/1346/4
f 1065/1348/4 1066/8126/4 1082/1349/4
f 1069/1351/4 1070/8127/4 1084/1352/4
f 1077/1344/4 1078/1343/4 1086/1354/4
f 1124/679/4 1085/678/4 1087/1355/4
f 1079/1347/4 1080/1346/4 1124/679/4
f 1080/1346/4 1086/1354/4 1124/679/4
f 1073/1338/4 1074/1337/4 621/695/4
f 1123/680/4 1086/1354/4 1078/1343/4
f 1075/1341/4 1076/1340/4 1123/680/4
f 1076/1340/4 621/695/4 1123/680/4
f 1081/1350/4 1082/1349/4 1085/678/4
f 1085/678/4 1088/1356/4 1081/1350/4
f 1102/1361/4 1100/1359/4 1090/704/4
f 1090/704/4 1089/699/4 1102/1361/4
f 1099/1366/4 1097/1363/4 1093/1365/4
f 1093/1365/4 1090/704/4 1099/1366/4
f 1103/1370/4 1104/1369/4 1089/699/4
f 1089/699/4 1096/710/4 1103/1370/4
f 1027/1371/4 1028/8128/4 1094/1364/4
f 1031/1372/4 1032/8129/4 1099/1366/4
f 1035/1373/4 1036/8130/4 1091/1360/4
f 1039/1374/4 1040/8131/4 1102/1361/4
f 1043/1375/4 1044/8132/4 1104/1369/4
f 1047/1376/4 1048/8133/4 1105/1367/4
f 1086/1327/2 1123/1402/2 583/154/2
f 583/154/2 582/160/2 1086/1327/2
f 542/159/2 543/164/2 1088/168/2
f 1088/168/2 1085/1401/2 542/159/2
f 622/174/2 600/8025/2 583/154/2
f 583/154/2 1123/1402/2 622/174/2
f 603/1416/6 604/1421/6 1089/1417/6
f 603/1416/6 1090/1418/6 1093/1419/6
f 604/1421/6 616/8136/6 1096/1422/6
f 1132/1423/3 1131/8137/3 640/1424/3
f 1134/1426/3 1133/1449/3 1055/1427/3
f 1136/1429/3 1135/1442/3 1059/1430/3
f 1138/1432/3 1137/1443/3 1063/1433/3
f 1140/1435/3 1139/1445/3 1067/1436/3
f 1142/1438/3 1141/1446/3 1071/1439/3
f 1144/1441/3 1143/8138/3 1135/1442/3
f 1145/1444/3 1144/1441/3 1136/1429/3
f 1137/1443/3 1138/1432/3 1145/1444/3
f 1145/1444/3 1138/1432/3 1139/1445/3
f 1146/1447/3 1145/1444/3 1140/1435/3
f 1141/1446/3 1142/1438/3 1146/1447/3
f 660/1448/3 1131/8137/3 1132/1423/3
f 1144/1441/3 660/1448/3 1133/1449/3
f 1134/1426/3 1143/8138/3 1144/1441/3
f 1149/1450/3 1148/8139/3 1158/1451/3
f 1150/1454/3 1149/1450/3 1159/1452/3
f 1160/1453/3 1147/8140/3 1150/1454/3
f 1152/1455/3 1151/8141/3 1155/1456/3
f 1149/1450/3 1152/1455/3 1156/1457/3
f 1157/1458/3 1148/8139/3 1149/1450/3
f 1163/1459/3 1154/1472/3 1153/1460/3
f 1150/1454/3 1147/8140/3 1161/8142/3
f 1161/8142/3 1162/1461/3 1150/1454/3
f 1155/1456/3 1151/8141/3 1029/1462/3
f 1157/1458/3 1156/1457/3 1033/1464/3
f 1158/1451/3 1148/8139/3 1037/1466/3
f 1160/1453/3 1159/1452/3 1041/1468/3
f 1162/1461/3 1161/8142/3 1045/1470/3
f 1154/1472/3 1163/1459/3 1049/1473/3
f 497/185/19 498/184/19 1144/1562/19
f 1144/1562/19 1145/1329/19 497/185/19
f 466/181/19 1187/1561/19 1145/1329/19
f 1145/1329/19 1146/172/19 466/181/19
f 1144/1562/19 498/184/19 505/176/19
f 1149/1569/20 1150/1574/20 512/1570/20
f 1149/1569/20 513/1571/20 516/1572/20
f 1150/1574/20 1153/1188/20 520/1277/20
f 1259/392/3 1272/1661/3 1269/1678/3
f 1269/1678/3 1270/236/3 1259/392/3
f 1258/261/3 1273/237/3 1270/236/3
f 1270/236/3 1255/1660/3 1258/261/3
f 1269/1678/3 1272/1661/3 1262/388/3
f 1262/388/3 1281/1654/3 1269/1678/3
f 1294/1676/3 1268/396/3 1281/1654/3
f 1281/1654/3 1290/1674/3 1294/1676/3
f 1290/1674/3 1341/188/3 1294/1676/3
f 1331/1705/3 1327/1706/3 1321/883/3
f 1321/883/3 1322/1702/3 1331/1705/3
f 1342/1708/3 1324/1716/3 1321/883/3
f 1321/883/3 1327/1706/3 1342/1708/3
f 1353/1709/3 1330/1719/3 1328/1704/3
f 1328/1704/3 1322/1702/3 1353/1709/3
f 1354/1710/3 1332/319/3 1311/1695/3
f 1311/1695/3 1310/309/3 1309/304/3
f 1309/304/3 1328/1704/3 1354/1710/3
f 1328/1704/3 1330/1719/3 1354/1710/3
f 1324/1716/3 1342/1708/3 1341/188/3
f 1323/272/3 1324/1716/3 1296/1655/3
f 1303/271/3 1340/409/3 1337/267/3
f 1323/272/3 1296/1655/3 1303/271/3
f 1342/1708/3 1329/1707/3 1295/404/3
f 1490/1849/16 1488/1868/16 1491/1850/16
f 1493/1855/8 1487/1874/8 1489/1856/8
f 1495/1862/18 1483/1879/18 1490/1859/18
f 1492/1854/7 1489/1853/7 1484/1863/7
f 1488/1865/17 1486/1877/17 1497/1866/17
f 1498/1870/9 1485/1883/9 1487/1871/9
f 1486/1875/15 1483/8201/15 1475/1876/15
f 1484/1880/10 1485/8202/10 175/1881/10
f 1587/2034/18 1561/1985/18 1577/1982/18
f 199/2036/7 1588/2084/7 1585/2037/7
f 1569/2028/16 1564/2054/16 1590/2041/16
f 202/2043/8 205/2072/8 1592/2044/8
f 1600/2041/16 1598/2042/16 1601/2053/16
f 1603/2058/8 1597/2044/8 1599/2045/8
f 1605/2062/18 1593/2077/18 1600/2060/18
f 1602/2057/7 1599/2056/7 1594/2063/7
f 1598/2067/17 1596/2075/17 1607/2068/17
f 1608/2069/9 1595/2081/9 1597/2070/9
f 1596/2073/15 1593/2097/15 1549/2074/15
f 1594/2078/10 1595/2100/10 190/2079/10
f 1617/2094/18 1615/2035/18 1590/2034/18
f 1610/2085/7 1589/2084/7 1616/2037/7
f 1619/2096/15 1613/2073/15 1615/2097/15
f 1616/2078/10 1614/2100/10 1620/2098/10
f 1613/2099/17 1565/2021/17 1611/2088/17
f 1614/2101/9 1592/2083/9 1609/2082/9
f 1627/2118/16 1576/4520/16 1624/2111/16
f 1628/2119/8 1588/2106/8 1622/2105/8
f 1630/2088/17 1627/2087/17 1626/2099/17
f 1632/2123/9 1625/2101/9 1628/2083/9
f 1626/2124/15 1586/2108/15 1623/2109/15
f 1621/2104/10 1585/2103/10 1625/2126/10
f 1668/2154/16 1666/2173/16 1669/2155/16
f 1671/2160/8 1665/2177/8 1667/2161/8
f 1673/2168/18 1662/2183/18 1668/2164/18
f 1670/2159/7 1667/2158/7 1663/2169/7
f 1666/2171/17 1661/2181/17 1675/2172/17
f 1676/2174/9 1664/2188/9 1665/2175/9
f 1661/2178/15 1662/8218/15 1274/2179/15
f 1663/2184/10 1664/8219/10 1655/2185/10
f 1758/2275/16 1756/2283/16 1759/2276/16
f 1761/2278/8 1755/2286/8 1757/2279/8
f 1763/2281/18 1754/2171/18 1758/2181/18
f 1760/2174/7 1757/2188/7 1751/2175/7
f 1756/2183/17 1753/2164/17 1765/2163/17
f 1766/2159/9 1752/2158/9 1755/2169/9
f 1754/2287/15 1288/2292/15 1293/2266/15
f 1734/2288/10 1751/2293/10 1752/2289/10
f 1774/2275/16 1772/2283/16 1775/2276/16
f 1777/2278/8 1771/2286/8 1773/2279/8
f 1779/2168/18 1767/2183/18 1774/2164/18
f 1776/2159/7 1773/2158/7 1768/2169/7
f 1772/2171/17 1770/2181/17 1781/2172/17
f 1782/2174/9 1769/2188/9 1771/2175/9
f 1770/1795/15 1767/2287/15 1297/2292/15
f 1768/2293/10 1769/2289/10 1748/2290/10
f 1355/2335/2 1326/2333/2 1844/2371/2
f 1848/2332/2 255/1595/2 265/2018/2
f 1846/2375/2 1848/2332/2 1847/2334/2
f 1339/2377/5 1355/8228/5 1843/2378/5
f 1847/2383/5 265/8230/5 259/2384/5
f 1845/2386/5 1847/2383/5 1851/2385/5
f 1319/2390/6 1338/4178/6 1852/8231/6
f 1852/8231/6 1844/2388/6 1319/2390/6
f 1854/2394/6 260/4186/6 255/2358/6
f 1853/2396/6 1854/2394/6 1848/2395/6
f 1852/2398/1 1338/2314/1 1339/2324/1
f 260/2310/1 1854/2312/1 1851/2325/1
f 1854/2312/1 1853/8234/1 1850/2402/1
f 2175/2413/1 1863/2414/1 1862/2415/1
f 2366/2411/1 1861/10/1 1860/2412/1
f 2175/2413/1 1862/2415/1 2366/2411/1
f 1863/2414/1 1865/2683/1 1864/15/1
f 2420/2421/1 1867/2417/1 2195/2416/1
f 2420/2421/1 2195/2416/1 2196/2911/1
f 1869/2420/1 1868/2423/1 2420/2421/1
f 2420/2421/1 2196/2911/1 2199/2419/1
f 1869/2420/1 1871/3209/1 1870/2422/1
f 1885/49/2 1878/2429/2 2363/2431/2
f 2363/2431/2 2356/2427/2 1885/49/2
f 1878/2429/2 1881/2669/2 1880/2432/2
f 1955/145/2 1954/146/2 1953/2465/2
f 1965/2474/2 1953/2465/2 1962/147/2
f 1962/147/2 1960/2472/2 1965/2474/2
f 1965/2474/2 1963/2473/2 1966/2478/2
f 1956/2481/2 1957/144/2 1952/2466/2
f 1952/2466/2 1964/2479/2 1956/2481/2
f 1981/1771/2 1973/1767/2 2002/2488/2
f 2003/2489/2 1982/2494/2 1981/1771/2
f 2006/2491/2 2002/2488/2 1973/1767/2
f 1973/1767/2 1980/2486/2 2006/2491/2
f 1994/2492/2 1985/2498/2 1984/2125/2
f 1972/2328/2 1981/1771/2 1982/2494/2
f 1998/2495/2 1999/2493/2 1972/2328/2
f 1999/2493/2 1984/2125/2 1972/2328/2
f 1986/2485/2 1975/1778/2 1990/2496/2
f 1991/2497/2 1987/2516/2 1986/2485/2
f 1995/2499/2 1990/2496/2 1975/1778/2
f 1975/1778/2 1984/2125/2 1995/2499/2
f 1983/2490/2 1980/2486/2 1989/2487/2
f 1992/2517/2 2010/2544/2 2009/2536/2
f 2009/2536/2 1987/2516/2 1992/2517/2
f 2011/2518/2 2010/2544/2 1992/2517/2
f 1993/2519/2 1990/2496/2 1995/2499/2
f 1996/2520/2 2012/2545/2 2011/2518/2
f 1993/2519/2 1995/2499/2 1996/2520/2
f 2026/2523/2 2012/2545/2 1996/2520/2
f 1996/2520/2 1997/2521/2 2026/2523/2
f 1997/2521/2 1994/2492/2 1999/2493/2
f 2000/2524/2 2014/2543/2 2013/2522/2
f 1997/2521/2 1999/2493/2 2000/2524/2
f 2015/2525/2 2014/2543/2 2000/2524/2
f 1982/2494/2 2003/2489/2 2004/2528/2
f 2004/2528/2 2023/2527/2 1982/2494/2
f 2023/2527/2 2001/2526/2 1982/2494/2
f 2017/2530/2 2016/2529/2 2004/2528/2
f 2005/2531/2 2002/2488/2 2006/2491/2
f 2007/2532/2 2018/2541/2 2017/2530/2
f 2005/2531/2 2006/2491/2 2007/2532/2
f 2019/2533/2 2018/2541/2 2007/2532/2
f 2008/2534/2 1983/2490/2 1988/2500/2
f 1988/2500/2 2020/2535/2 2008/2534/2
f 2143/2618/1 2119/2619/1 2118/2620/1
f 2160/2616/1 2117/9/1 2116/2617/1
f 2143/2618/1 2118/2620/1 2160/2616/1
f 2119/2619/1 2121/8250/1 2120/24/1
f 2123/2621/2 2114/2670/2 2110/2622/2
f 2088/2624/2 2093/2671/2 2125/2625/2
f 2140/2628/2 2126/8251/2 2127/2623/2
f 2127/2623/2 2109/2622/2 2140/2628/2
f 2084/2629/2 2089/2624/2 2129/2626/2
f 2133/187/2 2132/182/2 2131/2631/2
f 2132/182/2 2077/180/2 2081/20/2
f 2133/187/2 2130/2632/2 2101/2633/2
f 156/565/3 2134/2638/3 2132/2637/3
f 2132/2637/3 2133/2636/3 156/565/3
f 154/2639/3 152/548/3 2077/8252/3
f 2077/8252/3 2132/2637/3 154/2639/3
f 159/498/3 2135/2635/3 2133/2636/3
f 2139/2632/2 2138/2631/2 2137/2641/2
f 2138/2631/2 2080/20/2 2085/2629/2
f 2139/2632/2 2136/2628/2 2105/2627/2
f 2130/2636/3 2131/2637/3 2138/2642/3
f 2131/2637/3 2081/8252/3 2080/2644/3
f 2101/2640/3 2130/2636/3 2139/2643/3
f 2136/2643/3 2137/2642/3 2142/2647/3
f 2126/2648/3 2140/2651/3 2136/2643/3
f 2128/2650/3 2141/2646/3 2137/2642/3
f 2137/2642/3 2085/2644/3 2128/2650/3
f 2105/2645/3 2136/2643/3 2140/2651/3
f 2109/2652/3 2127/2648/3 2122/2653/3
f 2129/2650/3 2089/2649/3 2088/2655/3
f 2128/2657/5 2129/8253/5 2124/2658/5
f 2116/2660/6 2122/2604/6 2127/2605/6
f 2119/2662/3 2143/2661/3 2141/2646/3
f 2141/2646/3 2128/2650/3 2119/2662/3
f 2143/2661/3 2116/2653/3 2126/2648/3
f 2163/2665/1 2147/2666/1 2146/2668/1
f 2172/2663/1 2145/2682/1 2144/2664/1
f 2163/2665/1 2146/2668/1 2172/2663/1
f 2147/2666/1 2149/2596/1 2148/2667/1
f 2030/2669/2 2031/56/2 2113/2670/2
f 2092/2671/2 2032/21/2 2033/2426/2
f 2159/2672/3 2150/2548/3 2113/2547/3
f 2113/2547/3 2114/2654/3 2159/2672/3
f 2158/2674/3 2125/2656/3 2093/2655/3
f 2093/2655/3 2092/2550/3 2158/2674/3
f 2161/2616/1 2155/2620/1 2154/2666/1
f 2162/2665/1 2153/2664/1 2152/9/1
f 2161/2616/1 2154/2666/1 2162/2665/1
f 2155/2620/1 2157/24/1 2156/2596/1
f 2121/2659/5 2124/2658/5 2158/2676/5
f 2158/2676/5 2157/2430/5 2121/2659/5
f 2152/2616/6 2159/2677/6 2122/2604/6
f 2116/2660/6 2117/29/6 2152/2616/6
f 2155/2678/3 2161/2679/3 2160/2661/3
f 2118/2662/3 2120/2656/3 2157/2674/3
f 2155/2678/3 2160/2661/3 2118/2662/3
f 2161/2679/3 2152/2672/3 2117/2653/3
f 2157/2430/5 2158/2676/5 2151/2621/5
f 2151/2621/5 2149/186/5 2157/2430/5
f 2152/2616/6 2153/2665/6 2144/2664/6
f 2144/2664/6 2150/2609/6 2152/2616/6
f 2147/2680/3 2163/2681/3 2162/2679/3
f 2154/2678/3 2156/2674/3 2149/2673/3
f 2147/2680/3 2162/2679/3 2154/2678/3
f 2163/2681/3 2144/2548/3 2153/2672/3
f 2173/2663/1 2167/2668/1 2166/2414/1
f 2174/2413/1 2165/2412/1 2164/2682/1
f 2173/2663/1 2166/2414/1 2174/2413/1
f 2167/2668/1 2169/2667/1 2168/2683/1
f 2149/186/5 2151/2621/5 2170/2684/5
f 2170/2684/5 2169/2685/5 2149/186/5
f 2164/2687/6 2171/2686/6 2150/2609/6
f 2144/2664/6 2145/2682/6 2164/2687/6
f 2167/2689/3 2173/2690/3 2172/2681/3
f 2146/2680/3 2148/2673/3 2169/2688/3
f 2167/2689/3 2172/2681/3 2146/2680/3
f 2173/2690/3 2164/2549/3 2145/2548/3
f 2169/2685/5 2170/2684/5 1876/2632/5
f 1876/2632/5 1865/2691/5 2169/2685/5
f 1880/2614/6 1881/33/6 2171/2686/6
f 2171/2686/6 2164/2687/6 1880/2614/6
f 1863/2696/3 2175/2697/3 2174/2690/3
f 2166/2689/3 2168/2688/3 1865/2695/3
f 1863/2696/3 2174/2690/3 2166/2689/3
f 2175/2697/3 1860/3016/3 2165/2549/3
f 2179/2698/3 2178/2702/3 2177/2699/3
f 2178/2702/3 2182/8254/3 2181/8255/3
f 2181/8255/3 2180/2701/3 2178/2702/3
f 2187/2705/3 2183/8256/3 2186/8257/3
f 2186/8257/3 2185/2703/3 2187/2705/3
f 2184/2704/3 2190/8258/3 2189/8259/3
f 2189/8259/3 2241/2706/3 2184/2704/3
f 2194/2708/3 2193/8260/3 2192/2709/3
f 2198/2711/3 2197/2718/3 2196/2712/3
f 2197/2718/3 2305/2714/3 2200/2716/3
f 2200/2716/3 2199/2717/3 2197/2718/3
f 2210/2727/4 2211/8265/4 2193/8266/4
f 2193/8266/4 2213/2561/4 2210/2727/4
f 2215/2728/4 2214/8267/4 2192/2729/4
f 2209/2736/4 2218/8270/4 2217/2574/4
f 2217/2574/4 2198/2735/4 2209/2736/4
f 2181/2740/4 2225/8272/4 2190/2741/4
f 2231/2755/4 2182/2752/4 2243/2754/4
f 2243/2754/4 2233/2750/4 2231/2755/4
f 2201/2758/4 2237/8277/4 2194/2759/4
f 2191/2764/4 2240/8279/4 2189/2765/4
f 2255/2782/3 2254/2714/3 2253/2718/3
f 2253/2718/3 2244/2780/3 2255/2782/3
f 2257/2787/3 2250/8284/3 2249/3732/3
f 2249/3732/3 2258/2786/3 2257/2787/3
f 2265/2791/3 2264/8259/3 2259/2792/3
f 2261/2797/3 2262/8258/3 2268/8287/3
f 2268/8287/3 2271/2794/3 2261/2797/3
f 2191/108/2 2192/2864/2 2263/92/2
f 2263/92/2 2259/89/2 2191/108/2
f 2266/95/2 2233/101/2 2243/2875/2
f 2268/2880/1 2225/2902/1 2181/2969/1
f 2181/2969/1 2182/2878/1 2268/2880/1
f 2262/2815/6 2190/2856/6 2225/2898/6
f 2265/2417/1 2215/2418/1 2188/2915/1
f 2188/2915/1 2241/2416/1 2265/2417/1
f 2305/2906/5 2197/2779/5 2253/2774/5
f 2237/2910/5 2201/2777/5 2256/2769/5
f 2210/105/2 2212/93/2 2250/91/2
f 2193/2915/1 2194/2416/1 2258/2912/1
f 2258/2912/1 2249/2913/1 2193/2915/1
f 2255/2417/1 2251/2913/1 2218/2914/1
f 2198/108/2 2217/93/2 2244/91/2
f 2244/91/2 2253/2919/2 2198/108/2
f 2198/2923/6 2195/2857/6 2306/2958/6
f 2306/2958/6 2307/2921/6 2198/2923/6
f 2184/2924/5 2185/2939/5 2309/2925/5
f 2194/2910/5 2191/2776/5 2311/2928/5
f 2311/2928/5 2310/2929/5 2194/2910/5
f 2313/2734/4 2307/2733/4 2310/2760/4
f 2310/2760/4 2311/2766/4 2312/2931/4
f 2312/2931/4 2308/2930/4 2309/8314/4
f 2309/8314/4 2315/2932/4 2312/2931/4
f 2183/105/2 2187/2864/2 2312/2942/2
f 2312/2942/2 2314/2934/2 2183/105/2
f 2186/2418/1 2205/8315/1 2315/8316/1
f 2315/8316/1 2309/2936/1 2186/2418/1
f 2206/2856/6 2314/2944/6 2315/2940/6
f 2219/108/2 2307/2937/2 2313/2942/2
f 2188/2943/6 2192/8317/6 2312/2944/6
f 2313/2921/6 2312/2944/6 2192/8317/6
f 2313/2921/6 2192/8317/6 2193/2945/6
f 2211/2946/6 2208/2922/6 2313/2921/6
f 2307/2733/4 2306/3152/4 2331/2991/4
f 2331/2991/4 2332/2963/4 2307/2733/4
f 2339/2742/4 2308/2930/4 2311/2766/4
f 2311/2766/4 2333/2964/4 2339/2742/4
f 2338/2965/4 2337/8321/4 2336/2966/4
f 2336/2966/4 2337/8321/4 2340/8322/4
f 2340/8322/4 2339/2742/4 2336/2966/4
f 2190/2902/1 2184/2416/1 2308/2936/1
f 2308/2936/1 2339/2968/1 2190/2902/1
f 2337/2972/1 2338/2970/1 2220/2879/1
f 2303/2420/1 2226/2969/1 2337/2972/1
f 2226/2969/1 2340/2968/1 2337/2972/1
f 2182/2973/5 2178/2939/5 2336/2925/5
f 2336/2925/5 2334/2926/5 2182/2973/5
f 2180/2956/6 2181/2898/6 2339/2944/6
f 2339/2944/6 2340/2974/6 2180/2956/6
f 2235/2976/5 2338/8323/5 2335/2925/5
f 2179/2867/2 2229/8324/2 2335/8325/2
f 2335/8325/2 2336/2977/2 2179/2867/2
f 2201/2911/1 2236/2416/1 2310/2936/1
f 2310/2936/1 2332/2979/1 2201/2911/1
f 2234/2924/5 2334/2926/5 2333/2928/5
f 2189/94/2 2238/2978/2 2333/2977/2
f 2333/2977/2 2311/2937/2 2189/94/2
f 2200/2777/5 2332/2929/5 2331/2955/5
f 2362/3007/4 2359/2598/4 14/2998/4
f 14/2998/4 1876/3006/4 2362/3007/4
f 20/1845/4 2357/3005/4 2359/2598/4
f 2359/2598/4 2358/2615/4 20/1845/4
f 2362/3007/4 2356/2319/4 2363/3012/4
f 2361/3013/4 2363/3012/4 1877/8327/4
f 1877/8327/4 1880/8328/4 2361/3013/4
f 1880/8328/4 7/3014/4 2361/3013/4
f 1862/2696/3 1864/2695/3 2365/4607/3
f 2365/4607/3 2364/1861/3 1862/2696/3
f 2366/2697/3 2364/1861/3 2367/3015/3
f 1865/2691/5 1876/2632/5 14/3001/5
f 14/3001/5 2365/3019/5 1865/2691/5
f 1860/2693/6 1861/2613/6 2367/3017/6
f 2367/3017/6 7/3021/6 1860/2693/6
f 2195/3152/4 1866/8339/4 2407/3153/4
f 2404/3156/4 2402/8341/4 2412/3157/4
f 2401/1379/4 2398/8342/4 2414/3159/4
f 2416/3170/4 2397/3166/4 1869/3168/4
f 1869/3168/4 2199/2991/4 2416/3170/4
f 2418/3171/3 2417/8345/3 2395/3172/3
f 1868/3175/3 1870/2986/3 2396/8346/3
f 2396/8346/3 2424/3173/3 1868/3175/3
f 2420/2984/3 2419/3174/3 2421/3176/3
f 2423/3178/3 2422/8347/3 2399/3179/3
f 1867/2814/6 2421/3140/6 2407/3145/6
f 2397/101/2 2416/94/2 2424/89/2
f 2401/101/2 2413/94/2 2418/89/2
f 2395/2422/1 2417/2880/1 2414/2902/1
f 2404/101/2 2411/94/2 2423/89/2
f 2399/2422/1 2422/2880/1 2412/2902/1
f 2331/2991/4 2306/3152/4 2430/3210/4
f 2415/3214/5 2199/2778/5 2331/2955/5
f 2331/2955/5 2429/3212/5 2415/3214/5
f 2405/3145/6 2408/8361/6 2430/8362/6
f 2430/8362/6 2306/2958/6 2405/3145/6
f 2409/103/2 2429/8363/2 2430/2937/2
f 2699/3774/5 2691/8424/5 3003/2854/5
f 3003/2854/5 2980/2853/5 2699/3774/5
f 3003/2854/5 3004/3781/5 3002/3742/5
f 2650/3946/6 2681/3909/6 2977/2852/6
f 2977/2852/6 3005/2569/6 2650/3946/6
f 3005/2569/6 2977/2852/6 2978/3924/6
f 2692/3671/1 3005/3798/1 3003/3928/1
f 3005/3798/1 3006/3741/1 3004/3791/1
f 2736/3948/6 2787/8422/6 3007/3910/6
f 3007/3910/6 3008/3898/6 2736/3948/6
f 3008/3898/6 3007/3910/6 3010/3018/6
f 2788/3949/2 2964/3952/2 3007/3950/2
f 2964/3952/2 2973/3990/2 3010/3953/2
f 2776/3773/1 3008/3954/1 2955/3770/1
f 3008/3954/1 3009/3944/1 2960/3955/1
f 3736/4647/6 3735/8458/6 3734/4649/6
f 3734/4649/6 3712/4645/6 3736/4647/6
f 3739/4648/5 3738/4681/5 3734/4649/5
f 3711/4651/6 3741/4685/6 3740/4652/6
f 3734/4655/22 3738/8459/22 3741/8460/22
f 3741/8460/22 3711/4653/22 3734/4655/22
f 3734/4658/4 3735/8461/4 3743/4671/4
f 3743/4671/4 3742/4656/4 3734/4658/4
f 3745/4659/2 3744/4673/2 3736/1235/2
f 3743/4661/23 3735/8462/23 3736/4662/23
f 3733/4666/2 3731/4690/2 3739/4686/2
f 3739/4686/2 3737/4664/2 3733/4666/2
f 3747/4670/4 3746/4696/4 3742/4656/4
f 3749/4672/2 3748/4702/2 3744/4673/2
f 3747/4674/23 3743/4661/23 3744/4663/23
f 3726/4676/2 3733/4666/2 3742/4665/2
f 3738/4681/5 3739/4648/5 3665/4682/5
f 3662/4684/6 3658/4633/6 3740/4652/6
f 3738/4686/2 3661/4689/2 3662/4687/2
f 3731/4690/2 3729/4717/2 3750/8465/2
f 3750/8465/2 3665/4689/2 3731/4690/2
f 3751/4685/6 3668/4684/6 3664/8466/6
f 3664/8466/6 3753/4691/6 3751/4685/6
f 3754/4694/5 3714/5628/5 3715/4651/5
f 3715/4651/5 3752/4692/5 3754/4694/5
f 3755/4700/4 3752/4697/4 3757/4699/4
f 3757/4699/4 3763/4695/4 3747/4670/4
f 3714/4701/2 3754/1297/2 3748/4702/2
f 3755/4703/23 3747/4674/23 3748/4675/23
f 3762/4709/2 3757/8467/2 3753/4708/2
f 3753/4708/2 3664/4706/2 3760/4705/2
f 3760/4705/2 3756/4707/2 3759/4710/2
f 3763/4715/2 3757/8467/2 3762/4709/2
f 3746/4677/2 3763/4715/2 3761/4716/2
f 3758/4711/2 3759/4710/2 3750/8465/2
f 3729/4717/2 3726/4676/2 3761/4716/2
f 3758/4711/2 3750/8465/2 3729/4717/2
f 3764/4681/5 3716/4645/5 3720/4625/5
f 3720/4625/5 3670/4635/5 3764/4681/5
f 3764/4718/2 3667/8469/2 3668/4706/2
f 3752/4722/22 3715/8470/22 3716/8471/22
f 3716/8471/22 3764/4720/22 3752/4722/22
f 2450/5305/1 2468/3803/1 4260/1131/1
f 4260/1131/1 4259/1204/1 2450/5305/1
f 4270/5282/2 4269/5283/2 4268/5340/2
f 2467/2615/6 4268/5752/6 4260/5343/6
f 4527/4761/1 4302/5737/1 4259/1204/1
f 4259/1204/1 4260/1131/1 4527/4761/1
f 4323/5383/1 4320/5671/1 4085/4813/1
f 4085/4813/1 4313/5374/1 4323/5383/1
f 4082/5385/1 4320/5671/1 4323/5383/1
f 4323/5383/1 4322/5384/1 4082/5385/1
f 4322/5384/1 4317/8518/1 4318/5784/1
f 4327/5386/1 4324/5807/1 4321/4818/1
f 4322/5384/1 4318/5784/1 4327/5386/1
f 4079/5387/1 4324/5807/1 4327/5386/1
f 4327/5386/1 4326/1137/1 4079/5387/1
f 4326/1137/1 4309/4751/1 4310/8519/1
f 4310/8519/1 4089/5388/1 4326/1137/1
f 4348/5409/4 4501/8520/4 4499/5407/4
f 4497/5408/4 4349/5413/4 4348/5409/4
f 4347/5410/4 4346/5421/4 4356/5411/4
f 4503/5412/4 4501/8520/4 4347/5410/4
f 4501/8520/4 4348/5409/4 4347/5410/4
f 4350/5415/4 4348/5409/4 4349/5413/4
f 4362/5414/4 4351/5427/4 4350/5415/4
f 4354/5420/4 4353/5416/4 4357/5418/4
f 4355/5419/4 4346/5421/4 4354/5420/4
f 4363/5426/4 4359/5425/4 4365/5428/4
f 4365/5428/4 4364/5429/4 4363/5426/4
f 4368/5432/4 4485/8521/4 4483/5430/4
f 4481/5431/4 4369/5436/4 4368/5432/4
f 4367/5433/4 4366/5450/4 4380/5434/4
f 4487/5435/4 4485/8521/4 4367/5433/4
f 4485/8521/4 4368/5432/4 4367/5433/4
f 4370/5438/4 4368/5432/4 4369/5436/4
f 4386/5437/4 4371/5456/4 4370/5438/4
f 4373/5440/4 4492/8522/4 4494/5439/4
f 4358/5422/4 4352/5417/4 4373/5440/4
f 4372/5441/4 4374/8523/4 4488/5442/4
f 4490/5443/4 4492/8522/4 4372/5441/4
f 4492/8522/4 4373/5440/4 4372/5441/4
f 4361/5423/4 4374/8523/4 4372/5441/4
f 4372/5441/4 4375/5444/4 4361/5423/4
f 4378/5449/4 4377/5445/4 4381/5447/4
f 4379/5448/4 4366/5450/4 4378/5449/4
f 4387/5455/4 4383/5454/4 4389/5457/4
f 4389/5457/4 4388/5458/4 4387/5455/4
f 4392/5461/4 4517/8524/4 4515/5459/4
f 4513/5460/4 4393/5465/4 4392/5461/4
f 4391/5462/4 4390/5479/4 4404/5463/4
f 4519/5464/4 4517/8524/4 4391/5462/4
f 4517/8524/4 4392/5461/4 4391/5462/4
f 4394/5467/4 4392/5461/4 4393/5465/4
f 4410/5466/4 4395/5485/4 4394/5467/4
f 4397/5469/4 4476/8525/4 4478/5468/4
f 4382/5451/4 4376/5446/4 4397/5469/4
f 4396/5470/4 4398/8526/4 4472/5471/4
f 4474/5472/4 4476/8525/4 4396/5470/4
f 4476/8525/4 4397/5469/4 4396/5470/4
f 4385/5452/4 4398/8526/4 4396/5470/4
f 4396/5470/4 4399/5473/4 4385/5452/4
f 4402/5478/4 4401/5474/4 4405/5476/4
f 4403/5477/4 4390/5479/4 4402/5478/4
f 4411/5484/4 4407/5483/4 4413/5486/4
f 4413/5486/4 4412/5487/4 4411/5484/4
f 4415/5489/4 4508/8527/4 4510/5488/4
f 4406/5480/4 4400/5475/4 4415/5489/4
f 4414/5490/4 4416/8528/4 4504/5491/4
f 4506/5492/4 4508/8527/4 4414/5490/4
f 4508/8527/4 4415/5489/4 4414/5490/4
f 4409/5481/4 4416/8528/4 4414/5490/4
f 4414/5490/4 4417/5493/4 4409/5481/4
f 4421/5496/3 4420/8529/3 4419/8530/3
f 4419/8530/3 4418/8531/3 4421/5496/3
f 4418/8531/3 4423/5494/3 4421/5496/3
f 4423/5494/3 4427/8532/3 4426/5499/3
f 4426/5499/3 4425/5497/3 4422/5495/3
f 4431/5502/3 4430/8533/3 4429/8534/3
f 4429/8534/3 4428/8535/3 4431/5502/3
f 4428/8535/3 4433/5500/3 4431/5502/3
f 4433/5500/3 4437/8536/3 4436/5505/3
f 4436/5505/3 4435/5503/3 4432/5501/3
f 4441/5508/3 4440/8537/3 4439/8538/3
f 4439/8538/3 4438/8539/3 4441/5508/3
f 4438/8539/3 4443/5506/3 4441/5508/3
f 4443/5506/3 4447/8540/3 4446/5511/3
f 4446/5511/3 4445/5509/3 4442/5507/3
f 4412/5569/5 4413/5670/5 4419/5570/5
f 4388/5572/5 4389/938/5 4429/5573/5
f 4364/930/5 4365/5642/5 4439/5575/5
f 4425/5577/6 4426/8560/6 4401/5578/6
f 4435/5579/6 4436/8561/6 4377/5580/6
f 4445/5581/6 4446/8562/6 4353/1055/6
f 4396/1054/2 4397/1137/2 4433/5581/2
f 4433/5581/2 4428/5579/2 4396/1054/2
f 4432/5576/1 4434/8563/1 4367/1182/1
f 4367/1182/1 4368/1251/1 4432/5576/1
f 4372/1054/2 4373/1137/2 4443/5581/2
f 4443/5581/2 4438/5579/2 4372/1054/2
f 4442/5576/1 4444/8563/1 4347/1182/1
f 4347/1182/1 4348/1251/1 4442/5576/1
f 4351/5585/13 4364/8564/13 4440/8565/13
f 4440/8565/13 4441/5583/13 4351/5585/13
f 4352/5588/12 4353/8566/12 4446/8567/12
f 4446/8567/12 4447/5586/12 4352/5588/12
f 4346/5591/11 4347/1106/11 4444/5604/11
f 4444/5604/11 4445/5589/11 4346/5591/11
f 4360/5594/14 4375/8568/14 4438/8569/14
f 4438/8569/14 4439/5592/14 4360/5594/14
f 4371/5597/13 4388/8570/13 4430/8571/13
f 4430/8571/13 4431/5595/13 4371/5597/13
f 4376/5600/12 4377/8572/12 4436/8573/12
f 4436/8573/12 4437/5598/12 4376/5600/12
f 4366/5603/11 4367/8574/11 4434/8575/11
f 4434/8575/11 4435/5601/11 4366/5603/11
f 4384/5605/14 4399/8576/14 4428/8577/14
f 4428/8577/14 4429/5604/14 4384/5605/14
f 4414/1054/2 4415/1137/2 4423/5581/2
f 4423/5581/2 4418/5579/2 4414/1054/2
f 4422/5576/1 4424/8563/1 4391/1182/1
f 4391/1182/1 4392/1251/1 4422/5576/1
f 4395/5608/13 4412/8578/13 4420/8579/13
f 4420/8579/13 4421/5606/13 4395/5608/13
f 4400/5611/12 4401/8580/12 4426/8581/12
f 4426/8581/12 4427/5609/12 4400/5611/12
f 4390/5614/11 4391/8582/11 4424/8583/11
f 4424/8583/11 4425/5612/11 4390/5614/11
f 4408/5617/14 4417/8584/14 4418/8585/14
f 4418/8585/14 4419/5615/14 4408/5617/14
f 4398/1054/2 4385/5384/2 4046/4818/2
f 4046/4818/2 4473/5618/2 4398/1054/2
f 4475/5622/2 4477/4651/2 4476/5623/2
f 4479/5628/2 4045/4764/2 4382/1137/2
f 4369/1251/1 4481/8589/1 4480/8590/1
f 4480/8590/1 4050/5630/1 4369/1251/1
f 4483/5634/1 4485/5641/1 4484/4645/1
f 4487/5639/1 4380/1182/1 4042/5640/1
f 4374/1054/2 4361/5384/2 4022/4818/2
f 4022/4818/2 4489/5618/2 4374/1054/2
f 4491/5622/2 4493/4651/2 4492/5623/2
f 4495/5628/2 4021/4764/2 4358/1137/2
f 4349/1251/1 4497/8589/1 4496/8590/1
f 4496/8590/1 4026/5630/1 4349/1251/1
f 4003/4625/1 4498/5635/1 4499/5634/1
f 4499/5634/1 4501/5641/1 4003/4625/1
f 4503/5639/1 4356/1182/1 4018/5640/1
f 4027/4624/5 4024/6489/5 4359/5642/5
f 4355/920/6 4357/1055/6 4020/5643/6
f 4362/5644/13 4026/8594/13 4027/5645/13
f 4359/5647/14 4024/8595/14 4022/5648/14
f 4355/5650/11 4019/8596/11 4018/5651/11
f 4358/5653/12 4021/8597/12 4020/5654/12
f 4051/5630/5 4048/4620/5 4383/938/5
f 4379/5384/6 4381/5580/6 4044/5656/6
f 4386/5657/13 4050/8598/13 4051/5658/13
f 4383/5660/14 4048/8599/14 4046/5661/14
f 4379/5663/11 4043/8600/11 4042/5664/11
f 4382/5666/12 4045/8601/12 4044/5667/12
f 4416/1054/2 4409/5384/2 4070/4818/2
f 4070/4818/2 4505/5618/2 4416/1054/2
f 4507/5622/2 4509/4651/2 4508/5623/2
f 4511/5628/2 4069/4764/2 4406/1137/2
f 4393/1251/1 4513/8589/1 4512/8590/1
f 4512/8590/1 4074/5630/1 4393/1251/1
f 4515/5634/1 4517/5641/1 4516/4645/1
f 4519/5639/1 4404/1182/1 4066/5640/1
f 4075/5669/5 4072/8602/5 4407/5670/5
f 4403/5383/6 4405/5578/6 4068/4813/6
f 4410/5672/13 4074/8603/13 4075/5673/13
f 4407/5675/14 4072/8604/14 4070/5676/14
f 4403/5678/11 4067/8605/11 4066/5679/11
f 4406/5681/12 4069/8606/12 4068/5682/12
f 4525/5695/6 4524/2613/6 4089/5696/6
f 4302/5705/3 4527/8611/3 4523/8612/3
f 4523/8612/3 4521/5703/3 4302/5705/3
f 4520/5709/24 4521/8613/24 4523/8614/24
f 4523/8614/24 4522/5707/24 4520/5709/24
f 4306/5714/3 4532/8617/3 4530/5715/3
f 4529/5720/24 4530/8618/24 4532/8619/24
f 4532/8619/24 4531/5718/24 4529/5720/24
f 4313/5690/5 4085/4811/5 4086/3020/5
f 4546/5739/1 4098/5388/1 4545/4618/1
f 4546/5739/1 4549/8519/1 4548/4757/1
f 4553/4750/1 4547/5744/1 4098/5388/1
f 4546/5739/1 4548/4757/1 4553/4750/1
f 4553/4750/1 4552/1279/1 4097/5743/1
f 4552/1279/1 4555/8623/1 4554/8624/1
f 4554/8624/1 4100/5745/1 4552/1279/1
f 4586/5749/2 4558/4625/2 4088/8626/2
f 4088/8626/2 4268/5340/2 4586/5749/2
f 4268/5752/6 4088/5750/6 4525/5695/6
f 4303/5751/6 4260/5343/6 4268/5752/6
f 4543/5768/3 4566/8631/3 4565/8632/3
f 4565/8632/3 4563/5766/3 4543/5768/3
f 4562/5772/24 4563/8633/24 4565/8634/24
f 4565/8634/24 4564/5770/24 4562/5772/24
f 4539/5777/3 4542/5813/3 4570/5778/3
f 4537/5782/24 4539/8637/24 4569/8638/24
f 4568/5780/24 4546/8639/24 4536/5781/24
f 4537/5782/24 4569/8638/24 4568/5780/24
f 4537/5793/3 4535/5114/3 4582/8640/3
f 4582/8640/3 4581/5792/3 4537/5793/3
f 4581/5792/3 4582/8640/3 4583/5113/3
f 4583/5113/3 4580/5119/3 4581/5792/3
f 4580/5119/3 4576/5794/3 4581/5792/3
f 4103/4945/5 4591/8643/5 4579/1529/5
f 4579/1529/5 4580/8644/5 4583/5754/5
f 4583/5754/5 4099/5753/5 4103/4945/5
f 4582/5788/1 4535/8645/1 4536/919/1
f 4536/919/1 4545/4618/1 4099/5807/1
f 4099/5807/1 4583/5784/1 4582/5788/1
f 4579/5810/5 4591/8429/5 4597/5811/5
f 4542/5813/3 4578/5795/3 4595/5814/3
f 4576/5818/25 4579/8647/25 4593/8648/25
f 4594/5816/25 4595/8649/25 4578/5817/25
f 4576/5818/25 4593/8648/25 4594/5816/25
f 4593/5812/5 4597/5811/5 4104/8650/5
f 4104/8650/5 4571/5820/5 4593/5812/5
f 4571/5820/5 4104/8650/5 4606/5829/5
f 4541/5831/3 4575/8654/3 4604/5832/3
f 4573/5836/25 4571/8655/25 4602/8656/25
f 4603/5834/25 4604/8657/25 4575/5835/25
f 4573/5836/25 4602/8656/25 4603/5834/25
f 4602/5830/5 4606/5829/5 4108/7786/5
f 4108/7786/5 4608/5837/5 4602/5830/5
f 4612/4056/2 4611/4054/2 4610/2424/2
f 4616/4052/2 4615/4050/2 4614/4053/2
f 4620/4048/2 4619/4046/2 4618/4049/2
f 4624/4044/2 4623/1565/2 4622/4045/2
f 4628/4041/2 4627/4037/2 4626/4042/2
f 4632/4038/2 4631/14/2 4630/4034/2
f 4740/5846/2 4635/2682/2 4634/10/2
f 4634/10/2 4743/5845/2 4740/5846/2
f 4739/1554/2 4636/2668/2 4633/2415/2
f 4633/2415/2 4631/14/2 4739/1554/2
f 4631/14/2 4632/4038/2 4739/1554/2
f 4641/4060/2 4640/4062/2 4639/2454/2
f 4645/4059/2 4644/4057/2 4643/2451/2
f 4649/4340/2 4648/4355/2 4647/4338/2
f 4653/4320/2 4652/4337/2 4651/4318/2
f 4657/4300/2 4656/4317/2 4655/4298/2
f 4661/4280/2 4660/4297/2 4659/4278/2
f 4665/4260/2 4664/4277/2 4663/4258/2
f 4669/4240/2 4668/4257/2 4667/4238/2
f 4673/4220/2 4672/4237/2 4671/4216/2
f 4677/5847/2 4676/4077/2 4675/4215/2
f 4734/4080/2 4680/5849/2 4679/4186/2
f 4679/4186/2 4678/4189/2 4734/4080/2
f 4731/4086/2 4681/4689/2 4678/4189/2
f 4678/4189/2 4682/4188/2 4731/4086/2
f 4730/4085/2 4683/5848/2 4682/4188/2
f 4682/4188/2 4684/4150/2 4730/4085/2
f 4684/4150/2 4688/4149/2 4730/4085/2
f 4674/4214/2 4686/2361/2 4679/4186/2
f 4679/4186/2 4680/5849/2 4674/4214/2
f 4689/67/2 4685/69/2 4688/4149/2
f 4693/4482/2 4692/4497/2 4691/4480/2
f 4697/1741/2 4696/4479/2 4695/4463/2
f 4701/2245/2 4700/4462/2 4699/4447/2
f 4705/4431/2 4704/4446/2 4703/4429/2
f 4709/4413/2 4708/4428/2 4707/4411/2
f 4713/4395/2 4712/4410/2 4711/4393/2
f 4717/4378/2 4716/4392/2 4715/4376/2
f 4721/4360/2 4720/4375/2 4719/4356/2
f 4780/5851/2 4722/8661/2 4725/4551/2
f 4725/4551/2 4724/4552/2 4780/5851/2
f 4779/4524/2 4723/5850/2 4724/4552/2
f 4724/4552/2 4727/4498/2 4779/4524/2
f 4725/4551/2 4722/8661/2 4729/5852/2
f 3140/2481/3 4732/5853/3 4683/5855/3
f 4683/5855/3 4730/5856/3 3140/2481/3
f 3663/4570/3 3666/4569/3 3137/4571/3
f 4681/5859/3 4731/5854/3 3142/4612/3
f 4681/5859/3 3142/4612/3 3657/4561/3
f 3663/4570/3 4734/5858/3 4681/5859/3
f 4681/5859/3 3657/4561/3 3660/4560/3
f 3134/5861/3 4676/6014/3 4677/8662/3
f 4677/8662/3 4680/5860/3 3134/5861/3
f 4685/5862/3 4689/5947/3 3127/5946/3
f 3127/5946/3 4733/5857/3 4685/5862/3
f 4736/2144/4 4735/3461/4 3589/3340/4
f 3599/3341/4 3138/4749/4 4736/2144/4
f 3084/5864/5 3050/1220/5 4637/1280/5
f 4636/3328/4 4739/3322/4 4738/3324/4
f 4738/3324/4 3046/5866/4 4636/3328/4
f 4635/3338/4 4740/3333/4 4737/3334/4
f 4737/3334/4 3047/5867/4 4635/3338/4
f 4739/3322/4 4637/3325/4 3050/3326/4
f 4634/5873/3 4742/5870/3 3020/5869/3
f 3041/4611/3 3707/5871/3 4634/5873/3
f 3707/5871/3 4743/5872/3 4634/5873/3
f 3013/5874/3 3014/8663/3 3027/5875/3
f 4633/5877/3 4743/5872/3 4744/4610/3
f 3032/4609/3 3013/5874/3 4633/5877/3
f 3013/5874/3 4631/5876/3 4633/5877/3
f 3786/5878/3 3045/5979/3 3019/5879/3
f 3785/5880/3 3786/5878/3 4745/3094/3
f 4745/3094/3 4742/5870/3 3785/5880/3
f 3074/5881/3 3082/6123/3 4747/6124/3
f 4747/6124/3 4748/1726/3 3074/5881/3
f 4630/5882/3 4631/5876/3 3027/5875/3
f 3139/4619/6 4748/4760/6 4736/4806/6
f 3109/5884/6 3107/8664/6 4615/5885/6
f 4617/5887/5 4618/8161/5 3099/5888/5
f 3097/5890/6 3095/1253/6 4623/4807/6
f 4625/5892/5 4626/8665/5 3086/5893/5
f 3091/5895/6 3089/8666/6 4627/5896/6
f 4629/5865/5 4630/5400/5 3088/4624/5
f 4629/5898/4 3083/5900/4 3084/3326/4
f 4625/5899/4 3090/5908/4 3091/5900/4
f 4627/5882/3 3089/5883/3 3086/5901/3
f 3103/5903/6 3101/8667/6 4619/1621/6
f 4621/5905/5 4622/1280/5 3093/1220/5
f 4621/5907/4 3096/5912/4 3097/5908/4
f 4623/5902/3 3095/5901/3 3093/5909/3
f 4617/5911/4 3102/5927/4 3103/5912/4
f 4619/5910/3 3101/5909/3 3099/5913/3
f 3120/5915/6 3118/8668/6 4644/5916/6
f 4609/5918/5 4610/8669/5 3111/5919/5
f 3115/5921/6 3113/8670/6 4611/5922/6
f 4613/5924/5 4614/8671/5 3105/5925/5
f 4613/3318/4 3108/3320/4 3109/5927/4
f 4615/5914/3 3107/5913/3 3105/5928/3
f 4609/5930/4 3114/5939/4 3115/3320/4
f 4611/5929/3 3113/5928/3 3111/5931/3
f 3126/5933/6 3124/8672/6 4640/5934/6
f 4642/5936/5 4643/8673/5 3117/5937/5
f 4642/3321/4 3119/3319/4 3120/5939/4
f 4644/5932/3 3118/5931/3 3117/5940/3
f 4638/5942/5 4639/8674/5 3122/5943/5
f 4638/5945/4 3125/2455/4 3126/3319/4
f 4640/5941/3 3124/5940/3 3122/5946/3
f 4686/2322/5 4674/6011/5 3276/5980/5
f 3253/1592/6 3207/5982/6 4688/5981/6
f 3208/5982/6 3127/4634/6 4689/4806/6
f 4688/5983/4 3207/73/4 3208/2455/4
f 4678/5984/4 4679/5988/4 3251/5985/4
f 4682/5987/4 4678/5984/4 3254/5986/4
f 4682/5987/4 3252/124/4 3253/73/4
f 4679/5988/4 4686/6012/4 3250/5989/4
f 3653/1996/6 3621/2211/6 4726/2334/6
f 4692/5990/5 4693/8675/5 3568/5991/5
f 3447/5993/6 3431/8676/6 4718/4809/6
f 4648/5995/5 4649/8677/5 3410/5996/5
f 3364/5998/6 3346/8678/6 4658/4810/6
f 4664/6000/5 4665/8679/5 3322/6001/5
f 3320/6003/6 3302/1592/6 4666/2018/6
f 4672/6005/5 4673/8680/5 3278/6006/5
f 3298/6008/6 3280/8681/6 4670/6009/6
f 4675/6011/5 4676/4786/5 3134/4787/5
f 4675/3303/4 3275/3305/4 3276/5989/4
f 4672/6013/4 3297/6021/4 3298/3305/4
f 4670/6014/3 3280/5861/3 3278/2535/3
f 3342/6016/6 3324/8682/6 4662/6017/6
f 4668/6019/5 4669/2322/5 3300/1994/5
f 4668/3306/4 3319/3304/4 3320/6021/4
f 4666/6015/3 3302/2535/3 3300/5962/3
f 4664/6023/4 3341/6036/4 3342/3304/4
f 4662/6022/3 3324/5962/3 3322/5970/3
f 3408/6024/6 3390/2219/6 4650/4827/6
f 4656/6026/5 4657/8683/5 3366/6027/5
f 3386/6029/6 3368/8684/6 4654/6030/6
f 4660/6032/5 4661/8685/5 3344/6033/5
f 4660/6035/4 3363/6039/4 3364/6036/4
f 4658/5963/3 3346/5970/3 3344/2533/3
f 4656/6038/4 3385/6047/4 3386/6039/4
f 4654/6037/3 3368/2533/3 3366/6040/3
f 3427/6041/6 3411/8686/6 4646/6042/6
f 4652/6044/5 4653/8687/5 3388/1991/5
f 4652/6046/4 3407/6049/4 3408/6047/4
f 4650/5973/3 3390/6040/3 3388/5971/3
f 4648/3299/4 3426/3301/4 3427/6049/4
f 4646/6048/3 3411/5971/3 3410/5972/3
f 3527/6051/6 3511/8688/6 4702/1951/6
f 4708/6053/5 4709/2193/5 3489/6054/5
f 3487/6056/6 3471/2215/6 4710/1981/6
f 4716/6058/5 4717/8689/5 3449/6059/5
f 3467/6061/6 3451/8690/6 4714/6062/6
f 4720/6064/5 4721/8691/5 3429/6065/5
f 4720/6067/4 3446/6069/4 3447/3301/4
f 4718/6050/3 3431/5972/3 3429/5967/3
f 4716/3302/4 3466/3300/4 3467/6069/4
f 4714/6068/3 3451/5967/3 3449/5968/3
f 3507/6071/6 3491/8692/6 4706/1954/6
f 4712/6073/5 4713/2400/5 3469/1984/5
f 4712/6075/4 3486/4395/4 3487/3300/4
f 4710/6070/3 3471/5968/3 3469/2529/3
f 4708/1754/4 3506/6088/4 3507/4395/4
f 4706/5969/3 3491/2529/3 3489/2527/3
f 3566/6076/6 3550/2020/6 4694/1950/6
f 4700/6078/5 4701/8693/5 3529/6079/5
f 3547/6081/6 3531/8694/6 4698/6082/6
f 4704/6084/5 4705/2217/5 3509/6085/5
f 4704/6087/4 3526/6090/4 3527/6088/4
f 4702/1810/3 3511/2527/3 3509/6089/3
f 4700/2250/4 3546/2238/4 3547/6090/4
f 4698/5976/3 3531/6089/3 3529/2525/3
f 3586/6091/6 3570/8695/6 4690/6092/6
f 4696/6094/5 4697/2208/5 3549/1983/5
f 4696/3295/4 3565/3297/4 3566/2238/4
f 4694/2329/3 3550/2525/3 3549/5974/3
f 4692/4498/4 3585/6121/4 3586/3297/4
f 4690/6096/3 3570/5974/3 3568/6097/3
f 4724/4552/4 4725/4551/4 3651/6119/4
f 4724/4552/4 3652/6120/4 3653/6121/4
f 4725/4551/4 4728/3461/4 3650/5863/4
f 3612/2545/3 4779/1732/3 4778/5975/3
f 4723/6122/3 4779/1732/3 3612/2545/3
f 3771/4731/3 4777/4730/3 4723/6122/3
f 4777/4730/3 4780/1730/3 4723/6122/3
f 4722/6125/3 4780/1730/3 3602/4729/3
f 3596/6126/3 3592/5881/3 4722/6125/3
f 3592/5881/3 4729/6124/3 4722/6125/3
f 3615/6127/3 4778/5975/3 4779/1732/3
f 4779/1732/3 4726/6098/3 3615/6127/3
f 4790/3976/5 4783/6129/5 4782/6128/5
f 4782/6128/5 2607/3815/5 4790/3976/5
f 4787/185/5 4785/2429/5 4784/8696/5
f 4784/8696/5 4782/6128/5 4787/185/5
f 4788/2684/5 4785/2429/5 4787/185/5
f 2591/3819/5 4791/3982/5 4789/6135/5
f 4789/6135/5 4790/3976/5 2591/3819/5
f 4789/6135/5 4791/3982/5 2539/153/5
f 2539/153/5 4793/6134/5 4789/6135/5
f 4786/2685/5 4792/1323/5 4793/6134/5
f 4793/6134/5 4794/50/5 4786/2685/5
f 4804/5300/5 4797/915/5 4796/4758/5
f 4796/4758/5 2534/4755/5 4804/5300/5
f 4801/1619/5 4799/8699/5 4798/4806/5
f 4798/4806/5 4796/4758/5 4801/1619/5
f 4802/4803/5 4799/8699/5 4801/1619/5
f 2601/3828/5 4805/8702/5 4803/936/5
f 4803/936/5 4804/5300/5 2601/3828/5
f 4803/936/5 4805/8702/5 2520/3827/5
f 2520/3827/5 4807/1111/5 4803/936/5
f 4810/1268/5 4808/8481/5 4802/4803/5
f 4809/6140/5 4810/1268/5 4800/1264/5
f 4800/1264/5 4806/916/5 4809/6140/5
f 4838/4800/5 4812/6141/5 4811/1267/5
f 4811/1267/5 4836/1576/5 4838/4800/5
f 4812/6141/5 4634/5400/5 4635/1280/5
f 4822/728/5 4815/6142/5 4814/1048/5
f 4814/1048/5 2608/3742/5 4822/728/5
f 4819/763/5 4817/8703/5 4816/7832/5
f 4816/7832/5 4814/1048/5 4819/763/5
f 4820/6143/5 4817/8703/5 4819/763/5
f 4822/728/5 4813/3743/5 4823/6149/5
f 4821/6150/5 4823/6149/5 2609/3781/5
f 2609/3781/5 4825/6151/5 4821/6150/5
f 4818/6144/5 4824/1532/5 4825/6151/5
f 4825/6151/5 4826/90/5 4818/6144/5
f 4841/6155/26 4784/8706/26 4785/6156/26
f 4785/6156/26 4788/6152/26 4844/6154/26
f 4844/6154/26 4828/8707/26 4827/8708/26
f 4827/8708/26 4841/6155/26 4844/6154/26
f 4835/6159/26 4798/8709/26 4799/8710/26
f 4802/6157/26 4808/8711/26 4830/6158/26
f 4835/6159/26 4799/8710/26 4802/6157/26
f 4830/6158/26 4829/8712/26 4835/6159/26
f 4848/6162/26 4832/8713/26 4831/8714/26
f 4831/8714/26 4816/8715/26 4817/6160/26
f 4820/6161/26 4826/8716/26 4848/6162/26
f 4831/8714/26 4817/6160/26 4848/6162/26
f 4798/2440/2 4835/6163/2 4834/8717/2
f 4834/8717/2 3833/8/2 4798/2440/2
f 4283/2/2 4284/1/2 2535/8718/2
f 2535/8718/2 2534/2607/2 4283/2/2
f 2534/2607/2 4796/2608/2 4283/2/2
f 4829/2958/2 3829/8719/2 3836/3138/2
f 3836/3138/2 4834/8717/2 4835/6163/2
f 4807/1562/1 2520/3819/1 2521/162/1
f 4809/4606/1 4807/1562/1 3812/178/1
f 4808/2669/1 4810/184/1 3827/177/1
f 3827/177/1 3828/56/1 4808/2669/1
f 3825/6166/4 4837/3343/4 4811/6165/4
f 4811/6165/4 4635/3338/4 3825/6166/4
f 3826/6167/4 3827/3347/4 4810/3348/4
f 4810/3348/4 4836/3345/4 3826/6167/4
f 4812/6168/3 4838/6172/3 3991/4967/3
f 3991/4967/3 3792/4966/3 4812/6168/3
f 3792/4966/3 4742/5870/3 4812/6168/3
f 3808/6173/3 3819/4971/3 4838/6172/3
f 4838/6172/3 4809/6170/3 3808/6173/3
f 3829/6174/4 4829/8720/4 4830/6175/4
f 4784/2440/2 4841/6163/2 4840/8717/2
f 4840/8717/2 3955/8/2 4784/2440/2
f 4782/2608/2 4839/7/2 4587/5798/2
f 4587/5798/2 4295/2/2 4782/2608/2
f 4827/2958/2 3848/8719/2 3946/3138/2
f 3946/3138/2 4840/8717/2 4841/6163/2
f 4794/2669/1 4793/1562/1 3838/3984/1
f 3838/3984/1 4842/6176/1 4794/2669/1
f 4290/5355/1 4843/178/1 4793/1562/1
f 4793/1562/1 2539/3819/1 4290/5355/1
f 2539/3819/1 2537/6178/1 4290/5355/1
f 4828/2955/1 4844/6177/1 4842/6176/1
f 3839/6179/1 3847/6164/1 4828/2955/1
f 3848/3422/4 4827/8721/4 4828/6180/4
f 4826/2669/1 4825/1562/1 3958/3984/1
f 3958/3984/1 4846/6176/1 4826/2669/1
f 4301/5355/1 4847/178/1 4825/1562/1
f 4825/1562/1 2609/3819/1 4301/5355/1
f 4832/2955/1 4848/6177/1 4846/6176/1
f 3951/6179/1 3972/6164/1 4832/2955/1
f 3973/6182/4 4831/8722/4 4832/6183/4
f 3900/6222/1 3984/4981/1 4884/6500/1
f 4884/6500/1 4883/6213/1 3900/6222/1
f 3985/6182/4 4882/7800/4 4884/3390/4
f 3975/5130/3 4883/5710/3 4877/6208/3
f 5029/6225/3 4885/6229/3 4888/6228/3
f 4888/6228/3 4887/6223/3 5029/6225/3
f 4887/6223/3 4888/6228/3 4890/6226/3
f 5031/6230/3 4891/6233/3 4892/6232/3
f 4892/6232/3 4888/6228/3 5031/6230/3
f 4888/6228/3 4892/6232/3 4893/6231/3
f 5033/6234/3 4894/6237/3 4895/6236/3
f 4895/6236/3 4892/6232/3 5033/6234/3
f 4892/6232/3 4895/6236/3 4896/6235/3
f 5035/6238/3 4897/6378/3 4898/6239/3
f 4898/6239/3 4895/6236/3 5035/6238/3
f 5321/6240/3 4899/6261/3 4896/6235/3
f 4896/6235/3 4895/6236/3 5321/6240/3
f 4887/6223/3 4889/6227/3 4901/6241/3
f 5027/6244/3 4886/6224/3 4887/6223/3
f 4887/6223/3 4900/6242/3 5027/6244/3
f 5239/6247/3 4903/6278/3 4906/6277/3
f 4906/6277/3 4905/6245/3 5239/6247/3
f 4910/6248/3 4909/6252/3 4908/6249/3
f 4912/6251/3 4911/6254/3 4909/6252/3
f 4914/6253/3 4913/6255/3 4911/6254/3
f 4905/6245/3 4906/6277/3 4913/6255/3
f 4905/6245/3 4914/6253/3 4916/6256/3
f 4914/6253/3 4912/6251/3 4917/6258/3
f 4912/6251/3 4910/6248/3 4918/6259/3
f 4910/6248/3 4907/6250/3 4919/6260/3
f 4905/6245/3 4915/6257/3 4899/6261/3
f 5066/6265/3 4922/6266/3 4921/6268/3
f 4921/6268/3 5371/6263/3 5066/6265/3
f 4922/6266/3 4925/6407/3 4924/6267/3
f 5107/6437/6 5106/6440/6 5105/6438/6
f 5106/6440/6 5109/6442/6 5108/6441/6
f 5109/6442/6 5111/7908/6 5110/6443/6
f 5107/6437/6 5104/6439/6 5091/6444/6
f 5114/6450/6 5124/6446/6 5125/6448/6
f 5138/6449/6 5112/6452/6 5114/6450/6
f 6145/6454/6 5116/7937/6 6132/6451/6
f 6132/6451/6 5112/6452/6 6145/6454/6
f 5120/6455/6 5119/6461/6 5118/6456/6
f 5122/6458/6 5120/6455/6 5117/6457/6
f 5113/6447/6 5124/6446/6 5122/6458/6
f 5122/6458/6 5121/6459/6 5113/6447/6
f 5119/6461/6 5101/4130/6 5093/6462/6
f 5127/6464/6 5126/6463/6 5113/6447/6
f 5123/6460/6 5128/6465/6 5127/6464/6
f 6128/6466/6 5130/6468/6 5129/6467/6
f 5129/6467/6 5127/6464/6 6128/6466/6
f 6129/6469/6 5132/6471/6 5131/6470/6
f 5131/6470/6 5129/6467/6 6129/6469/6
f 6130/6472/6 5134/6474/6 5133/6473/6
f 5133/6473/6 5131/6470/6 6130/6472/6
f 6131/6475/6 5136/6477/6 5135/6476/6
f 5135/6476/6 5133/6473/6 6131/6475/6
f 5110/6443/6 5111/7908/6 5137/7884/6
f 5137/7884/6 5135/6476/6 5110/6443/6
f 5149/6478/6 5138/6449/6 5125/6448/6
f 5142/3529/6 5141/6482/6 5140/4108/6
f 5144/6479/6 5142/3529/6 5139/4112/6
f 5146/6480/6 5144/6479/6 5143/4118/6
f 5146/6480/6 5145/4124/6 5148/25/6
f 5112/6452/6 5138/6449/6 5140/4108/6
f 5138/6449/6 5149/6478/6 5140/4108/6
f 5140/4108/6 5141/6482/6 5112/6452/6
f 6134/5811/6 5150/6493/6 5153/5848/6
f 5153/5848/6 5152/69/6 6134/5811/6
f 6136/4036/6 5151/6483/6 5152/69/6
f 5152/69/6 5147/6481/6 6136/4036/6
f 5148/25/6 5156/6484/6 6137/15/6
f 6137/15/6 5154/4033/6 5148/25/6
f 6138/2411/6 5155/2415/6 5156/6484/6
f 5156/6484/6 5158/2440/6 6138/2411/6
f 5174/3017/6 5157/10/6 5158/2440/6
f 5158/2440/6 5160/6485/6 5174/3017/6
f 5173/5669/6 5159/6486/6 5160/6485/6
f 5160/6485/6 5162/6487/6 5173/5669/6
f 5162/6487/6 5164/6490/6 5163/6489/6
f 5164/6490/6 5166/6491/6 5165/5391/6
f 5166/6491/6 5168/6492/6 5167/5398/6
f 5168/6492/6 4736/4806/6 4748/4760/6
f 6135/5829/6 5170/7786/6 5169/8726/6
f 5169/8726/6 5153/5848/6 6135/5829/6
f 5172/1300/6 5171/5569/6 3009/3906/6
f 5159/6486/6 5173/5669/6 5171/5569/6
f 5171/5569/6 5172/1300/6 5159/6486/6
f 5948/6496/1 5175/6498/1 5178/6497/1
f 5178/6497/1 5177/6494/1 5948/6496/1
f 5949/6499/1 5180/6502/1 5179/6246/1
f 5179/6246/1 5178/6497/1 5949/6499/1
f 5177/6494/1 4883/6213/1 4884/6500/1
f 5183/6504/1 5182/6506/1 5179/6246/1
f 5179/6246/1 5180/6502/1 5183/6504/1
f 5183/6504/1 5186/6507/1 5185/6505/1
f 5186/6507/1 5188/5856/1 5187/5947/1
f 5188/5856/1 5190/6509/1 5189/6508/1
f 5190/6509/1 5192/1528/1 5191/6510/1
f 5192/1528/1 3004/3791/1 3006/3741/1
f 5946/6511/1 5194/6235/1 5193/6535/1
f 5193/6535/1 5184/6501/1 5946/6511/1
f 5198/6512/1 5197/6515/1 5196/6513/1
f 5204/6517/1 5199/6525/1 5196/6513/1
f 5196/6513/1 5197/6515/1 5204/6517/1
f 5198/6512/1 5195/6514/1 5002/6518/1
f 5939/6523/1 5193/6535/1 5202/6537/1
f 5202/6537/1 5962/6521/1 5939/6523/1
f 5938/6526/1 5203/6520/1 5201/6522/1
f 5963/6527/1 5199/6525/1 5938/6526/1
f 5199/6525/1 5205/6524/1 5938/6526/1
f 5940/6530/1 5205/6524/1 5200/6516/1
f 5200/6516/1 5206/6528/1 5940/6530/1
f 5224/6534/1 5207/6529/1 5966/6531/1
f 5966/6531/1 5209/6532/1 5224/6534/1
f 5193/6535/1 5194/6235/1 5210/6536/1
f 5957/6540/1 5211/6542/1 5214/6541/1
f 5214/6541/1 5213/6538/1 5957/6540/1
f 5958/6543/1 5215/6545/1 5216/6544/1
f 5216/6544/1 5214/6541/1 5958/6543/1
f 5959/6546/1 5217/6548/1 5218/6547/1
f 5218/6547/1 5216/6544/1 5959/6546/1
f 5960/6549/1 5219/6550/1 5220/6554/1
f 5220/6554/1 5218/6547/1 5960/6549/1
f 5228/6553/1 5222/6563/1 5221/7709/1
f 5221/7709/1 5220/6554/1 5228/6553/1
f 5220/6554/1 5219/6550/1 5225/6552/1
f 5956/6555/1 5212/6539/1 5213/6538/1
f 5213/6538/1 5224/6534/1 5956/6555/1
f 5226/6556/1 5227/6558/1 5230/6557/1
f 5230/6557/1 5229/6562/1 5226/6556/1
f 5229/6562/1 5228/6553/1 5226/6556/1
f 5954/6559/1 5231/6560/1 5232/4726/1
f 5232/4726/1 5230/6557/1 5954/6559/1
f 5955/6561/1 5169/7725/1 5170/4724/1
f 5170/4724/1 5232/4726/1 5955/6561/1
f 5236/6564/5 5235/6570/5 5234/6565/5
f 5281/6569/5 5234/6565/5 5235/6570/5
f 5235/6570/5 5238/6567/5 5281/6569/5
f 4904/6572/5 4899/6118/5 5238/6567/5
f 5238/6567/5 5235/6570/5 4904/6572/5
f 5236/6564/5 4903/6445/5 5239/6571/5
f 5243/6573/5 5242/6579/5 5241/6574/5
f 5279/6578/5 5241/6574/5 5242/6579/5
f 5242/6579/5 5245/6576/5 5279/6578/5
f 4947/6581/5 5017/7743/5 5245/6576/5
f 5245/6576/5 5242/6579/5 4947/6581/5
f 4963/6583/5 5246/6580/5 5242/6579/5
f 5242/6579/5 5243/6573/5 4963/6583/5
f 5268/6585/3 5247/6586/3 5250/6369/3
f 5250/6369/3 5249/6243/3 5268/6585/3
f 5252/6366/3 5250/6369/3 5291/6587/3
f 5278/6588/3 5251/8727/3 5252/6366/3
f 5263/6590/3 5253/6591/3 5256/6377/3
f 5256/6377/3 5255/6380/3 5263/6590/3
f 5258/6378/3 5256/6377/3 5295/6592/3
f 5273/6593/3 5257/8728/3 5258/6378/3
f 5322/6283/3 5260/6615/3 5259/6614/3
f 5259/6614/3 5262/6594/3 5322/6283/3
f 5262/6594/3 5263/6590/3 5254/6589/3
f 5328/6242/3 5265/6611/3 5264/6610/3
f 5264/6610/3 5267/6596/3 5328/6242/3
f 5267/6596/3 5268/6585/3 5248/6584/3
f 5319/6240/3 5272/6601/3 5271/6602/3
f 5271/6602/3 5308/6598/3 5319/6240/3
f 5272/6601/3 5257/8728/3 5273/6593/3
f 5325/6359/3 5277/6606/3 5276/6607/3
f 5276/6607/3 5310/6603/3 5325/6359/3
f 5277/6606/3 5251/8727/3 5278/6588/3
f 5285/6612/3 5264/6610/3 5240/6241/3
f 5240/6241/3 5241/6300/3 5285/6612/3
f 5275/6604/3 5280/6608/3 5279/6609/3
f 5279/6609/3 5244/6286/3 5275/6604/3
f 5289/6616/3 5259/6614/3 5233/6278/3
f 5233/6278/3 5234/6247/3 5289/6616/3
f 5270/6599/3 5282/6613/3 5281/6246/3
f 5281/6246/3 5237/6261/3 5270/6599/3
f 5312/6670/6 5250/6674/6 5252/6671/6
f 5313/6673/6 5249/8740/6 5250/6674/6
f 5025/6675/6 4902/3414/6 5313/6673/6
f 5313/6673/6 5312/6670/6 5025/6675/6
f 5023/6677/6 5314/4128/6 5312/6670/6
f 5312/6670/6 5311/6672/6 5023/6677/6
f 5316/6678/6 5256/6681/6 5258/6679/6
f 5317/6564/6 5255/6566/6 5256/6681/6
f 5037/4913/6 4946/6445/6 5317/6564/6
f 5317/6564/6 5316/6678/6 5037/4913/6
f 5316/6678/6 5315/6680/6 4897/6683/6
f 5269/6686/2 5237/8741/2 5238/6690/2
f 5238/6690/2 5320/6684/2 5269/6686/2
f 5315/6688/2 5258/8742/2 5257/8740/2
f 5257/8740/2 5272/6687/2 5315/6688/2
f 4898/4129/2 4897/8743/2 5315/6688/2
f 5315/6688/2 5320/6684/2 4898/4129/2
f 5321/6689/2 5320/6684/2 5238/6690/2
f 5323/6695/1 5322/8744/1 5261/6694/1
f 5261/6694/1 5254/6575/1 5317/6693/1
f 5260/6698/1 5322/8744/1 5323/6695/1
f 5323/6695/1 5236/6696/1 5260/6698/1
f 4944/6580/1 4903/6581/1 5236/6696/1
f 5236/6696/1 5323/6695/1 4944/6580/1
f 5324/6583/1 5323/6695/1 5317/6693/1
f 5274/6686/2 5244/8741/2 5245/6690/2
f 5245/6690/2 5326/6684/2 5274/6686/2
f 5311/6688/2 5252/8742/2 5251/8740/2
f 5251/8740/2 5277/6687/2 5311/6688/2
f 5013/4129/2 5014/8743/2 5311/6688/2
f 5311/6688/2 5326/6684/2 5013/4129/2
f 5327/6689/2 5326/6684/2 5245/6690/2
f 5329/6695/1 5328/8744/1 5266/6694/1
f 5266/6694/1 5248/6575/1 5313/6693/1
f 5265/6698/1 5328/8744/1 5329/6695/1
f 5329/6695/1 5243/6696/1 5265/6698/1
f 5329/6695/1 4900/6583/1 4901/6581/1
f 4900/6583/1 5329/6695/1 5313/6693/1
f 5347/6702/2 5330/8745/2 5333/6705/2
f 5333/6705/2 5332/6700/2 5347/6702/2
f 5335/6704/2 5334/8746/2 5340/8747/2
f 5340/8747/2 5346/6703/2 5335/6704/2
f 5332/6700/2 4999/6706/2 4919/4339/2
f 5333/6705/2 4924/4556/2 4999/6706/2
f 5345/6707/3 5336/6542/3 5339/6250/3
f 5339/6250/3 5338/6249/3 5345/6707/3
f 5339/6250/3 5336/6542/3 5358/6710/3
f 5358/6710/3 5350/6708/3 5334/6260/3
f 5374/6280/3 5342/6718/3 5341/6717/3
f 5341/6717/3 5344/6711/3 5374/6280/3
f 5344/6711/3 5345/6707/3 5337/6545/3
f 5362/6715/3 5348/6721/3 5347/6720/3
f 5347/6720/3 5331/6341/3 5362/6715/3
f 5350/6708/3 5349/6713/3 5346/6714/3
f 5356/6719/3 5341/6717/3 5352/6264/3
f 5352/6264/3 5368/6263/3 5356/6719/3
f 5348/6721/3 5353/6716/3 5351/6268/3
f 5351/6268/3 5330/6267/3 5348/6721/3
f 5370/6564/5 5369/6570/5 5368/6565/5
f 5351/6569/5 5368/6565/5 5369/6570/5
f 5369/6570/5 5333/6567/5 5351/6569/5
f 4921/6572/5 4924/6118/5 5333/6567/5
f 5333/6567/5 5369/6570/5 4921/6572/5
f 5370/6564/5 4920/6445/5 5371/6571/5
f 5372/6678/6 5339/6681/6 5334/6679/6
f 5373/6564/6 5338/6566/6 5339/6681/6
f 5373/6564/6 5372/6678/6 4907/6682/6
f 5372/6678/6 5335/6680/6 4919/6683/6
f 5375/6747/1 5374/8752/1 5343/6746/1
f 5343/6746/1 5337/6743/1 5373/6745/1
f 5342/6750/1 5374/8752/1 5375/6747/1
f 5375/6747/1 5370/6748/1 5342/6750/1
f 4945/6752/1 4920/8753/1 5370/6748/1
f 5370/6748/1 5375/6747/1 4945/6752/1
f 5375/6747/1 5373/6745/1 4908/6753/1
f 5203/7767/3 5938/7769/3 5843/7768/3
f 5843/7768/3 5844/7765/3 5203/7767/3
f 5205/7770/3 5940/7772/3 5845/7771/3
f 5845/7771/3 5843/7768/3 5205/7770/3
f 5207/7773/3 5224/7824/3 5846/7823/3
f 5846/7823/3 5845/7771/3 5207/7773/3
f 5193/7774/3 5939/7766/3 5844/7765/3
f 5820/7778/6 5941/7788/6 5213/7790/6
f 5213/7790/6 5214/7776/6 5820/7778/6
f 5819/7781/6 5942/7777/6 5214/7776/6
f 5214/7776/6 5216/7779/6 5819/7781/6
f 5826/7784/6 5943/7780/6 5216/7779/6
f 5216/7779/6 5218/7782/6 5826/7784/6
f 5831/7785/6 5944/7783/6 5218/7782/6
f 5218/7782/6 5220/2913/6 5831/7785/6
f 5836/7787/6 5945/2417/6 5220/2913/6
f 5220/2913/6 5221/7786/6 5836/7787/6
f 5941/7788/6 5846/7902/6 5224/7789/6
f 5794/7784/6 5795/7781/6 5182/7791/6
f 5800/7785/6 5794/7784/6 5185/7792/6
f 5804/7787/6 5800/7785/6 5187/7793/6
f 5807/1212/6 5804/7787/6 5189/7794/6
f 2978/3924/6 5807/1212/6 5191/7795/6
f 5795/7781/6 5812/7777/6 5179/7776/6
f 5181/7798/6 5180/8961/6 5865/7887/6
f 5865/7887/6 5866/7796/6 5181/7798/6
f 5866/7796/6 5947/7902/6 5194/7789/6
f 5864/3532/4 5950/7802/4 5949/7803/4
f 5949/7803/4 5175/7799/4 5864/3532/4
f 5861/3456/4 5951/3457/4 5948/3387/4
f 5948/3387/4 5176/7801/4 5861/3456/4
f 5950/7802/4 5865/3533/4 5180/3497/4
f 5177/7804/3 5178/7806/3 5810/6361/3
f 5178/7806/3 5179/6350/3 5812/6355/3
f 4883/5710/3 5177/7804/3 5811/7805/3
f 5183/7807/5 5184/7810/5 5813/7697/5
f 5186/7808/5 5183/7807/5 5814/7696/5
f 5188/7809/5 5186/7808/5 5823/7701/5
f 5190/4944/5 5188/7809/5 5828/5957/5
f 5192/6151/5 5190/4944/5 5833/7705/5
f 3004/3781/5 5192/6151/5 5838/1048/5
f 5184/7810/5 5193/7846/5 5847/6526/5
f 5231/7813/4 5954/7814/4 5953/3624/4
f 5953/3624/4 5893/7812/4 5231/7813/4
f 5227/7816/4 5226/8962/4 5891/3626/4
f 5891/3626/4 5892/7815/4 5227/7816/4
f 5169/7817/4 5955/7811/4 5952/3638/4
f 5856/6421/3 5857/6420/3 5229/7819/3
f 5858/6413/3 5856/6421/3 5230/7820/3
f 5859/6412/3 5858/6413/3 5232/7821/3
f 5222/7825/3 5229/7819/3 5857/6420/3
f 5857/6420/3 5860/7823/3 5222/7825/3
f 5212/7826/5 5956/4864/5 5871/4959/5
f 5871/4959/5 5872/4960/5 5212/7826/5
f 5211/4888/5 5957/4876/5 5872/4960/5
f 5872/4960/5 5879/4956/5 5211/4888/5
f 5215/7829/5 5958/7827/5 5879/4956/5
f 5879/4956/5 5883/2346/5 5215/7829/5
f 5217/4937/5 5959/7828/5 5883/2346/5
f 5883/2346/5 5887/2347/5 5217/4937/5
f 5219/91/5 5960/7830/5 5887/2347/5
f 5887/2347/5 5891/7832/5 5219/91/5
f 5956/4864/5 5208/7846/5 5961/6526/5
f 5914/7836/4 5964/3634/4 5201/7834/4
f 5201/7834/4 5962/7835/4 5914/7836/4
f 5916/7837/4 5965/3637/4 5202/3544/4
f 5202/3544/4 5210/3497/4 5916/7837/4
f 5964/3634/4 5915/8963/4 5199/7838/4
f 5933/7844/4 5967/7839/4 5206/7841/4
f 5206/7841/4 5200/7842/4 5933/7844/4
f 5934/7845/4 5898/3626/4 5209/8962/4
f 5209/8962/4 5966/7840/4 5934/7845/4
f 5209/4863/5 5898/6527/5 5961/6526/5
f 5194/7789/6 5947/7902/6 5869/7847/6
f 5920/7849/5 5921/7850/5 5197/4851/5
f 5921/7850/5 5932/6527/5 5200/4863/5
f 5078/4961/5 5920/7849/5 5198/4831/5
f 5195/7852/6 5196/7855/6 5905/7853/6
f 5196/7855/6 5199/7848/6 5915/7847/6
f 5002/7856/6 5195/7852/6 5906/7854/6
f 5130/3591/4 6128/3590/4 6104/7942/4
f 6104/7942/4 6108/7938/4 5130/3591/4
f 5132/7939/4 6129/3598/4 6108/7938/4
f 6108/7938/4 6107/3640/4 5132/7939/4
f 5134/7940/4 6130/3607/4 6107/3640/4
f 6107/3640/4 6105/3641/4 5134/7940/4
f 5136/7941/4 6131/3608/4 6105/3641/4
f 6105/3641/4 6106/3488/4 5136/7941/4
f 5128/3583/4 5123/8964/4 6103/8965/4
f 6103/8965/4 6104/7942/4 5128/3583/4
f 5114/7945/4 6132/7947/4 6125/8966/4
f 6125/8966/4 6126/7943/4 5114/7945/4
f 6073/7946/4 6125/8966/4 6132/7947/4
f 6031/4557/4 6037/4532/4 5158/7954/4
f 6037/4532/4 6036/4537/4 5160/7956/4
f 6036/4537/4 6035/4540/4 5162/7957/4
f 6035/4540/4 6034/4543/4 5164/7958/4
f 6034/4543/4 6033/4546/4 5166/7959/4
f 6033/4546/4 6032/3460/4 5168/7960/4
f 6032/3460/4 4735/3461/4 4736/2144/4
f 6030/7961/4 6031/4557/4 5156/7955/4
f 5152/7963/4 5153/7966/4 6068/7964/4
f 5152/7963/4 6069/7965/4 6070/7946/4
f 5169/7817/4 5894/7818/4 6067/8383/4
f 6067/8383/4 6068/7964/4 5169/7817/4
f 5161/6400/3 5163/6403/3 5976/7967/3
f 5163/6403/3 5165/6408/3 5978/7969/3
f 5165/6408/3 5167/6426/3 5979/6424/3
f 5167/6426/3 4748/1726/3 4747/6124/3
f 5173/7970/3 5161/6400/3 5977/7968/3
f 5150/6436/3 6134/7975/3 5988/7974/3
f 5988/7974/3 5989/7972/3 5150/6436/3
f 5151/6384/3 6136/7977/3 5990/7976/3
f 5990/7976/3 5988/7974/3 5151/6384/3
f 5154/6387/3 6137/7979/3 5991/7978/3
f 5991/7978/3 5990/7976/3 5154/6387/3
f 5155/6390/3 6138/7981/3 5992/7980/3
f 5992/7980/3 5991/7978/3 5155/6390/3
f 5157/6393/3 5174/7983/3 5993/7984/3
f 5993/7984/3 5992/7980/3 5157/6393/3
f 5170/7822/3 6135/7973/3 5989/7972/3
f 5989/7972/3 5994/6435/3 5170/7822/3
f 2973/3990/2 5984/3988/2 5172/901/2
f 5984/3988/2 5993/8431/2 5174/4016/2
f 3009/3944/1 5171/942/1 5968/749/1
f 5171/942/1 5173/4724/1 5980/7949/1
f 6039/7982/3 6139/7978/3 5126/7979/3
f 5126/7979/3 5127/7981/3 6039/7982/3
f 6038/7985/3 6140/7980/3 5127/7981/3
f 5127/7981/3 5129/7983/3 6038/7985/3
f 6040/7988/3 6141/7984/3 5129/7983/3
f 5129/7983/3 5131/7986/3 6040/7988/3
f 6041/7968/3 6142/7987/3 5131/7986/3
f 5131/7986/3 5133/7989/3 6041/7968/3
f 6042/7967/3 6143/7990/3 5133/7989/3
f 5133/7989/3 5135/7991/3 6042/7967/3
f 6043/7969/3 6144/7992/3 5135/7991/3
f 5135/7991/3 5137/6425/3 6043/7969/3
f 5149/7994/3 5126/7979/3 6139/7978/3
f 6058/3488/2 6053/3641/2 5141/3608/2
f 6062/7996/2 6058/3488/2 5142/3614/2
f 6066/4503/2 6062/7996/2 5144/7997/2
f 6066/4503/2 5146/4515/2 5147/4082/2
f 5115/8000/2 5141/3608/2 6053/3641/2
f 6053/3641/2 6146/7998/2 5115/8000/2
f 5995/6430/1 5996/7950/1 5139/6410/1
f 5996/7950/1 6013/7951/1 5143/1784/1
f 6013/7951/1 6022/7952/1 5145/1727/1
f 6022/7952/1 6030/8967/1 5148/7725/1
f 5995/6430/1 5140/6409/1 5149/8001/1
f 6054/3640/2 6073/8010/2 5116/8968/2
f 5116/8968/2 6145/7999/2 6054/3640/2
f 6084/8002/1 5137/8001/1 5111/7729/1
f 5104/7944/2 5105/8007/2 6091/8006/2
f 5105/8007/2 5108/8009/2 6100/8008/2
f 5108/8009/2 5110/8968/2 6106/8010/2
f 5091/8011/2 5104/7944/2 6092/7943/2
f 6075/6431/1 6151/8003/1 5106/7748/1
f 5106/7748/1 5107/6395/1 6075/6431/1
f 6076/8014/1 6153/8004/1 5109/7756/1
f 5109/7756/1 5106/7748/1 6076/8014/1
f 6081/8015/1 6147/7953/1 5111/7729/1
f 5111/7729/1 5109/7756/1 6081/8015/1
f 5082/8005/1 6152/8013/1 5107/6395/1
f 5119/7944/2 5120/8007/2 6115/8006/2
f 5120/8007/2 5122/8009/2 6122/8008/2
f 5122/8009/2 5124/8968/2 6126/8010/2
f 5101/8011/2 5119/7944/2 6116/7943/2
f 6085/8013/1 6086/8003/1 5117/7748/1
f 6086/8003/1 6097/8004/1 5121/7756/1
f 6097/8004/1 6103/7953/1 5123/7729/1
f 5094/8005/1 6085/8013/1 5118/6395/1
usemtl light1_big
f 113/121/1 109/122/1 112/123/1
f 552/637/4 551/638/4 525/639/4
f 549/640/4 554/641/4 584/642/4
f 546/643/4 553/644/4 545/645/4
f 552/637/4 524/646/4 551/638/4
f 573/662/4 572/663/4 535/664/4
f 570/665/4 575/666/4 595/667/4
f 567/668/4 574/669/4 569/670/4
f 573/662/4 568/671/4 572/663/4
f 831/949/1 829/950/1 828/565/1
f 835/954/5 833/955/5 832/956/5
f 833/957/2 837/958/2 836/959/2
f 839/960/6 836/961/6 837/962/6
f 838/968/1 835/565/1 832/949/1
f 847/956/5 845/980/5 844/955/5
f 844/981/2 849/982/2 848/983/2
f 851/960/6 848/961/6 849/962/6
f 846/987/1 850/988/1 851/989/1
f 861/1003/2 859/959/2 858/957/2
f 861/1004/5 831/1005/5 828/1006/5
f 829/1007/6 859/1008/6 860/1009/6
f 867/1016/5 865/1017/5 864/1018/5
f 865/957/2 869/958/2 868/959/2
f 871/1019/6 868/1020/6 869/1021/6
f 870/968/1 867/565/1 864/949/1
f 900/1060/5 898/1061/5 897/1062/5
f 898/957/2 902/958/2 901/959/2
f 904/1063/6 901/1064/6 902/1065/6
f 903/968/1 900/565/1 897/949/1
f 956/1138/2 787/1139/2 955/1140/2
f 958/1141/2 777/1142/2 957/1143/2
f 782/1149/5 962/1150/5 780/1151/5
f 779/1152/6 957/1153/6 777/1154/6
f 963/1155/1 780/1156/1 962/1157/1
f 957/1158/3 962/1159/3 958/1160/3
f 793/1149/5 967/1150/5 790/1151/5
f 789/1152/6 955/1153/6 787/1154/6
f 968/1172/1 790/1173/1 967/1174/1
f 955/1175/3 967/1176/3 956/1177/3
f 986/1060/5 984/1061/5 983/1062/5
f 984/981/2 988/982/2 987/983/2
f 990/1063/6 987/1064/6 988/1065/6
f 986/987/1 989/988/1 990/989/1
f 1486/1840/5 1484/1841/5 1483/1842/5
f 1485/1843/2 1488/1844/2 1487/1845/2
f 1490/1846/6 1487/1847/6 1488/1848/6
f 1484/1861/1 1490/1328/1 1483/1327/1
f 1588/2031/1 1586/2032/1 1585/2033/1
f 1592/2038/6 1590/2039/6 1589/2040/6
f 1596/2046/5 1594/2047/5 1593/2048/5
f 1595/2049/2 1598/2050/2 1597/2051/2
f 1600/2039/6 1597/2038/6 1598/2052/6
f 1594/2065/1 1600/1322/1 1593/2066/1
f 1591/2090/2 1614/2091/2 1613/2092/2
f 1613/2046/5 1616/2047/5 1615/2048/5
f 1615/2032/1 1589/2031/1 1590/2093/1
f 1585/2112/5 1626/2113/5 1625/2114/5
f 1587/2115/6 1628/2116/6 1627/2117/6
f 1626/2092/2 1628/2121/2 1625/2091/2
f 1664/2145/5 1662/2146/5 1661/2147/5
f 1664/2148/2 1666/2149/2 1665/2150/2
f 1665/2151/6 1668/2152/6 1667/2153/6
f 1667/2165/1 1662/2166/1 1663/2167/1
f 1754/2269/5 1752/2270/5 1751/2271/5
f 1752/2165/2 1756/2166/2 1755/2167/2
f 1758/2272/6 1755/2273/6 1756/2274/6
f 1757/2148/1 1754/2149/1 1751/2150/1
f 1770/2291/5 1768/2271/5 1767/2269/5
f 1769/2148/2 1772/2149/2 1771/2150/2
f 1774/2272/6 1771/2273/6 1772/2274/6
f 1773/2165/1 1767/2166/1 1768/2167/1
f 1844/2373/2 1845/2374/2 1843/1943/2
f 1843/2380/5 1850/2381/5 1849/2382/5
f 1852/2391/6 1846/2392/6 1844/2393/6
f 1853/2400/1 1849/1896/1 1850/2401/1
f 1952/2475/2 1965/2476/2 1964/2477/2
f 1993/2501/2 1991/2502/2 1990/2503/2
f 1996/2504/2 1995/2505/2 1985/2506/2
f 2001/2507/2 1999/2508/2 1998/2509/2
f 2005/2510/2 2003/2511/2 2002/2512/2
f 2008/2513/2 2006/2514/2 1983/2515/2
f 2283/2820/4 2281/2821/4 2280/2822/4
f 2287/2823/4 2285/2824/4 2284/2825/4
f 2291/2826/4 2289/2827/4 2288/2828/4
f 2295/2829/4 2293/2830/4 2292/2831/4
f 2061/2832/1 2282/2833/1 2283/2834/1
f 2057/2835/1 2286/2836/1 2287/2837/1
f 2048/2832/1 2290/2833/1 2291/2834/1
f 2045/2835/1 2294/2836/1 2295/2837/1
f 2288/2841/2 2043/2842/2 2047/2843/2
f 2292/2844/2 2040/2845/2 2044/2846/2
f 2045/2847/5 2292/2718/5 2044/2848/5
f 2040/2849/6 2294/2850/6 2042/2577/6
f 2048/2847/5 2288/2718/5 2047/2848/5
f 2043/2849/6 2290/2850/6 2046/2577/6
f 2059/2569/6 2282/2851/6 2058/2852/6
f 2057/2853/5 2284/2780/5 2060/2854/5
f 2055/2569/6 2286/2851/6 2054/2852/6
f 2061/2853/5 2280/2780/5 2063/2854/5
f 2359/3009/4 2361/3010/4 2358/3011/4
f 2426/2841/2 2350/2842/2 2352/2843/2
f 2428/2844/2 2348/2845/2 2351/2846/2
f 2425/3193/4 2280/2822/4 2281/2821/4
f 2427/3194/4 2284/2825/4 2285/2824/4
f 2059/2569/6 2425/3195/6 2281/2574/6
f 2284/2780/5 2351/3196/5 2060/2854/5
f 2055/2569/6 2427/3195/6 2285/2574/6
f 2280/2780/5 2352/3196/5 2063/2854/5
f 2807/3658/2 2796/3659/2 2803/3660/2
f 2812/3675/2 2811/3676/2 2833/3677/2
f 2813/3681/2 2860/3682/2 2840/3683/2
f 2839/3684/2 2818/3685/2 2858/3686/2
f 2858/3686/2 2817/3687/2 2820/3688/2
f 2821/3692/2 2822/3693/2 2856/3694/2
f 2856/3694/2 2823/3695/2 2845/3696/2
f 2828/3697/2 2827/3698/2 2844/3699/2
f 2830/3703/2 2808/3704/2 2805/3705/2
f 2835/3766/2 2869/3767/2 2865/3768/2
f 2869/3767/2 2835/3766/2 2834/3769/2
f 2876/3782/5 2882/3783/5 2875/3784/5
f 2882/3783/5 2876/3782/5 2873/3785/5
f 2886/3793/5 2892/3794/5 2885/3795/5
f 2892/3794/5 2886/3793/5 2883/3796/5
f 2930/3829/5 2907/3830/5 2932/3831/5
f 2902/3832/5 2913/3833/5 2933/3834/5
f 2900/3836/5 2914/3837/5 2915/3838/5
f 2915/3838/5 2916/3839/5 2938/3840/5
f 2939/3841/5 2919/3842/5 2918/3843/5
f 2918/3843/5 2921/3844/5 2898/3845/5
f 2895/3848/5 2922/3849/5 2923/3850/5
f 2923/3850/5 2924/3851/5 2944/3852/5
f 2945/3853/5 2926/286/5 2947/287/5
f 3676/4582/4 3678/1379/4 3675/4583/4
f 3681/4586/4 3682/1382/4 3680/4587/4
f 3690/4595/4 3692/4596/4 3689/4597/4
f 3695/4599/4 3696/4600/4 3694/4601/4
f 4172/5194/4 4170/5195/4 4169/5196/4
f 4176/5197/4 4174/5198/4 4173/5199/4
f 4194/5215/4 4191/5216/4 4185/5217/4
f 4198/5220/4 4195/5221/4 4197/5222/4
f 4206/5232/4 4203/5233/4 4200/5234/4
f 4210/2189/4 4207/5236/4 4209/5237/4
f 4222/5253/4 4218/4114/4 4221/5254/4
f 4226/5256/4 4223/4120/4 4225/5257/4
f 4236/5270/4 4232/5271/4 4235/5272/4
f 4240/2958/4 4237/5274/4 4239/2962/4
f 4169/5284/2 4249/5285/2 4248/5286/2
f 4173/5287/2 4251/5288/2 4250/5289/2
f 4311/5375/1 4309/5376/1 4308/5377/1
f 4315/546/1 4313/5378/1 4312/5379/1
f 4319/497/1 4317/5380/1 4316/5381/1
f 4451/5512/5 4449/5513/5 4448/5514/5
f 4455/5518/5 4453/5519/5 4452/5520/5
f 4459/5524/5 4457/5525/5 4456/5526/5
f 4463/5530/6 4461/5531/6 4460/5532/6
f 4467/5536/6 4465/5537/6 4464/5538/6
f 4471/5542/6 4469/5543/6 4468/5544/6
f 4450/5548/4 4460/5549/4 4461/3407/4
f 4454/5550/4 4464/3420/4 4465/5551/4
f 4458/5552/4 4468/5553/4 4469/5554/4
f 4457/5555/2 4469/5556/2 4470/5557/2
f 4471/5562/1 4459/5563/1 4456/5564/1
f 4453/5555/2 4465/5556/2 4466/5557/2
f 4467/5562/1 4455/5563/1 4452/5564/1
f 4449/5555/2 4461/5556/2 4462/5557/2
f 4463/5562/1 4451/5563/1 4448/5564/1
f 4472/5620/2 4473/5621/2 4056/2636/2
f 4477/5625/2 4478/5626/2 4476/5627/2
f 4483/5631/1 4482/5632/1 4031/5633/1
f 4485/5636/1 4486/5637/1 4484/5638/1
f 4488/5620/2 4489/5621/2 4032/2636/2
f 4493/5625/2 4494/5626/2 4492/5627/2
f 4499/5631/1 4498/5632/1 3999/5633/1
f 4501/5636/1 4502/5637/1 4500/5638/1
f 4504/5620/2 4505/5621/2 4080/2636/2
f 4509/5625/2 4510/5626/2 4508/5627/2
f 4515/5631/1 4514/5632/1 4055/5633/1
f 4517/5636/1 4518/5637/1 4516/5638/1
f 4520/5687/6 4319/5688/6 4521/5689/6
f 4308/5692/5 4522/5693/5 4523/5694/5
f 4303/5697/6 4310/5698/6 4311/5688/6
f 4311/5700/3 4308/5701/3 4523/5702/3
f 4529/5687/6 4315/5688/6 4530/5689/6
f 4316/5692/5 4531/5693/5 4532/5694/5
f 4528/5710/3 4532/5711/3 4306/5712/3
f 4532/5711/3 4528/5710/3 4521/5713/3
f 4312/5692/5 4534/5722/5 4305/5723/5
f 4305/5724/3 4533/5725/3 4530/5726/3
f 4549/5740/1 4550/5741/1 4548/5742/1
f 4555/5746/1 4556/5747/1 4554/5748/1
f 4562/5756/6 4550/5757/6 4563/5758/6
f 4557/5760/5 4564/5761/5 4565/5762/5
f 4556/5763/3 4557/5764/3 4565/5765/3
f 4551/5760/5 4568/5761/5 4569/5762/5
f 4567/5773/3 4569/5774/3 4570/5775/3
f 4569/5774/3 4567/5773/3 4563/5776/3
f 4574/497/2 4573/5785/2 4575/5786/2
f 4581/5799/5 4578/5800/5 4588/5762/5
f 4539/5801/1 4581/5802/1 4588/5786/1
f 4539/5803/3 4578/5804/3 4542/5805/3
f 4594/5808/1 4596/632/1 4595/5809/1
f 4596/5822/5 4572/5823/5 4574/5824/5
f 4598/5825/3 4575/5826/3 4541/5827/3
f 4575/5826/3 4598/5825/3 4595/5828/3
f 4603/5808/1 4605/632/1 4604/5809/1
f 4605/5839/5 4608/5840/5 4600/5841/5
f 4540/5842/3 4607/5843/3 4604/5844/3
f 4787/6130/5 4792/6131/5 4786/6132/5
f 4792/6131/5 4787/6130/5 4783/6133/5
f 4801/6136/5 4806/6137/5 4800/6138/5
f 4806/6137/5 4801/6136/5 4797/6139/5
f 4819/6145/5 4824/6146/5 4818/6147/5
f 4824/6146/5 4819/6145/5 4815/6148/5
f 5275/6617/5 5284/6618/5 5301/6619/5
f 5283/6620/5 5285/6621/5 5280/6622/5
f 5264/6623/5 5283/6620/5 5286/6624/5
f 5270/6625/5 5288/5700/5 5305/6626/5
f 5287/6627/5 5289/6628/5 5282/6629/5
f 5259/6630/5 5287/6627/5 5290/6631/5
f 5292/6632/6 5291/6633/6 5247/6634/6
f 5292/6632/6 5278/6635/6 5291/6633/6
f 5296/6636/6 5295/6637/6 5253/6638/6
f 5296/6636/6 5273/6639/6 5295/6637/6
f 5300/6640/3 5293/6641/3 5299/6642/3
f 5299/6642/3 5286/6643/3 5283/6644/3
f 5301/6645/3 5284/6646/3 5309/6647/3
f 5300/6640/3 5294/6648/3 5292/6649/3
f 5304/6650/3 5297/6651/3 5303/6652/3
f 5303/6652/3 5290/6653/3 5287/6654/3
f 5305/6655/3 5288/6656/3 5307/6657/3
f 5304/6650/3 5298/6658/3 5296/6659/3
f 5308/6634/2 5306/6660/2 5307/6661/2
f 5306/6660/2 5308/6634/2 5271/6662/2
f 5308/6634/2 5288/6663/2 5270/6664/2
f 5262/6665/1 5290/6666/1 5303/6667/1
f 5262/6665/1 5297/6668/1 5263/6669/1
f 5310/6634/2 5302/6660/2 5309/6661/2
f 5302/6660/2 5310/6634/2 5276/6662/2
f 5310/6634/2 5284/6663/2 5275/6664/2
f 5267/6665/1 5286/6666/1 5299/6667/1
f 5267/6665/1 5293/6668/1 5268/6669/1
f 5348/6625/5 5355/5700/5 5366/6626/5
f 5354/6627/5 5356/6628/5 5353/6629/5
f 5341/6630/5 5354/6627/5 5357/6631/5
f 5359/6636/6 5358/6637/6 5336/6638/6
f 5359/6636/6 5350/6639/6 5358/6637/6
f 5349/6722/2 5361/6723/2 5367/6724/2
f 5363/6725/2 5348/6726/2 5362/6727/2
f 5364/6728/1 5341/6729/1 5357/6730/1
f 5364/6728/1 5345/6731/1 5344/6732/1
f 5359/6733/3 5364/6734/3 5365/6735/3
f 5364/6734/3 5357/6736/3 5354/6737/3
f 5366/6738/3 5355/6739/3 5363/6740/3
f 5359/6733/3 5367/6741/3 5361/6742/3
f 113/121/1 111/8022/1 109/122/1
f 525/639/4 550/8039/4 549/640/4
f 549/640/4 552/637/4 525/639/4
f 584/642/4 553/644/4 552/637/4
f 552/637/4 549/640/4 584/642/4
f 546/643/4 552/637/4 553/644/4
f 552/637/4 546/643/4 524/646/4
f 535/664/4 571/8041/4 570/665/4
f 570/665/4 573/662/4 535/664/4
f 595/667/4 574/669/4 573/662/4
f 573/662/4 570/665/4 595/667/4
f 567/668/4 573/662/4 574/669/4
f 573/662/4 567/668/4 568/671/4
f 831/949/1 830/968/1 829/950/1
f 835/954/5 834/980/5 833/955/5
f 833/957/2 834/1003/2 837/958/2
f 839/960/6 838/8063/6 836/961/6
f 838/968/1 839/950/1 835/565/1
f 847/956/5 846/954/5 845/980/5
f 844/981/2 845/1156/2 849/982/2
f 851/960/6 850/8063/6 848/961/6
f 846/987/1 847/8064/1 850/988/1
f 861/1003/2 860/958/2 859/959/2
f 861/1004/5 858/8065/5 831/1005/5
f 829/1007/6 830/8066/6 859/1008/6
f 867/1016/5 866/8067/5 865/1017/5
f 865/957/2 866/1003/2 869/958/2
f 871/1019/6 870/8068/6 868/1020/6
f 870/968/1 871/950/1 867/565/1
f 900/1060/5 899/8072/5 898/1061/5
f 898/957/2 899/1003/2 902/958/2
f 904/1063/6 903/8073/6 901/1064/6
f 903/968/1 904/950/1 900/565/1
f 956/1138/2 793/8084/2 787/1139/2
f 958/1141/2 782/987/2 777/1142/2
f 782/1149/5 958/8086/5 962/1150/5
f 779/1152/6 963/8087/6 957/1153/6
f 963/1155/1 779/8088/1 780/1156/1
f 957/1158/3 963/8089/3 962/1159/3
f 793/1149/5 956/8086/5 967/1150/5
f 789/1152/6 968/8087/6 955/1153/6
f 968/1172/1 789/8093/1 790/1173/1
f 955/1175/3 968/8094/3 967/1176/3
f 986/1060/5 985/8072/5 984/1061/5
f 984/981/2 985/1156/2 988/982/2
f 990/1063/6 989/8073/6 987/1064/6
f 986/987/1 983/8064/1 989/988/1
f 1486/1840/5 1485/8197/5 1484/1841/5
f 1485/1843/2 1486/8198/2 1488/1844/2
f 1490/1846/6 1489/8199/6 1487/1847/6
f 1484/1861/1 1489/8200/1 1490/1328/1
f 1588/2031/1 1587/2093/1 1586/2032/1
f 1592/2038/6 1591/2052/6 1590/2039/6
f 1596/2046/5 1595/8208/5 1594/2047/5
f 1595/2049/2 1596/8209/2 1598/2050/2
f 1600/2039/6 1599/2040/6 1597/2038/6
f 1594/2065/1 1599/8210/1 1600/1322/1
f 1591/2090/2 1592/2121/2 1614/2091/2
f 1613/2046/5 1614/8208/5 1616/2047/5
f 1615/2032/1 1616/2033/1 1589/2031/1
f 1585/2112/5 1586/8211/5 1626/2113/5
f 1587/2115/6 1588/8212/6 1628/2116/6
f 1626/2092/2 1627/2090/2 1628/2121/2
f 1664/2145/5 1663/8214/5 1662/2146/5
f 1664/2148/2 1661/8215/2 1666/2149/2
f 1665/2151/6 1666/8216/6 1668/2152/6
f 1667/2165/1 1668/8217/1 1662/2166/1
f 1754/2269/5 1753/2291/5 1752/2270/5
f 1752/2165/2 1753/8217/2 1756/2166/2
f 1758/2272/6 1757/8221/6 1755/2273/6
f 1757/2148/1 1758/8215/1 1754/2149/1
f 1770/2291/5 1769/2270/5 1768/2271/5
f 1769/2148/2 1770/8215/2 1772/2149/2
f 1774/2272/6 1773/8221/6 1771/2273/6
f 1773/2165/1 1774/8217/1 1767/2166/1
f 1844/2373/2 1846/1981/2 1845/2374/2
f 1843/2380/5 1845/8229/5 1850/2381/5
f 1852/2391/6 1853/8232/6 1846/2392/6
f 1853/2400/1 1852/8233/1 1849/1896/1
f 1952/2475/2 1953/8237/2 1965/2476/2
f 1993/2501/2 1992/8239/2 1991/2502/2
f 1985/2506/2 1994/8240/2 1997/8241/2
f 1997/8241/2 1996/2504/2 1985/2506/2
f 2001/2507/2 2000/8242/2 1999/2508/2
f 2005/2510/2 2004/8243/2 2003/2511/2
f 2008/2513/2 2007/8244/2 2006/2514/2
f 2283/2820/4 2282/8290/4 2281/2821/4
f 2287/2823/4 2286/8291/4 2285/2824/4
f 2291/2826/4 2290/8292/4 2289/2827/4
f 2295/2829/4 2294/8293/4 2293/2830/4
f 2061/2832/1 2058/8294/1 2282/2833/1
f 2057/2835/1 2054/8295/1 2286/2836/1
f 2048/2832/1 2046/8294/1 2290/2833/1
f 2045/2835/1 2042/8295/1 2294/2836/1
f 2288/2841/2 2289/8296/2 2043/2842/2
f 2292/2844/2 2293/8297/2 2040/2845/2
f 2045/2847/5 2295/2985/5 2292/2718/5
f 2040/2849/6 2293/8298/6 2294/2850/6
f 2048/2847/5 2291/2985/5 2288/2718/5
f 2043/2849/6 2289/8298/6 2290/2850/6
f 2059/2569/6 2281/2574/6 2282/2851/6
f 2057/2853/5 2287/8299/5 2284/2780/5
f 2055/2569/6 2285/2574/6 2286/2851/6
f 2061/2853/5 2283/8299/5 2280/2780/5
f 2359/3009/4 2362/8326/4 2361/3010/4
f 2426/2841/2 2425/8296/2 2350/2842/2
f 2428/2844/2 2427/8297/2 2348/2845/2
f 2425/3193/4 2426/8353/4 2280/2822/4
f 2427/3194/4 2428/8354/4 2284/2825/4
f 2059/2569/6 2350/8355/6 2425/3195/6
f 2284/2780/5 2428/8356/5 2351/3196/5
f 2055/2569/6 2348/8355/6 2427/3195/6
f 2280/2780/5 2426/8356/5 2352/3196/5
f 2803/3660/2 2799/8384/2 2798/8385/2
f 2807/3658/2 2797/8386/2 2796/3659/2
f 2803/3660/2 2798/8385/2 2807/3658/2
f 2833/3677/2 2810/8387/2 2809/8388/2
f 2809/8388/2 2812/3675/2 2833/3677/2
f 2840/3683/2 2816/8389/2 2813/3681/2
f 2813/3681/2 2814/8390/2 2860/3682/2
f 2860/3682/2 2815/8391/2 2840/3683/2
f 2820/3688/2 2819/8392/2 2839/3684/2
f 2839/3684/2 2858/3686/2 2820/3688/2
f 2845/3696/2 2824/8393/2 2821/3692/2
f 2821/3692/2 2856/3694/2 2845/3696/2
f 2844/3699/2 2826/8394/2 2825/8395/2
f 2825/8395/2 2828/3697/2 2844/3699/2
f 2805/3705/2 2831/8396/2 2829/8397/2
f 2829/8397/2 2830/3703/2 2805/3705/2
f 2834/3769/2 2867/8400/2 2866/8401/2
f 2866/8401/2 2869/3767/2 2834/3769/2
f 2873/3785/5 2879/8404/5 2878/8405/5
f 2878/8405/5 2882/3783/5 2873/3785/5
f 2883/3796/5 2889/8407/5 2888/8408/5
f 2888/8408/5 2892/3794/5 2883/3796/5
f 2932/3831/5 2910/8410/5 2909/8411/5
f 2930/3829/5 2908/8412/5 2907/3830/5
f 2932/3831/5 2909/8411/5 2930/3829/5
f 2933/3834/5 2912/8413/5 2911/8414/5
f 2911/8414/5 2902/3832/5 2933/3834/5
f 2938/3840/5 2917/8415/5 2900/3836/5
f 2900/3836/5 2915/3838/5 2938/3840/5
f 2898/3845/5 2920/8416/5 2939/3841/5
f 2939/3841/5 2918/3843/5 2898/3845/5
f 2944/3852/5 2925/8417/5 2895/3848/5
f 2895/3848/5 2923/3850/5 2944/3852/5
f 2947/287/5 2928/8418/5 2894/8419/5
f 2945/3853/5 2927/8420/5 2926/286/5
f 2947/287/5 2894/8419/5 2945/3853/5
f 3676/4582/4 3679/2751/4 3678/1379/4
f 3681/4586/4 3683/8449/4 3682/1382/4
f 3690/4595/4 3693/8451/4 3692/4596/4
f 3695/4599/4 3697/8452/4 3696/4600/4
f 4172/5194/4 4171/8490/4 4170/5195/4
f 4176/5197/4 4175/8491/4 4174/5198/4
f 4194/5215/4 4193/8494/4 4191/5216/4
f 4198/5220/4 4196/8495/4 4195/5221/4
f 4206/5232/4 4205/8497/4 4203/5233/4
f 4210/2189/4 4208/8498/4 4207/5236/4
f 4222/5253/4 4220/8500/4 4218/4114/4
f 4226/5256/4 4224/8501/4 4223/4120/4
f 4236/5270/4 4234/8503/4 4232/5271/4
f 4240/2958/4 4238/2959/4 4237/5274/4
f 4169/5284/2 4170/8504/2 4249/5285/2
f 4173/5287/2 4174/8505/2 4251/5288/2
f 4311/5375/1 4310/5740/1 4309/5376/1
f 4315/546/1 4314/8516/1 4313/5378/1
f 4319/497/1 4318/8517/1 4317/5380/1
f 4451/5512/5 4450/8541/5 4449/5513/5
f 4455/5518/5 4454/8543/5 4453/5519/5
f 4459/5524/5 4458/8545/5 4457/5525/5
f 4463/5530/6 4462/8547/6 4461/5531/6
f 4467/5536/6 4466/8549/6 4465/5537/6
f 4471/5542/6 4470/8551/6 4469/5543/6
f 4450/5548/4 4451/8553/4 4460/5549/4
f 4454/5550/4 4455/8554/4 4464/3420/4
f 4458/5552/4 4459/8555/4 4468/5553/4
f 4457/5555/2 4458/8556/2 4469/5556/2
f 4471/5562/1 4468/8558/1 4459/5563/1
f 4453/5555/2 4454/8556/2 4465/5556/2
f 4467/5562/1 4464/8558/1 4455/5563/1
f 4449/5555/2 4450/8556/2 4461/5556/2
f 4463/5562/1 4460/8558/1 4451/5563/1
f 4056/2636/2 4475/8586/2 4474/8587/2
f 4474/8587/2 4472/5620/2 4056/2636/2
f 4477/5625/2 4479/8588/2 4478/5626/2
f 4031/5633/1 4480/8591/1 4481/8592/1
f 4481/8592/1 4483/5631/1 4031/5633/1
f 4485/5636/1 4487/8593/1 4486/5637/1
f 4032/2636/2 4491/8586/2 4490/8587/2
f 4490/8587/2 4488/5620/2 4032/2636/2
f 4493/5625/2 4495/8588/2 4494/5626/2
f 3999/5633/1 4496/8591/1 4497/8592/1
f 4497/8592/1 4499/5631/1 3999/5633/1
f 4501/5636/1 4503/8593/1 4502/5637/1
f 4080/2636/2 4507/8586/2 4506/8587/2
f 4506/8587/2 4504/5620/2 4080/2636/2
f 4509/5625/2 4511/8588/2 4510/5626/2
f 4055/5633/1 4512/8591/1 4513/8592/1
f 4513/8592/1 4515/5631/1 4055/5633/1
f 4517/5636/1 4519/8593/1 4518/5637/1
f 4520/5687/6 4318/5698/6 4319/5688/6
f 4308/5692/5 4309/8607/5 4522/5693/5
f 4303/5697/6 4525/8608/6 4310/5698/6
f 4523/5702/3 4527/8609/3 4303/8610/3
f 4303/8610/3 4311/5700/3 4523/5702/3
f 4529/5687/6 4314/5698/6 4315/5688/6
f 4316/5692/5 4317/8607/5 4531/5693/5
f 4521/5713/3 4319/8615/3 4316/8616/3
f 4316/8616/3 4532/5711/3 4521/5713/3
f 4312/5692/5 4313/8607/5 4534/5722/5
f 4530/5726/3 4315/8620/3 4312/8621/3
f 4312/8621/3 4305/5724/3 4530/5726/3
f 4549/5740/1 4551/5375/1 4550/5741/1
f 4555/5746/1 4557/8625/1 4556/5747/1
f 4562/5756/6 4548/8627/6 4550/5757/6
f 4557/5760/5 4555/8628/5 4564/5761/5
f 4565/5765/3 4566/8629/3 4544/8630/3
f 4544/8630/3 4556/5763/3 4565/5765/3
f 4551/5760/5 4549/8628/5 4568/5761/5
f 4563/5776/3 4550/8635/3 4551/8636/3
f 4551/8636/3 4569/5774/3 4563/5776/3
f 4574/497/2 4572/8517/2 4573/5785/2
f 4581/5799/5 4577/8641/5 4578/5800/5
f 4539/5801/1 4538/499/1 4581/5802/1
f 4539/5803/3 4588/8642/3 4578/5804/3
f 4594/5808/1 4592/8646/1 4596/632/1
f 4596/5822/5 4592/8651/5 4572/5823/5
f 4595/5828/3 4596/8652/3 4574/8653/3
f 4574/8653/3 4575/5826/3 4595/5828/3
f 4603/5808/1 4601/8646/1 4605/632/1
f 4605/5839/5 4601/8658/5 4608/5840/5
f 4604/5844/3 4605/8659/3 4600/8660/3
f 4600/8660/3 4540/5842/3 4604/5844/3
f 4783/6133/5 4790/8697/5 4789/8698/5
f 4789/8698/5 4792/6131/5 4783/6133/5
f 4797/6139/5 4804/8700/5 4803/8701/5
f 4803/8701/5 4806/6137/5 4797/6139/5
f 4815/6148/5 4822/8704/5 4821/8705/5
f 4821/8705/5 4824/6146/5 4815/6148/5
f 5280/6622/5 5275/6617/5 5301/6619/5
f 5301/6619/5 5283/6620/5 5280/6622/5
f 5264/6623/5 5285/6621/5 5283/6620/5
f 5282/6629/5 5270/6625/5 5305/6626/5
f 5305/6626/5 5287/6627/5 5282/6629/5
f 5259/6630/5 5289/6628/5 5287/6627/5
f 5247/6634/6 5268/8729/6 5293/8730/6
f 5293/8730/6 5292/6632/6 5247/6634/6
f 5292/6632/6 5294/8731/6 5278/6635/6
f 5253/6638/6 5263/8732/6 5297/8733/6
f 5297/8733/6 5296/6636/6 5253/6638/6
f 5296/6636/6 5298/8734/6 5273/6639/6
f 5300/6640/3 5292/6649/3 5293/6641/3
f 5283/6644/3 5301/6645/3 5300/6640/3
f 5300/6640/3 5299/6642/3 5283/6644/3
f 5309/6647/3 5302/8735/3 5300/6640/3
f 5300/6640/3 5301/6645/3 5309/6647/3
f 5300/6640/3 5302/8735/3 5294/6648/3
f 5304/6650/3 5296/6659/3 5297/6651/3
f 5287/6654/3 5305/6655/3 5304/6650/3
f 5304/6650/3 5303/6652/3 5287/6654/3
f 5307/6657/3 5306/8736/3 5304/6650/3
f 5304/6650/3 5305/6655/3 5307/6657/3
f 5304/6650/3 5306/8736/3 5298/6658/3
f 5271/6662/2 5273/8737/2 5298/8738/2
f 5298/8738/2 5306/6660/2 5271/6662/2
f 5308/6634/2 5307/6661/2 5288/6663/2
f 5262/6665/1 5259/8739/1 5290/6666/1
f 5262/6665/1 5303/6667/1 5297/6668/1
f 5276/6662/2 5278/8737/2 5294/8738/2
f 5294/8738/2 5302/6660/2 5276/6662/2
f 5310/6634/2 5309/6661/2 5284/6663/2
f 5267/6665/1 5264/8739/1 5286/6666/1
f 5267/6665/1 5299/6667/1 5293/6668/1
f 5353/6629/5 5348/6625/5 5366/6626/5
f 5366/6626/5 5354/6627/5 5353/6629/5
f 5341/6630/5 5356/6628/5 5354/6627/5
f 5336/6638/6 5345/8732/6 5360/8733/6
f 5360/8733/6 5359/6636/6 5336/6638/6
f 5359/6636/6 5361/8734/6 5350/6639/6
f 5367/6724/2 5363/6725/2 5362/6727/2
f 5349/6722/2 5350/8748/2 5361/6723/2
f 5367/6724/2 5362/6727/2 5349/6722/2
f 5363/6725/2 5355/8749/2 5348/6726/2
f 5364/6728/1 5344/6732/1 5341/6729/1
f 5364/6728/1 5360/8750/1 5345/6731/1
f 5359/6733/3 5360/8751/3 5364/6734/3
f 5354/6737/3 5366/6738/3 5365/6735/3
f 5365/6735/3 5364/6734/3 5354/6737/3
f 5363/6740/3 5367/6741/3 5365/6735/3
f 5365/6735/3 5366/6738/3 5363/6740/3
f 5359/6733/3 5365/6735/3 5367/6741/3
usemtl cyan_1
f 938/1117/3 918/1118/3 921/1119/3
f 953/1134/1 918/1135/1 937/1136/1
f 938/1178/2 919/1179/2 969/1180/2
f 938/1183/6 953/1184/6 937/1185/6
f 938/1117/3 937/8078/3 918/1118/3
f 953/1134/1 794/8082/1 918/1135/1
f 938/1178/2 921/8095/2 919/1179/2
f 938/1183/6 969/8096/6 953/1184/6
usemtl blue_1
f 942/1121/3 930/1122/3 933/1123/3
f 959/1144/6 930/1145/6 941/1146/6
f 942/1161/5 785/1162/5 966/1163/5
f 942/1169/2 959/1170/2 941/1171/2
f 1797/2317/2 1799/2318/2 1796/2319/2
f 942/1121/3 941/8079/3 930/1122/3
f 959/1144/6 932/8085/6 930/1145/6
f 942/1161/5 933/8090/5 785/1162/5
f 942/1169/2 966/8092/2 959/1170/2
f 1797/2317/2 1800/8223/2 1799/2318/2
usemtl blood_1
f 946/1125/3 922/1126/3 927/1127/3
f 961/1144/6 922/1145/6 945/1146/6
f 946/1161/5 928/1162/5 964/1163/5
f 946/1164/2 961/1165/2 945/1166/2
f 1787/2301/5 1789/2302/5 1786/2303/5
f 3729/4636/5 3727/4637/5 3726/4638/5
f 3728/4639/4 3731/4640/4 3730/4641/4
f 3733/4642/6 3730/4643/6 3731/4644/6
f 3732/4667/3 3726/4668/3 3727/4669/3
f 3728/4678/2 3732/4679/2 3727/4680/2
f 946/1125/3 945/8081/3 922/1126/3
f 961/1144/6 781/8085/6 922/1145/6
f 946/1161/5 927/8090/5 928/1162/5
f 946/1164/2 964/8091/2 961/1165/2
f 1787/2301/5 1790/8222/5 1789/2302/5
f 3729/4636/5 3728/8455/5 3727/4637/5
f 3728/4639/4 3729/8456/4 3731/4640/4
f 3733/4642/6 3732/8457/6 3730/4643/6
f 3732/4667/3 3733/8463/3 3726/4668/3
f 3728/4678/2 3730/8464/2 3732/4679/2
usemtl fullbright_9
f 1141/1475/2 1081/1476/2 1084/1477/2
f 1138/1478/2 1079/1479/2 1087/1480/2
f 1137/1481/2 1077/1482/2 1080/1483/2
f 1078/1484/2 1135/1485/2 1143/1486/2
f 1133/1487/2 1073/1488/2 1076/1489/2
f 1061/1490/6 1138/1491/6 1064/1492/6
f 1057/1490/6 1136/1491/6 1060/1492/6
f 1053/1490/6 1134/1491/6 1056/1492/6
f 1055/1493/5 1076/1494/5 1054/1495/5
f 1051/1490/6 1132/1491/6 1052/1492/6
f 1059/1493/5 1078/1494/5 1058/1495/5
f 1063/1493/5 1080/1494/5 1062/1495/5
f 1065/1490/6 1140/1491/6 1068/1492/6
f 1067/1493/5 1082/1494/5 1066/1495/5
f 1071/1493/5 1084/1494/5 1070/1495/5
f 1103/1499/6 1163/1500/6 1162/1501/6
f 1101/1502/6 1147/1503/6 1160/1504/6
f 1147/1503/6 1101/1502/6 1092/1505/6
f 1100/1506/6 1159/1507/6 1158/1508/6
f 1098/1509/6 1148/1510/6 1157/1511/6
f 1097/1512/6 1156/1513/6 1155/1514/6
f 1039/1539/1 1160/1540/1 1042/1541/1
f 1031/1539/1 1157/1540/1 1034/1541/1
f 1033/1543/2 1099/1544/2 1032/1545/2
f 1027/1539/1 1155/1540/1 1030/1541/1
f 1035/1539/1 1158/1540/1 1038/1541/1
f 1037/1543/2 1091/1544/2 1036/1545/2
f 1041/1543/2 1102/1544/2 1040/1545/2
f 1043/1539/1 1162/1540/1 1046/1541/1
f 1045/1543/2 1104/1544/2 1044/1545/2
f 1049/1543/2 1105/1544/2 1048/1545/2
f 3018/3965/2 3021/3966/2 3017/3967/2
f 3614/4527/2 3616/4528/2 3613/4529/2
f 3762/4712/2 3758/4713/2 3761/4714/2
f 3806/4791/5 3809/4792/5 3805/4793/5
f 1141/1475/2 1140/8143/2 1081/1476/2
f 1087/1480/2 1082/8144/2 1139/8145/2
f 1139/8145/2 1138/1478/2 1087/1480/2
f 1137/1481/2 1136/8146/2 1077/1482/2
f 1143/1486/2 1134/8147/2 1075/8148/2
f 1075/8148/2 1078/1484/2 1143/1486/2
f 1133/1487/2 1132/8149/2 1073/1488/2
f 1061/1490/6 1079/8150/6 1138/1491/6
f 1057/1490/6 1077/8150/6 1136/1491/6
f 1053/1490/6 1075/8150/6 1134/1491/6
f 1055/1493/5 1133/8151/5 1076/1494/5
f 1051/1490/6 1073/8150/6 1132/1491/6
f 1059/1493/5 1135/8151/5 1078/1494/5
f 1063/1493/5 1137/8151/5 1080/1494/5
f 1065/1490/6 1081/8150/6 1140/1491/6
f 1067/1493/5 1139/8151/5 1082/1494/5
f 1071/1493/5 1141/8151/5 1084/1494/5
f 1103/1499/6 1105/8152/6 1163/1500/6
f 1092/1505/6 1104/8153/6 1161/8154/6
f 1161/8154/6 1147/1503/6 1092/1505/6
f 1100/1506/6 1102/8155/6 1159/1507/6
f 1098/1509/6 1091/8156/6 1148/1510/6
f 1097/1512/6 1099/8157/6 1156/1513/6
f 1039/1539/1 1101/8158/1 1160/1540/1
f 1031/1539/1 1098/8158/1 1157/1540/1
f 1033/1543/2 1156/8159/2 1099/1544/2
f 1027/1539/1 1097/8158/1 1155/1540/1
f 1035/1539/1 1100/8158/1 1158/1540/1
f 1037/1543/2 1148/8159/2 1091/1544/2
f 1041/1543/2 1159/8159/2 1102/1544/2
f 1043/1539/1 1103/8158/1 1162/1540/1
f 1045/1543/2 1161/8159/2 1104/1544/2
f 1049/1543/2 1163/8159/2 1105/1544/2
f 3018/3965/2 3022/8426/2 3021/3966/2
f 3614/4527/2 3617/8448/2 3616/4528/2
f 3762/4712/2 3760/8468/2 3758/4713/2
f 3806/4791/5 3810/8476/5 3809/4792/5
usemtl fullbright_3
f 3012/3958/2 3015/3959/2 3011/3960/2
f 3595/4508/2 3597/4509/2 3594/4510/2
f 3784/4752/5 3787/4753/5 3783/4754/5
f 3012/3958/2 3016/8425/2 3015/3959/2
f 3595/4508/2 3598/8446/2 3597/4509/2
f 3784/4752/5 3788/8475/5 3787/4753/5
usemtl 128_honey_2
f 5380/6754/27 5378/6755/27 5377/6756/27
f 5382/6757/28 5385/6758/28 5384/6759/28
f 5388/6760/29 5386/6761/29 5389/6762/29
f 5381/6763/30 5382/6764/30 5622/6765/30
f 5380/6766/31 5391/6767/31 5379/6768/31
f 5395/6769/32 5393/6770/32 5392/6771/32
f 5393/6772/33 5396/6773/33 5392/6774/33
f 5377/6775/34 5398/6776/34 5399/6777/34
f 5385/6778/35 5400/6779/35 5384/6780/35
f 5400/6781/36 5386/6782/36 5387/6783/36
f 5394/6784/37 5395/6785/37 5402/6786/37
f 5399/6787/38 5398/6788/38 5662/6789/38
f 5397/7080/81 5534/7081/81 5399/7082/81
f 5535/7092/49 5393/7093/49 5542/7094/49
f 5551/7108/47 5393/7109/47 5394/7110/47
f 5389/7111/46 5551/7112/46 5394/7113/46
f 5389/7114/41 5553/7115/41 5552/7116/41
f 5534/7117/50 5377/7118/50 5399/7119/50
f 5562/7136/52 5386/7137/52 5401/7138/52
f 5554/7139/48 5563/7140/48 5569/7141/48
f 5570/7155/72 5569/7156/72 5563/7157/72
f 5570/7155/72 5572/7158/72 5571/7159/72
f 5390/7160/72 5380/7161/72 5569/7156/72
f 5385/7175/53 5578/7176/53 5579/7177/53
f 5381/7178/45 5390/7179/45 5571/7180/45
f 5385/7182/77 5562/7183/77 5401/7184/77
f 5583/7185/88 5553/7186/88 5582/7187/88
f 5584/7188/62 5552/7189/62 5583/7190/62
f 5542/7191/71 5584/7192/71 5585/7193/71
f 5585/7194/74 5535/7195/74 5542/7196/74
f 5535/7197/76 5587/7198/76 5534/7199/76
f 5554/7200/75 5587/7201/75 5588/7202/75
f 5563/7209/73 5588/7210/73 5593/7211/73
f 5553/7217/54 5596/7218/54 5582/7219/54
f 5579/7220/55 5598/7221/55 5597/7222/55
f 5579/7223/78 5596/7224/78 5562/7225/78
f 5578/7226/92 5599/7227/92 5598/7228/92
f 5599/7233/68 5572/7234/68 5570/7235/68
f 5623/7274/87 5391/7275/87 5622/7276/87
f 5378/7331/82 5651/7332/82 5675/7333/82
f 5623/7343/86 5379/7344/86 5391/7345/86
f 5378/7349/84 5656/7350/84 5651/7351/84
f 5662/7353/83 5650/7354/83 5663/7355/83
f 5672/7365/107 5669/7366/107 5612/7367/107
f 5670/7368/108 5672/7369/108 5673/7370/108
f 5650/7371/109 5675/7372/109 5674/7373/109
f 5671/7374/110 5670/7375/110 5673/7376/110
f 5623/7386/112 5683/7387/112 5682/7388/112
f 5676/7389/113 5678/7390/113 5656/7391/113
f 5651/7392/114 5678/7393/114 5680/7394/114
f 5651/7395/109 5680/7396/109 5681/7397/109
f 5674/7373/109 5681/7397/109 5685/7405/109
f 5674/7406/110 5685/7407/110 5671/7374/110
f 5687/7408/117 5604/7409/117 5686/7410/117
f 5696/7423/112 5682/7388/112 5693/7424/112
f 5682/7427/120 5696/7428/120 5676/7389/120
f 5687/7429/121 5694/7430/121 5698/7431/121
f 5683/7387/122 5624/7432/122 5698/7433/122
f 5699/7434/123 5614/7435/123 5603/7436/123
f 5402/7437/124 5395/7438/124 5701/7439/124
f 5700/7440/123 5610/7441/123 5614/7435/123
f 5612/7367/107 5610/7442/107 5700/7443/107
f 5701/7444/107 5703/7445/107 5672/7365/107
f 5673/7370/108 5703/7446/108 5704/7447/108
f 5701/7448/89 5392/7449/89 5703/7450/89
f 5663/7451/110 5673/7376/110 5704/7452/110
f 5396/7453/79 5703/7454/79 5392/7455/79
f 5663/7355/80 5396/7456/80 5662/7353/80
f 5384/7457/125 5400/7458/125 5705/7459/125
f 5384/7457/125 5705/7459/125 5707/7460/125
f 5709/7461/126 5708/7462/126 5705/7463/126
f 5709/7464/127 5388/7465/127 5710/7466/127
f 5622/7276/87 5382/7467/87 5383/7468/87
f 5383/7468/87 5706/7469/87 5711/7470/87
f 5708/7471/117 5601/7472/117 5604/7409/117
f 5388/7473/124 5702/7474/124 5710/7475/124
f 5707/7476/121 5687/7429/121 5698/7431/121
f 5603/7436/123 5601/7477/123 5708/7478/123
f 5710/7479/123 5702/7480/123 5699/7434/123
f 5624/7432/112 5711/7481/112 5698/7433/112
f 5380/6754/27 5379/8754/27 5378/6755/27
f 5384/6759/28 5383/8755/28 5382/6757/28
f 5382/6757/28 5381/8756/28 5385/6758/28
f 5388/6760/29 5387/8757/29 5386/6761/29
f 5622/6765/91 5391/8758/91 5390/8759/91
f 5390/8759/30 5381/6763/30 5622/6765/30
f 5380/6766/31 5390/8760/31 5391/6767/31
f 5395/6769/32 5394/8761/32 5393/6770/32
f 5393/6772/33 5397/8762/33 5396/6773/33
f 5377/6775/34 5378/8763/34 5398/6776/34
f 5385/6778/35 5401/8764/35 5400/6779/35
f 5400/6781/36 5401/8765/36 5386/6782/36
f 5402/6786/37 5388/8766/37 5389/8767/37
f 5389/8767/37 5394/6784/37 5402/6786/37
f 5662/6789/38 5396/8768/38 5397/8769/38
f 5397/8769/38 5399/6787/38 5662/6789/38
f 5397/7080/51 5535/8847/51 5534/7081/51
f 5535/7092/49 5397/8849/49 5393/7093/49
f 5551/7108/47 5542/8851/47 5393/7109/47
f 5389/7111/46 5552/8852/46 5551/7112/46
f 5389/7114/41 5386/8853/41 5553/7115/41
f 5534/7117/50 5554/8854/50 5377/7118/50
f 5562/7136/52 5553/8857/52 5386/7137/52
f 5569/7141/48 5380/8858/48 5377/8859/48
f 5377/8859/48 5554/7139/48 5569/7141/48
f 5569/7156/72 5570/7155/72 5571/7159/72
f 5571/7159/72 5390/7160/72 5569/7156/72
f 5385/7175/53 5381/8862/53 5578/7176/53
f 5571/7180/45 5572/8863/45 5578/8864/45
f 5578/8864/45 5381/7178/45 5571/7180/45
f 5385/7182/77 5579/8865/77 5562/7183/77
f 5583/7185/88 5552/8866/88 5553/7186/88
f 5584/7188/62 5551/8867/62 5552/7189/62
f 5542/7191/71 5551/8868/71 5584/7192/71
f 5585/7194/74 5586/8869/74 5535/7195/74
f 5535/7197/76 5586/8870/76 5587/7198/76
f 5554/7200/75 5534/8871/75 5587/7201/75
f 5563/7209/73 5554/8872/73 5588/7210/73
f 5553/7217/54 5562/8873/54 5596/7218/54
f 5579/7220/55 5578/8874/55 5598/7221/55
f 5579/7223/78 5597/8875/78 5596/7224/78
f 5578/7226/57 5572/8876/57 5599/7227/57
f 5570/7235/68 5563/8877/68 5593/8878/68
f 5593/8878/68 5599/7233/68 5570/7235/68
f 5622/7276/87 5624/8887/87 5683/8888/87
f 5683/8888/87 5623/7274/87 5622/7276/87
f 5675/7333/82 5650/8896/82 5398/8897/82
f 5398/8897/82 5378/7331/82 5675/7333/82
f 5623/7343/86 5656/8898/86 5379/7344/86
f 5378/7349/84 5379/8900/84 5656/7350/84
f 5662/7353/80 5398/8901/80 5650/7354/80
f 5670/7368/108 5669/8904/108 5672/7369/108
f 5673/7376/110 5663/7451/110 5650/8905/110
f 5650/8905/110 5674/7406/110 5673/7376/110
f 5674/7406/110 5671/7374/110 5673/7376/110
f 5656/7391/113 5623/8906/113 5682/7427/113
f 5682/7427/113 5676/7389/113 5656/7391/113
f 5651/7392/114 5656/8907/114 5678/7393/114
f 5681/7397/109 5674/7373/109 5675/7372/109
f 5675/7372/109 5651/7395/109 5681/7397/109
f 5687/7429/121 5686/8912/121 5694/7430/121
f 5698/7433/112 5694/8913/112 5693/7424/112
f 5693/7424/122 5682/7388/122 5698/7433/122
f 5682/7388/112 5683/7387/112 5698/7433/112
f 5701/7439/124 5700/8914/124 5702/7474/124
f 5702/7474/124 5402/7437/124 5701/7439/124
f 5614/7435/123 5699/7434/123 5700/7440/123
f 5699/7434/123 5702/7480/123 5700/7440/123
f 5672/7365/107 5612/7367/107 5701/7444/107
f 5612/7367/107 5700/7443/107 5701/7444/107
f 5673/7370/108 5672/7369/108 5703/7446/108
f 5701/7448/89 5395/8915/89 5392/7449/89
f 5396/7453/79 5704/8916/79 5703/7454/79
f 5663/7355/83 5704/8917/83 5396/7456/83
f 5707/7460/125 5706/8918/125 5383/8919/125
f 5383/8919/125 5384/7457/125 5707/7460/125
f 5705/7463/126 5400/8920/126 5387/8921/126
f 5387/8921/126 5709/7461/126 5705/7463/126
f 5709/7464/127 5387/8922/127 5388/7465/127
f 5624/8887/87 5622/7276/87 5711/7470/87
f 5622/7276/87 5383/7468/87 5711/7470/87
f 5604/7409/117 5687/7408/117 5705/8923/117
f 5687/7408/117 5707/8924/117 5705/8923/117
f 5705/8923/117 5708/7471/117 5604/7409/117
f 5388/7473/124 5402/7437/124 5702/7474/124
f 5698/7431/121 5711/8925/121 5706/8926/121
f 5706/8926/121 5707/7476/121 5698/7431/121
f 5699/7434/123 5603/7436/123 5708/7478/123
f 5708/7478/123 5709/8927/123 5699/7434/123
f 5709/8927/123 5710/7479/123 5699/7434/123
usemtl 128_brown_2
f 5408/6790/39 5404/6791/39 5403/6792/39
f 5405/6793/39 5408/6790/39 5407/6794/39
f 5412/6795/40 5411/6796/40 5410/6797/40
f 5409/6798/40 5414/6799/40 5413/6800/40
f 5413/6804/42 5405/6805/42 5412/6806/42
f 5420/6807/43 5403/6808/43 5404/6809/43
f 5413/6810/44 5414/6811/44 5421/6812/44
f 5603/7236/93 5602/7237/93 5601/7238/93
f 5602/7237/94 5604/7239/94 5601/7238/94
f 5649/7240/95 5602/7237/95 5620/7241/95
f 5607/7242/95 5609/7243/95 5410/7244/95
f 5609/7243/95 5607/7242/95 5645/7245/95
f 5612/7246/96 5611/7247/96 5610/7248/96
f 5614/7249/96 5611/7247/96 5665/7250/96
f 5615/7251/96 5643/7252/96 5613/7253/96
f 5619/7254/96 5665/7250/96 5655/7255/96
f 5421/7256/96 5414/7257/96 5409/7258/96
f 5617/7259/96 5644/7260/96 5616/7261/96
f 5644/7260/97 5617/7259/97 5618/7262/97
f 5621/7263/98 5615/7264/98 5618/7265/98
f 5615/7264/98 5621/7263/98 5606/7266/98
f 5617/7267/98 5409/7268/98 5410/7269/98
f 5617/7267/98 5410/7269/98 5609/7270/98
f 5620/7271/98 5602/7272/98 5614/7273/98
f 5628/7277/99 5626/7278/99 5641/7279/99
f 5625/7280/99 5629/7281/99 5642/7282/99
f 5627/7283/99 5640/7284/99 5626/7278/99
f 5629/7281/99 5625/7280/99 5408/7285/99
f 5633/7286/100 5632/7287/100 5648/7288/100
f 5659/7289/100 5635/7290/100 5647/7291/100
f 5632/7287/101 5633/7286/101 5639/7292/101
f 5637/7293/100 5406/7294/100 5407/7295/100
f 5640/7296/102 5639/7297/102 5633/7298/102
f 5638/7299/102 5641/7300/102 5626/7301/102
f 5641/7300/102 5638/7299/102 5634/7302/102
f 5407/7303/102 5408/7304/102 5625/7305/102
f 5652/7306/102 5636/7307/102 5639/7297/102
f 5642/7308/103 5644/7309/103 5613/7310/103
f 5644/7309/103 5642/7308/103 5629/7311/103
f 5420/7312/103 5421/7313/103 5616/7314/103
f 5648/7315/104 5605/7316/104 5645/7317/104
f 5605/7316/104 5648/7315/104 5632/7318/104
f 5637/7319/104 5607/7320/104 5608/7321/104
f 5607/7320/104 5637/7319/104 5631/7322/104
f 5647/7323/104 5649/7324/104 5646/7325/104
f 5406/7326/105 5637/7327/105 5608/7328/105
f 5608/7328/105 5411/7329/105 5412/7330/105
f 5658/7334/102 5652/7306/102 5630/7335/102
f 5628/7336/103 5655/7337/103 5654/7338/103
f 5666/7339/99 5653/7340/99 5630/7341/99
f 5627/7283/99 5628/7277/99 5654/7342/99
f 5652/7306/102 5658/7334/102 5660/7346/102
f 5636/7347/101 5657/7348/101 5659/7289/101
f 5658/7334/102 5661/7352/102 5660/7346/102
f 5654/7338/103 5665/7356/103 5664/7357/103
f 5654/7342/99 5664/7358/99 5666/7339/99
f 5667/7359/103 5664/7357/103 5665/7356/103
f 5669/7360/103 5665/7356/103 5611/7361/103
f 5667/7359/103 5669/7360/103 5670/7362/103
f 5671/7363/106 5668/7364/106 5670/7362/106
f 5660/7346/102 5653/7377/102 5677/7378/102
f 5691/7379/111 5678/7380/111 5676/7381/111
f 5660/7346/102 5678/7380/102 5689/7382/102
f 5680/7383/102 5677/7378/102 5679/7384/102
f 5681/7385/102 5680/7383/102 5679/7384/102
f 5677/7398/115 5681/7399/115 5679/7400/115
f 5653/7340/99 5666/7339/99 5664/7358/99
f 5664/7358/99 5667/7401/99 5685/7402/99
f 5684/7403/116 5671/7404/116 5685/7402/116
f 5635/7411/104 5688/7412/104 5686/7413/104
f 5690/7414/101 5688/7415/101 5635/7290/101
f 5659/7289/101 5689/7416/101 5635/7290/101
f 5697/7417/100 5695/7418/100 5689/7416/100
f 5694/7419/118 5688/7412/118 5692/7420/118
f 5694/7419/119 5692/7420/119 5693/7421/119
f 5690/7414/101 5692/7422/101 5688/7415/101
f 5695/7418/101 5697/7417/101 5696/7425/101
f 5697/7417/101 5676/7426/101 5696/7425/101
f 5407/6794/39 5406/8770/39 5405/6793/39
f 5405/6793/39 5404/6791/39 5408/6790/39
f 5413/6800/40 5412/6795/40 5410/6797/40
f 5410/6797/40 5409/6798/40 5413/6800/40
f 5413/6804/42 5404/8773/42 5405/6805/42
f 5421/6812/43 5420/6807/43 5404/6809/43
f 5404/6809/43 5413/6810/43 5421/6812/43
f 5602/7237/95 5649/7240/95 5604/7239/95
f 5620/7241/95 5606/8879/95 5646/8880/95
f 5606/8879/95 5605/8881/95 5646/8880/95
f 5646/8880/95 5649/7240/95 5620/7241/95
f 5410/7244/95 5411/8882/95 5608/8883/95
f 5608/8883/95 5607/7242/95 5410/7244/95
f 5645/7245/95 5605/8881/95 5621/8884/95
f 5605/8881/95 5606/8879/95 5621/8884/95
f 5621/8884/95 5609/7243/95 5645/7245/95
f 5614/7249/138 5610/7248/138 5611/7247/138
f 5619/7254/96 5614/7249/96 5665/7250/96
f 5655/7255/96 5643/7252/96 5619/7254/96
f 5643/7252/96 5615/7251/96 5619/7254/96
f 5409/7258/96 5617/7259/96 5616/7261/96
f 5616/7261/97 5421/7256/97 5409/7258/97
f 5618/7262/97 5615/7251/97 5613/7253/97
f 5613/7253/96 5644/7260/96 5618/7262/96
f 5606/7266/98 5620/7271/98 5619/8885/98
f 5619/8885/98 5615/7264/98 5606/7266/98
f 5609/7270/98 5621/7263/98 5618/7265/98
f 5618/7265/98 5617/7267/98 5609/7270/98
f 5614/7273/98 5619/8885/98 5620/7271/98
f 5602/7272/139 5603/8886/139 5614/7273/139
f 5628/7277/99 5627/7283/99 5626/7278/99
f 5642/7282/99 5628/7277/99 5641/7279/99
f 5641/7279/99 5625/7280/99 5642/7282/99
f 5627/7283/99 5630/7341/99 5640/7284/99
f 5408/7285/99 5403/8889/99 5420/8890/99
f 5420/8890/99 5629/7281/99 5408/7285/99
f 5648/7288/101 5631/8891/101 5634/8892/101
f 5634/8892/100 5638/8893/100 5648/7288/100
f 5638/8893/101 5633/7286/101 5648/7288/101
f 5639/7292/100 5636/7347/100 5659/7289/100
f 5659/7289/101 5647/7291/101 5639/7292/101
f 5647/7291/101 5632/7287/101 5639/7292/101
f 5407/7295/100 5634/8892/100 5631/8891/100
f 5631/8891/101 5637/7293/101 5407/7295/101
f 5626/7301/102 5640/7296/102 5633/7298/102
f 5633/7298/102 5638/7299/102 5626/7301/102
f 5625/7305/102 5641/7300/102 5634/7302/102
f 5634/7302/102 5407/7303/102 5625/7305/102
f 5639/7297/102 5640/7296/102 5630/7335/102
f 5630/7335/102 5652/7306/102 5639/7297/102
f 5613/7310/103 5643/8894/103 5628/7336/103
f 5628/7336/103 5642/7308/103 5613/7310/103
f 5616/7314/103 5644/7309/103 5629/7311/103
f 5629/7311/103 5420/7312/103 5616/7314/103
f 5632/7318/104 5647/7323/104 5646/7325/104
f 5646/7325/104 5605/7316/104 5632/7318/104
f 5631/7322/104 5648/7315/104 5645/7317/104
f 5645/7317/104 5607/7320/104 5631/7322/104
f 5647/7323/104 5635/7411/104 5649/7324/104
f 5412/7330/105 5405/8895/105 5406/7326/105
f 5406/7326/105 5608/7328/105 5412/7330/105
f 5630/7335/102 5653/7377/102 5661/7352/102
f 5661/7352/102 5658/7334/102 5630/7335/102
f 5628/7336/103 5643/8894/103 5655/7337/103
f 5654/7342/99 5666/7339/99 5630/7341/99
f 5630/7341/99 5627/7283/99 5654/7342/99
f 5660/7346/102 5657/8899/102 5636/7307/102
f 5636/7307/102 5652/7306/102 5660/7346/102
f 5654/7338/103 5655/7337/103 5665/7356/103
f 5611/7361/140 5612/8902/140 5669/7360/140
f 5669/7360/103 5667/7359/103 5665/7356/103
f 5670/7362/141 5668/7364/141 5684/8903/141
f 5684/8903/140 5667/7359/140 5670/7362/140
f 5660/7346/102 5661/7352/102 5653/7377/102
f 5689/7382/102 5657/8899/102 5660/7346/102
f 5660/7346/102 5677/7378/102 5678/7380/102
f 5678/7380/102 5691/7379/102 5689/7382/102
f 5680/7383/102 5678/7380/102 5677/7378/102
f 5677/7398/99 5685/7402/99 5681/7399/99
f 5667/7401/99 5684/7403/99 5685/7402/99
f 5685/7402/99 5677/7398/99 5653/7340/99
f 5653/7340/99 5664/7358/99 5685/7402/99
f 5684/7403/142 5668/8908/142 5671/7404/142
f 5686/7413/104 5604/8909/104 5649/7324/104
f 5649/7324/104 5635/7411/104 5686/7413/104
f 5657/7348/101 5689/7416/101 5659/7289/101
f 5689/7416/101 5690/7414/101 5635/7290/101
f 5689/7416/101 5691/8910/101 5697/7417/101
f 5695/7418/101 5690/7414/101 5689/7416/101
f 5694/7419/118 5686/7413/118 5688/7412/118
f 5690/7414/100 5695/7418/100 5692/7422/100
f 5696/7425/143 5693/8911/143 5692/7422/143
f 5692/7422/100 5695/7418/100 5696/7425/100
f 5697/7417/143 5691/8910/143 5676/7426/143
usemtl 128_green_1
f 5416/6801/41 5419/6802/41 5418/6803/41
f 5422/6813/45 5424/6814/45 5423/6815/45
f 5425/6816/45 5426/6817/45 5424/6814/45
f 5415/6818/46 5429/6819/46 5428/6820/46
f 5431/6821/47 5430/6822/47 5786/6823/47
f 5435/6824/48 5434/6825/48 5480/6826/48
f 5437/6827/49 5436/6828/49 5782/6829/49
f 5432/6830/50 5433/6831/50 5475/6832/50
f 5438/6833/51 5439/6834/51 5476/6835/51
f 5419/6836/52 5440/6837/52 5418/6838/52
f 5443/6839/53 5442/6840/53 5773/6841/53
f 5418/6842/54 5440/6843/54 5444/6844/54
f 5418/6842/54 5444/6844/54 5446/6845/54
f 5423/6846/55 5447/6847/55 5443/6848/55
f 5444/6849/56 5447/6850/56 5449/6851/56
f 5448/6852/57 5423/6853/57 5424/6854/57
f 5446/6855/58 5444/6856/58 5449/6857/58
f 5447/6858/59 5448/6859/59 5449/6860/59
f 5451/6861/60 5446/6862/60 5449/6863/60
f 5449/6864/61 5448/6865/61 5450/6866/61
f 5445/6867/62 5451/6868/62 5452/6869/62
f 5452/6869/62 5429/6870/62 5416/6871/62
f 5452/6872/63 5451/6873/63 5449/6874/63
f 5449/6875/64 5450/6876/64 5453/6877/64
f 5454/6878/65 5452/6879/65 5449/6880/65
f 5449/6881/66 5453/6882/66 5455/6883/66
f 5449/6884/67 5456/6885/67 5454/6886/67
f 5450/6887/68 5435/6888/68 5453/6889/68
f 5449/6890/69 5455/6891/69 5457/6892/69
f 5449/6893/70 5457/6894/70 5456/6895/70
f 5431/6896/71 5452/6897/71 5454/6898/71
f 5426/6899/72 5427/6900/72 5487/6901/72
f 5455/6902/73 5435/6903/73 5432/6904/73
f 5431/6905/74 5456/6906/74 5437/6907/74
f 5457/6908/75 5432/6909/75 5438/6910/75
f 5457/6911/76 5437/6912/76 5456/6913/76
f 5440/6914/77 5441/6915/77 5778/6916/77
f 5444/6917/78 5443/6918/78 5447/6919/78
f 5758/6932/79 5469/6933/79 5468/6934/79
f 5471/6935/33 5468/6936/33 5472/6937/33
f 5473/6938/80 5470/6939/80 5471/6940/80
f 5439/6941/34 5475/6942/34 5474/6943/34
f 5476/6944/38 5439/6945/38 5474/6946/38
f 5473/6947/38 5471/6948/38 5472/6949/38
f 5433/6953/27 5480/6954/27 5479/6955/27
f 5483/6956/82 5482/6957/82 5481/6958/82
f 5756/6959/83 5470/6939/83 5473/6938/83
f 5474/6943/34 5483/6960/34 5481/6961/34
f 5483/6960/34 5474/6943/34 5475/6942/34
f 5473/6947/38 5474/6946/38 5481/6962/38
f 5434/6966/31 5487/6967/31 5486/6968/31
f 5490/6969/84 5489/6970/84 5488/6971/84
f 5434/6972/27 5486/6973/27 5489/6974/27
f 5489/6974/27 5490/6975/27 5479/6955/27
f 5488/6976/85 5753/6977/85 5483/6956/85
f 5479/6978/34 5490/6979/34 5483/6960/34
f 5427/6986/30 5425/6987/30 5495/6988/30
f 5487/6967/31 5427/6989/31 5495/6990/31
f 5497/6991/31 5496/6992/31 5486/6968/31
f 5496/6993/86 5512/6994/86 5498/6995/86
f 5525/6996/84 5488/6971/84 5489/6970/84
f 5486/6973/27 5496/6997/27 5489/6974/27
f 5509/7013/30 5495/6988/30 5508/7014/30
f 5510/7015/87 5509/7016/87 5508/7017/87
f 5497/6991/31 5495/6990/31 5509/7018/31
f 5510/7019/86 5497/7020/86 5509/7021/86
f 5512/6994/86 5524/7025/86 5498/6995/86
f 5498/6995/86 5524/7025/86 5523/7049/86
f 5522/7050/84 5526/7051/84 5525/6996/84
f 5526/7052/82 5522/7053/82 5521/7054/82
f 5510/7015/87 5529/7058/87 5528/7059/87
f 5523/7049/86 5533/7060/86 5527/7061/86
f 5533/7060/86 5523/7049/86 5524/7025/86
f 5523/7062/84 5527/7063/84 5522/7050/84
f 5528/7059/87 5531/7073/87 5532/7074/87
f 5528/7075/86 5532/7076/86 5533/7060/86
f 5533/7060/86 5532/7076/86 5527/7061/86
f 5514/7591/125 5530/7592/125 5750/7593/125
f 5751/7594/125 5750/7593/125 5530/7592/125
f 5531/7595/128 5511/7596/128 5752/7597/128
f 5529/7058/87 5531/7073/87 5528/7059/87
f 5488/6971/84 5525/6996/84 5526/7051/84
f 5521/7054/82 5754/7598/82 5753/6977/82
f 5754/7599/83 5521/7600/83 5520/7601/83
f 5520/7602/79 5519/7603/79 5755/7604/79
f 5482/6957/82 5753/6977/82 5754/7598/82
f 5756/6959/80 5482/7605/80 5754/7599/80
f 5519/7606/89 5518/7607/89 5757/7608/89
f 5519/7603/79 5757/7609/79 5758/6932/79
f 5756/6959/80 5755/7610/80 5470/6939/80
f 5518/7611/124 5517/7612/124 5759/7613/124
f 5518/7607/89 5759/7614/89 5760/7615/89
f 5758/6932/79 5757/7609/79 5469/6933/79
f 5515/7616/126 5513/7617/126 5761/7618/126
f 5763/7619/124 5762/7620/124 5759/7613/124
f 5763/7619/124 5759/7613/124 5517/7612/124
f 5759/7614/89 5762/7621/89 5760/7615/89
f 5764/7622/125 5514/7591/125 5750/7593/125
f 5514/7623/126 5764/7624/126 5767/7625/126
f 5752/7597/128 5765/7626/128 5751/7627/128
f 5761/7628/124 5768/7629/124 5763/7619/124
f 5764/7622/125 5765/7630/125 5769/7631/125
f 5422/7632/28 5773/7633/28 5772/7634/28
f 5774/7635/125 5765/7630/125 5771/7636/125
f 5771/7637/128 5765/7626/128 5752/7597/128
f 5422/7638/30 5508/7014/30 5425/6987/30
f 5508/7017/87 5770/7639/87 5511/7640/87
f 5774/7641/131 5771/7642/131 5772/7643/131
f 5772/7634/28 5773/7633/28 5442/7644/28
f 5775/7645/125 5769/7631/125 5774/7635/125
f 5764/7624/126 5776/7646/126 5767/7625/126
f 5772/7643/35 5442/7647/35 5778/7648/35
f 5777/7649/131 5775/7650/131 5774/7641/131
f 5775/7651/36 5777/7652/36 5776/7653/36
f 5780/7654/130 5469/7655/130 5760/7615/130
f 5779/7656/32 5780/7657/32 5781/7658/32
f 5468/6934/79 5469/6933/79 5779/7659/79
f 5436/7660/33 5781/7661/33 5782/7662/33
f 5781/7661/33 5436/7660/33 5472/6937/33
f 5476/6944/38 5472/6949/38 5436/7663/38
f 5785/7664/37 5784/7665/37 5783/7666/37
f 5763/7619/124 5768/7629/124 5785/7667/124
f 5762/7621/89 5783/7668/89 5780/7654/89
f 5781/7658/32 5786/7669/32 5430/7670/32
f 5786/7669/32 5781/7658/32 5780/7657/32
f 5782/7662/132 5781/7661/132 5430/7671/132
f 5419/7672/29 5415/7673/29 5787/7674/29
f 5789/7675/126 5766/7676/126 5767/7625/126
f 5415/7677/37 5428/7678/37 5784/7665/37
f 5787/7679/124 5785/7667/124 5768/7629/124
f 5786/7669/32 5784/7680/32 5428/7681/32
f 5777/7649/35 5778/7648/35 5441/7682/35
f 5419/7683/133 5776/7653/133 5777/7652/133
f 5418/6803/41 5417/8771/41 5416/6801/41
f 5416/6801/41 5415/8772/41 5419/6802/41
f 5422/6813/45 5425/6816/45 5424/6814/45
f 5425/6816/45 5427/8774/45 5426/6817/45
f 5415/6818/46 5416/8775/46 5429/6819/46
f 5786/6823/47 5428/8776/47 5429/8777/47
f 5429/8777/47 5431/6821/47 5786/6823/47
f 5480/6826/48 5433/8778/48 5432/8779/48
f 5432/8779/48 5435/6824/48 5480/6826/48
f 5782/6829/49 5430/8780/49 5431/8781/49
f 5431/8781/49 5437/6827/49 5782/6829/49
f 5475/6832/134 5439/8782/134 5438/8783/134
f 5438/8783/50 5432/6830/50 5475/6832/50
f 5476/6835/81 5436/8784/81 5437/8785/81
f 5437/8785/51 5438/6833/51 5476/6835/51
f 5419/6836/52 5441/8786/52 5440/6837/52
f 5773/6841/53 5422/8787/53 5423/8788/53
f 5423/8788/53 5443/6839/53 5773/6841/53
f 5445/8789/54 5417/8790/54 5446/6845/54
f 5417/8790/54 5418/6842/54 5446/6845/54
f 5423/6846/55 5448/8791/55 5447/6847/55
f 5424/6854/57 5426/8792/57 5450/8793/57
f 5450/8793/57 5448/6852/57 5424/6854/57
f 5451/6861/60 5445/8794/60 5446/6862/60
f 5416/6871/62 5417/8795/62 5445/6867/62
f 5445/6867/62 5452/6869/62 5416/6871/62
f 5450/6887/68 5426/8796/68 5435/6888/68
f 5431/6896/71 5429/8797/71 5452/6897/71
f 5487/6901/72 5434/8798/72 5435/8799/72
f 5435/8799/72 5426/6899/72 5487/6901/72
f 5455/6902/73 5453/8800/73 5435/6903/73
f 5431/6905/74 5454/8801/74 5456/6906/74
f 5457/6908/75 5455/8802/75 5432/6909/75
f 5457/6911/76 5438/8803/76 5437/6912/76
f 5778/6916/77 5442/8804/77 5443/8805/77
f 5443/8805/77 5440/6914/77 5778/6916/77
f 5444/6917/78 5440/8806/78 5443/6918/78
f 5468/6934/79 5471/8814/79 5470/8815/79
f 5470/8815/79 5758/6932/79 5468/6934/79
f 5472/6949/38 5476/6944/38 5473/6947/38
f 5476/6944/38 5474/6946/38 5473/6947/38
f 5473/6938/83 5481/8817/83 5482/7605/83
f 5482/7605/83 5756/6959/83 5473/6938/83
f 5475/6942/34 5433/8818/34 5479/6978/34
f 5479/6978/34 5483/6960/34 5475/6942/34
f 5480/6954/27 5434/6972/27 5479/6955/27
f 5434/6972/27 5489/6974/27 5479/6955/27
f 5483/6956/82 5490/8821/82 5488/6976/82
f 5753/6977/82 5482/6957/82 5483/6956/82
f 5486/6968/31 5487/6967/31 5497/6991/31
f 5487/6967/31 5495/6990/31 5497/6991/31
f 5496/6993/86 5497/7020/86 5512/6994/86
f 5489/6970/84 5496/8823/84 5498/8824/84
f 5498/8824/84 5525/6996/84 5489/6970/84
f 5508/7017/87 5511/7640/87 5529/7058/87
f 5529/7058/87 5510/7015/87 5508/7017/87
f 5510/7019/86 5512/6994/86 5497/7020/86
f 5512/6994/86 5510/7019/86 5524/7025/86
f 5525/6996/84 5498/8824/84 5523/7062/84
f 5523/7062/84 5522/7050/84 5525/6996/84
f 5524/7025/86 5510/7019/86 5528/7075/86
f 5528/7075/86 5533/7060/86 5524/7025/86
f 5752/7597/128 5751/7627/128 5530/8940/128
f 5530/8940/128 5531/7595/128 5752/7597/128
f 5529/7058/87 5511/7640/87 5531/7073/87
f 5753/6977/82 5488/6976/82 5526/7052/82
f 5526/7052/82 5521/7054/82 5753/6977/82
f 5754/7599/80 5520/7601/80 5756/6959/80
f 5520/7601/83 5755/7610/83 5756/6959/83
f 5758/6932/79 5470/8815/79 5755/7604/79
f 5755/7604/79 5519/7603/79 5758/6932/79
f 5760/7615/89 5469/7655/89 5757/7608/89
f 5757/7608/89 5518/7607/89 5760/7615/89
f 5517/7612/124 5515/8941/124 5761/7628/124
f 5761/7628/124 5763/7619/124 5517/7612/124
f 5750/7593/125 5751/7594/125 5765/7630/125
f 5765/7630/125 5764/7622/125 5750/7593/125
f 5767/7625/126 5766/7676/126 5513/7617/126
f 5766/7676/126 5761/7618/126 5513/7617/126
f 5513/7617/126 5514/7623/126 5767/7625/126
f 5761/7628/124 5766/8942/124 5768/7629/124
f 5771/8943/28 5770/8944/28 5772/7634/28
f 5770/8944/28 5422/7632/28 5772/7634/28
f 5774/7635/144 5769/7631/144 5765/7630/144
f 5752/7597/128 5511/7596/128 5770/8945/128
f 5770/8945/128 5771/7637/128 5752/7597/128
f 5770/8946/30 5508/7014/30 5422/7638/30
f 5508/7014/30 5495/6988/30 5425/6987/30
f 5775/7645/125 5764/7622/125 5769/7631/125
f 5764/7624/126 5775/8947/126 5776/7646/126
f 5774/7641/131 5772/7643/131 5778/7648/131
f 5778/7648/35 5777/7649/35 5774/7641/35
f 5760/7615/89 5762/7621/89 5780/7654/89
f 5780/7654/89 5779/8948/89 5469/7655/89
f 5472/6937/33 5468/6936/33 5781/7661/33
f 5468/6936/33 5779/8949/33 5781/7661/33
f 5785/7667/124 5783/8950/124 5762/7620/124
f 5762/7620/124 5763/7619/124 5785/7667/124
f 5780/7657/32 5783/8951/32 5784/7680/32
f 5784/7680/32 5786/7669/32 5780/7657/32
f 5787/7674/29 5789/8952/29 5788/8953/29
f 5788/8953/29 5419/7672/29 5787/7674/29
f 5767/7625/126 5776/7646/126 5788/8954/126
f 5788/8954/126 5789/7675/126 5767/7625/126
f 5784/7665/37 5785/7664/37 5415/7677/37
f 5785/7664/37 5787/8955/37 5415/7677/37
f 5768/7629/124 5766/8942/124 5789/8956/124
f 5789/8956/124 5787/7679/124 5768/7629/124
f 5777/7652/36 5441/8957/36 5419/7683/36
f 5419/7683/36 5788/8958/36 5776/7653/36
usemtl 128_gold_1
f 5461/6920/41 5460/6921/41 5745/6922/41
f 5545/6923/46 5461/6924/46 5463/6925/46
f 5464/6926/47 5463/6927/47 5465/6928/47
f 5467/6929/49 5464/6930/49 5465/6931/49
f 5466/6950/81 5477/6951/81 5478/6952/81
f 5492/6963/50 5478/6964/50 5477/6965/50
f 5560/6980/48 5485/6981/48 5492/6982/48
f 5560/6980/48 5491/6983/48 5494/6984/48
f 5491/6983/48 5492/6982/48 5484/6985/48
f 5458/6998/52 5459/6999/52 5500/7000/52
f 5574/7001/53 5503/7002/53 5502/7003/53
f 5505/7004/53 5504/7005/53 5734/7006/53
f 5501/7007/77 5499/7008/77 5739/7009/77
f 5502/7010/45 5503/7011/45 5565/7012/45
f 5506/7022/72 5507/7023/72 5556/7024/72
f 5458/7026/54 5514/7027/54 5513/7028/54
f 5517/7029/88 5516/7030/88 5515/7031/88
f 5458/7032/88 5513/7033/88 5515/7031/88
f 5463/7034/62 5461/7035/62 5516/7036/62
f 5518/7037/71 5465/7038/71 5463/7039/71
f 5520/7040/74 5465/7041/74 5519/7042/74
f 5467/7043/76 5521/7044/76 5477/7045/76
f 5484/7046/75 5521/7047/75 5522/7048/75
f 5527/7055/73 5494/7056/73 5491/7057/73
f 5505/7064/55 5531/7065/55 5530/7066/55
f 5514/7067/78 5505/7068/78 5530/7069/78
f 5532/7070/57 5502/7071/57 5506/7072/57
f 5494/7077/68 5532/7078/68 5506/7079/68
f 5538/7083/79 5537/7084/79 5536/7085/79
f 5541/7086/82 5540/7087/82 5539/7088/82
f 5541/7089/80 5539/7090/80 5721/7091/80
f 5545/7095/37 5543/7096/37 5546/7097/37
f 5549/7098/89 5548/7099/89 5547/7100/89
f 5550/7101/32 5547/7102/32 5548/7103/32
f 5537/7084/79 5538/7083/79 5723/7104/79
f 5537/7105/90 5547/7106/90 5550/7107/90
f 5493/7120/31 5556/7121/31 5555/7122/31
f 5559/7123/84 5558/7124/84 5557/7125/84
f 5561/7126/27 5558/7127/27 5559/7128/27
f 5555/7129/27 5561/7126/27 5560/7130/27
f 5557/7131/82 5718/7132/82 5540/7087/82
f 5561/7133/34 5559/7134/34 5540/7135/34
f 5507/7142/30 5565/7143/30 5564/7144/30
f 5556/7121/31 5507/7145/31 5564/7146/31
f 5567/7147/31 5566/7148/31 5555/7122/31
f 5566/7149/86 5567/7150/86 5568/7151/86
f 5568/7152/84 5591/7153/84 5558/7124/84
f 5555/7129/27 5566/7154/27 5558/7127/27
f 5574/7162/28 5573/7163/28 5503/7164/28
f 5565/7143/91 5503/7165/91 5573/7166/91
f 5575/7167/30 5576/7168/30 5564/7144/30
f 5576/7169/87 5581/7170/87 5577/7171/87
f 5567/7147/31 5564/7146/31 5576/7172/31
f 5577/7173/86 5590/7174/86 5567/7150/86
f 5581/7170/87 5595/7181/87 5577/7171/87
f 5568/7151/86 5590/7174/86 5589/7203/86
f 5588/7204/84 5592/7205/84 5591/7153/84
f 5592/7206/82 5588/7207/82 5587/7208/82
f 5577/7171/87 5595/7181/87 5594/7212/87
f 5589/7203/86 5600/7213/86 5593/7214/86
f 5600/7213/86 5589/7203/86 5590/7174/86
f 5589/7215/84 5593/7216/84 5588/7204/84
f 5594/7212/87 5598/7229/87 5599/7230/87
f 5594/7231/86 5599/7232/86 5600/7213/86
f 5600/7213/86 5599/7232/86 5593/7214/86
f 5596/7482/125 5597/7483/125 5712/7484/125
f 5713/7485/125 5712/7484/125 5597/7483/125
f 5598/7486/128 5580/7487/128 5714/7488/128
f 5595/7181/87 5598/7229/87 5594/7212/87
f 5715/7489/125 5596/7482/125 5712/7484/125
f 5713/7485/125 5717/7490/125 5716/7491/125
f 5582/7492/126 5596/7493/126 5715/7494/126
f 5714/7488/129 5717/7495/129 5713/7496/129
f 5557/7125/84 5591/7153/84 5592/7205/84
f 5587/7208/82 5719/7497/82 5718/7132/82
f 5719/7498/80 5587/7499/80 5586/7500/80
f 5586/7501/79 5585/7502/79 5720/7503/79
f 5539/7088/82 5718/7132/82 5719/7497/82
f 5721/7091/83 5539/7090/83 5719/7498/83
f 5584/7504/89 5722/7505/89 5585/7506/89
f 5585/7502/79 5722/7507/79 5723/7104/79
f 5721/7091/80 5720/7508/80 5538/7509/80
f 5583/7510/124 5724/7511/124 5584/7512/124
f 5584/7504/89 5724/7513/89 5725/7514/89
f 5723/7104/79 5722/7507/79 5549/7515/79
f 5715/7489/125 5716/7491/125 5726/7516/125
f 5715/7494/126 5727/7517/126 5582/7492/126
f 5582/7518/127 5728/7519/127 5583/7520/127
f 5728/7521/124 5724/7511/124 5583/7510/124
f 5724/7513/130 5729/7522/130 5725/7514/130
f 5716/7491/125 5730/7523/125 5726/7516/125
f 5734/7524/28 5733/7525/28 5732/7526/28
f 5732/7526/28 5731/7527/28 5573/7163/28
f 5735/7528/125 5717/7490/125 5732/7529/125
f 5732/7530/128 5717/7495/128 5714/7488/128
f 5575/7167/30 5573/7166/30 5731/7531/30
f 5575/7532/87 5580/7533/87 5581/7170/87
f 5735/7534/131 5732/7535/131 5733/7536/131
f 5733/7525/28 5734/7524/28 5504/7537/28
f 5736/7538/125 5730/7523/125 5735/7528/125
f 5726/7539/126 5737/7540/126 5727/7517/126
f 5733/7536/131 5504/7541/131 5739/7542/131
f 5738/7543/131 5736/7544/131 5735/7534/131
f 5736/7545/36 5738/7546/36 5737/7547/36
f 5742/7548/29 5741/7549/29 5740/7550/29
f 5740/7551/126 5727/7517/126 5737/7540/126
f 5727/7552/127 5741/7553/127 5728/7519/127
f 5738/7543/35 5739/7542/35 5499/7554/35
f 5742/7555/36 5740/7556/36 5737/7547/36
f 5500/7557/36 5737/7547/36 5738/7546/36
f 5743/7558/29 5741/7549/29 5742/7548/29
f 5459/7559/29 5745/7560/29 5744/7561/29
f 5741/7553/127 5743/7562/127 5728/7519/127
f 5743/7563/37 5744/7564/37 5746/7565/37
f 5728/7521/124 5746/7566/124 5729/7567/124
f 5459/7568/36 5742/7555/36 5500/7557/36
f 5744/7561/29 5745/7560/29 5460/7569/29
f 5546/7097/37 5747/7570/37 5746/7565/37
f 5744/7564/37 5460/7571/37 5545/7095/37
f 5746/7566/124 5747/7572/124 5729/7567/124
f 5729/7522/89 5747/7573/89 5548/7099/89
f 5548/7103/32 5747/7574/32 5546/7575/32
f 5462/7576/37 5543/7096/37 5544/7577/37
f 5543/7578/32 5464/7579/32 5550/7101/32
f 5485/7580/27 5560/7130/27 5561/7126/27
f 5748/7581/79 5536/7085/79 5537/7084/79
f 5540/7087/82 5541/7086/82 5749/7582/82
f 5466/7583/33 5748/7584/33 5537/7105/33
f 5541/7089/80 5748/7585/80 5749/7586/80
f 5478/7587/34 5561/7133/34 5540/7135/34
f 5466/7588/38 5749/7589/38 5748/7590/38
f 5745/6922/41 5459/8807/41 5458/8808/41
f 5458/8808/41 5461/6920/41 5745/6922/41
f 5463/6925/46 5462/8809/46 5544/8810/46
f 5545/6923/46 5460/8811/46 5461/6924/46
f 5463/6925/46 5544/8810/46 5545/6923/46
f 5464/6926/47 5462/8812/47 5463/6927/47
f 5467/6929/49 5466/8813/49 5464/6930/49
f 5466/6950/81 5467/8816/81 5477/6951/81
f 5477/6965/50 5484/8819/50 5492/6963/50
f 5492/6963/50 5485/8820/50 5478/6964/50
f 5494/6984/135 5493/8822/135 5560/6980/135
f 5560/6980/48 5492/6982/48 5491/6983/48
f 5500/7000/52 5499/8825/52 5501/8826/52
f 5501/8826/52 5458/6998/52 5500/7000/52
f 5734/7006/53 5574/7001/53 5502/7003/53
f 5502/7003/53 5505/7004/53 5734/7006/53
f 5739/7009/77 5504/8827/77 5505/8828/77
f 5505/8828/77 5501/7007/77 5739/7009/77
f 5565/7012/45 5507/8829/45 5506/8830/45
f 5506/8830/45 5502/7010/45 5565/7012/45
f 5556/7024/72 5493/8831/72 5494/8832/72
f 5494/8832/72 5506/7022/72 5556/7024/72
f 5458/7026/54 5501/8833/54 5514/7027/54
f 5515/7031/88 5516/7030/88 5461/8834/88
f 5461/8834/88 5458/7032/88 5515/7031/88
f 5516/7036/62 5517/8835/62 5518/8836/62
f 5518/8836/62 5463/7034/62 5516/7036/62
f 5518/7037/71 5519/8837/71 5465/7038/71
f 5520/7040/74 5467/8838/74 5465/7041/74
f 5467/7043/76 5520/8839/76 5521/7044/76
f 5484/7046/75 5477/8840/75 5521/7047/75
f 5491/7057/73 5484/8841/73 5522/8842/73
f 5522/8842/73 5527/7055/73 5491/7057/73
f 5505/7064/55 5502/8843/55 5531/7065/55
f 5514/7067/78 5501/8844/78 5505/7068/78
f 5532/7070/57 5531/8845/57 5502/7071/57
f 5494/7077/68 5527/8846/68 5532/7078/68
f 5721/7091/83 5538/7509/83 5536/8848/83
f 5536/8848/136 5541/7089/136 5721/7091/136
f 5545/7095/37 5544/7577/37 5543/7096/37
f 5548/7103/32 5546/7575/32 5550/7101/32
f 5546/7575/32 5543/7578/32 5550/7101/32
f 5723/7104/79 5549/7515/79 5537/7084/79
f 5549/7515/79 5547/8850/79 5537/7084/79
f 5560/7130/137 5493/8855/137 5555/7129/137
f 5555/7129/27 5558/7127/27 5561/7126/27
f 5540/7087/82 5559/8856/82 5557/7131/82
f 5718/7132/82 5539/7088/82 5540/7087/82
f 5555/7122/31 5556/7121/31 5567/7147/31
f 5556/7121/31 5564/7146/31 5567/7147/31
f 5558/7124/84 5566/8860/84 5568/7152/84
f 5591/7153/84 5557/7125/84 5558/7124/84
f 5564/7144/91 5565/7143/91 5575/7167/91
f 5565/7143/30 5573/7166/30 5575/7167/30
f 5576/7169/87 5575/7532/87 5581/7170/87
f 5567/7150/86 5576/8861/86 5577/7173/86
f 5590/7174/86 5568/7151/86 5567/7150/86
f 5581/7170/87 5580/7533/87 5595/7181/87
f 5591/7153/84 5568/7152/84 5589/7215/84
f 5589/7215/84 5588/7204/84 5591/7153/84
f 5590/7174/86 5577/7173/86 5594/7231/86
f 5594/7231/86 5600/7213/86 5590/7174/86
f 5714/7488/128 5713/7496/128 5597/8928/128
f 5597/8928/128 5598/7486/128 5714/7488/128
f 5595/7181/87 5580/7533/87 5598/7229/87
f 5716/7491/125 5715/7489/125 5712/7484/125
f 5712/7484/125 5713/7485/125 5716/7491/125
f 5718/7132/82 5557/7131/82 5592/7206/82
f 5592/7206/82 5587/7208/82 5718/7132/82
f 5719/7498/80 5586/7500/80 5721/7091/80
f 5586/7500/136 5720/7508/136 5721/7091/136
f 5723/7104/79 5538/7083/79 5720/7503/79
f 5720/7503/79 5585/7502/79 5723/7104/79
f 5725/7514/89 5549/7098/89 5722/7505/89
f 5722/7505/89 5584/7504/89 5725/7514/89
f 5715/7494/126 5726/7539/126 5727/7517/126
f 5582/7518/127 5727/7552/127 5728/7519/127
f 5728/7521/124 5729/7567/124 5724/7511/124
f 5716/7491/125 5717/7490/125 5730/7523/125
f 5574/7162/28 5734/7524/28 5573/7163/28
f 5734/7524/28 5732/7526/28 5573/7163/28
f 5735/7528/125 5730/7523/125 5717/7490/125
f 5714/7488/128 5580/7487/128 5731/8929/128
f 5731/8929/128 5732/7530/128 5714/7488/128
f 5575/7532/87 5731/8930/87 5580/7533/87
f 5736/7538/125 5726/7516/125 5730/7523/125
f 5726/7539/126 5736/8931/126 5737/7540/126
f 5735/7534/35 5733/7536/35 5739/7542/35
f 5739/7542/131 5738/7543/131 5735/7534/131
f 5727/7552/127 5740/8932/127 5741/7553/127
f 5738/7546/36 5499/8933/36 5500/7557/36
f 5500/7557/36 5742/7555/36 5737/7547/36
f 5744/7561/29 5743/7558/29 5742/7548/29
f 5742/7548/29 5459/7559/29 5744/7561/29
f 5728/7521/124 5743/8934/124 5746/7566/124
f 5545/7095/37 5546/7097/37 5746/7565/37
f 5746/7565/37 5744/7564/37 5545/7095/37
f 5548/7099/89 5549/7098/89 5725/7514/89
f 5725/7514/89 5729/7522/89 5548/7099/89
f 5543/7578/32 5462/8935/32 5464/7579/32
f 5550/7107/33 5464/8936/33 5537/7105/33
f 5464/8936/33 5466/7583/33 5537/7105/33
f 5541/7089/80 5536/8848/80 5748/7585/80
f 5540/7135/34 5749/8937/34 5478/7587/34
f 5478/7587/34 5485/8938/34 5561/7133/34
f 5466/7588/38 5478/8939/38 5749/7589/38
